<?xml version="1.0" encoding="UTF-8"?>
<gpx version="1.1" creator="kmz2gpx" xmlns="http://www.topografix.com/GPX/1/1">
  <metadata><name>T8 - 21 km</name></metadata>
  <wpt lat="48.453819" lon="18.63832">
    <ele>0</ele>
    <name>Začiatok trasy Trasa 1</name>
  </wpt>
  <wpt lat="48.454003" lon="18.637117">
    <ele>347</ele>
    <name>Koniec trasy Trasa 1</name>
  </wpt>
  <wpt lat="48.433389" lon="18.657164">
    <ele>0</ele>
    <name>Občerstvovačka</name>
  </wpt>
  <wpt lat="48.475614" lon="18.659272">
    <ele>0</ele>
    <name>Občerstvovačka</name>
  </wpt>
  <wpt lat="48.472249" lon="18.626099">
    <ele>0</ele>
    <name>Občerstvovačka</name>
  </wpt>
  <trk>
    <name>Trasa 1</name>
    <trkseg>
      <trkpt lat="48.453819" lon="18.63832"><ele>0</ele></trkpt>
      <trkpt lat="48.453847" lon="18.638123"><ele>360</ele></trkpt>
      <trkpt lat="48.45389" lon="18.638099"><ele>360</ele></trkpt>
      <trkpt lat="48.453916" lon="18.638082"><ele>359</ele></trkpt>
      <trkpt lat="48.45394" lon="18.638064"><ele>359</ele></trkpt>
      <trkpt lat="48.453961" lon="18.638045"><ele>357</ele></trkpt>
      <trkpt lat="48.453996" lon="18.638015"><ele>356</ele></trkpt>
      <trkpt lat="48.454034" lon="18.637974"><ele>358</ele></trkpt>
      <trkpt lat="48.454069" lon="18.637921"><ele>360</ele></trkpt>
      <trkpt lat="48.454087" lon="18.637896"><ele>360</ele></trkpt>
      <trkpt lat="48.454138" lon="18.637812"><ele>360</ele></trkpt>
      <trkpt lat="48.454161" lon="18.637779"><ele>360</ele></trkpt>
      <trkpt lat="48.454178" lon="18.637755"><ele>361</ele></trkpt>
      <trkpt lat="48.45421" lon="18.637691"><ele>361</ele></trkpt>
      <trkpt lat="48.454213" lon="18.637616"><ele>363</ele></trkpt>
      <trkpt lat="48.454208" lon="18.637537"><ele>364</ele></trkpt>
      <trkpt lat="48.454223" lon="18.637435"><ele>364</ele></trkpt>
      <trkpt lat="48.454241" lon="18.637311"><ele>364</ele></trkpt>
      <trkpt lat="48.454287" lon="18.637226"><ele>365</ele></trkpt>
      <trkpt lat="48.454359" lon="18.63718"><ele>363</ele></trkpt>
      <trkpt lat="48.454436" lon="18.637151"><ele>365</ele></trkpt>
      <trkpt lat="48.45447" lon="18.637138"><ele>365</ele></trkpt>
      <trkpt lat="48.454503" lon="18.637123"><ele>366</ele></trkpt>
      <trkpt lat="48.454582" lon="18.637082"><ele>362</ele></trkpt>
      <trkpt lat="48.454612" lon="18.637066"><ele>362</ele></trkpt>
      <trkpt lat="48.454667" lon="18.63705"><ele>362</ele></trkpt>
      <trkpt lat="48.454695" lon="18.637044"><ele>362</ele></trkpt>
      <trkpt lat="48.454728" lon="18.637033"><ele>359</ele></trkpt>
      <trkpt lat="48.45476" lon="18.637019"><ele>360</ele></trkpt>
      <trkpt lat="48.45479" lon="18.637006"><ele>360</ele></trkpt>
      <trkpt lat="48.454817" lon="18.636994"><ele>361</ele></trkpt>
      <trkpt lat="48.45484" lon="18.636983"><ele>362</ele></trkpt>
      <trkpt lat="48.454866" lon="18.636974"><ele>363</ele></trkpt>
      <trkpt lat="48.454924" lon="18.63696"><ele>364</ele></trkpt>
      <trkpt lat="48.454995" lon="18.63695"><ele>365</ele></trkpt>
      <trkpt lat="48.455048" lon="18.636927"><ele>365</ele></trkpt>
      <trkpt lat="48.455101" lon="18.636897"><ele>363</ele></trkpt>
      <trkpt lat="48.455185" lon="18.636868"><ele>362</ele></trkpt>
      <trkpt lat="48.455235" lon="18.636838"><ele>361</ele></trkpt>
      <trkpt lat="48.4553" lon="18.636778"><ele>358</ele></trkpt>
      <trkpt lat="48.455389" lon="18.636725"><ele>354</ele></trkpt>
      <trkpt lat="48.455423" lon="18.636708"><ele>354</ele></trkpt>
      <trkpt lat="48.455482" lon="18.636678"><ele>355</ele></trkpt>
      <trkpt lat="48.455511" lon="18.636662"><ele>354</ele></trkpt>
      <trkpt lat="48.455542" lon="18.636645"><ele>354</ele></trkpt>
      <trkpt lat="48.455597" lon="18.636612"><ele>355</ele></trkpt>
      <trkpt lat="48.455622" lon="18.636596"><ele>354</ele></trkpt>
      <trkpt lat="48.455646" lon="18.636579"><ele>354</ele></trkpt>
      <trkpt lat="48.455698" lon="18.636538"><ele>351</ele></trkpt>
      <trkpt lat="48.455786" lon="18.63647"><ele>348</ele></trkpt>
      <trkpt lat="48.455813" lon="18.63645"><ele>348</ele></trkpt>
      <trkpt lat="48.455869" lon="18.63641"><ele>347</ele></trkpt>
      <trkpt lat="48.455896" lon="18.636391"><ele>348</ele></trkpt>
      <trkpt lat="48.455925" lon="18.63637"><ele>349</ele></trkpt>
      <trkpt lat="48.455952" lon="18.636348"><ele>349</ele></trkpt>
      <trkpt lat="48.455978" lon="18.636324"><ele>348</ele></trkpt>
      <trkpt lat="48.455998" lon="18.636304"><ele>349</ele></trkpt>
      <trkpt lat="48.456017" lon="18.636284"><ele>349</ele></trkpt>
      <trkpt lat="48.456042" lon="18.636257"><ele>348</ele></trkpt>
      <trkpt lat="48.456133" lon="18.636177"><ele>351</ele></trkpt>
      <trkpt lat="48.456176" lon="18.636146"><ele>350</ele></trkpt>
      <trkpt lat="48.456225" lon="18.636108"><ele>350</ele></trkpt>
      <trkpt lat="48.456277" lon="18.636053"><ele>350</ele></trkpt>
      <trkpt lat="48.456314" lon="18.635993"><ele>353</ele></trkpt>
      <trkpt lat="48.45635" lon="18.635916"><ele>353</ele></trkpt>
      <trkpt lat="48.456373" lon="18.635848"><ele>351</ele></trkpt>
      <trkpt lat="48.456387" lon="18.635781"><ele>350</ele></trkpt>
      <trkpt lat="48.456386" lon="18.635662"><ele>349</ele></trkpt>
      <trkpt lat="48.456349" lon="18.635562"><ele>349</ele></trkpt>
      <trkpt lat="48.456324" lon="18.635505"><ele>352</ele></trkpt>
      <trkpt lat="48.45631" lon="18.635475"><ele>352</ele></trkpt>
      <trkpt lat="48.456291" lon="18.635438"><ele>352</ele></trkpt>
      <trkpt lat="48.456256" lon="18.635392"><ele>352</ele></trkpt>
      <trkpt lat="48.456161" lon="18.635409"><ele>356</ele></trkpt>
      <trkpt lat="48.456093" lon="18.635389"><ele>360</ele></trkpt>
      <trkpt lat="48.456057" lon="18.635316"><ele>360</ele></trkpt>
      <trkpt lat="48.455998" lon="18.635309"><ele>362</ele></trkpt>
      <trkpt lat="48.455956" lon="18.635308"><ele>364</ele></trkpt>
      <trkpt lat="48.455928" lon="18.635304"><ele>362</ele></trkpt>
      <trkpt lat="48.45589" lon="18.635299"><ele>362</ele></trkpt>
      <trkpt lat="48.455843" lon="18.635274"><ele>361</ele></trkpt>
      <trkpt lat="48.455734" lon="18.635181"><ele>362</ele></trkpt>
      <trkpt lat="48.455635" lon="18.635067"><ele>360</ele></trkpt>
      <trkpt lat="48.455581" lon="18.635025"><ele>359</ele></trkpt>
      <trkpt lat="48.45553" lon="18.634998"><ele>358</ele></trkpt>
      <trkpt lat="48.455432" lon="18.634788"><ele>356</ele></trkpt>
      <trkpt lat="48.455418" lon="18.634724"><ele>356</ele></trkpt>
      <trkpt lat="48.455403" lon="18.634657"><ele>356</ele></trkpt>
      <trkpt lat="48.455388" lon="18.634597"><ele>356</ele></trkpt>
      <trkpt lat="48.455354" lon="18.634504"><ele>357</ele></trkpt>
      <trkpt lat="48.455318" lon="18.634435"><ele>357</ele></trkpt>
      <trkpt lat="48.455263" lon="18.6343"><ele>357</ele></trkpt>
      <trkpt lat="48.455243" lon="18.634247"><ele>357</ele></trkpt>
      <trkpt lat="48.455227" lon="18.634197"><ele>357</ele></trkpt>
      <trkpt lat="48.455212" lon="18.634155"><ele>357</ele></trkpt>
      <trkpt lat="48.455198" lon="18.634123"><ele>357</ele></trkpt>
      <trkpt lat="48.455047" lon="18.634221"><ele>350</ele></trkpt>
      <trkpt lat="48.454992" lon="18.634278"><ele>350</ele></trkpt>
      <trkpt lat="48.454972" lon="18.634299"><ele>352</ele></trkpt>
      <trkpt lat="48.454924" lon="18.634342"><ele>352</ele></trkpt>
      <trkpt lat="48.454896" lon="18.634366"><ele>351</ele></trkpt>
      <trkpt lat="48.454872" lon="18.634388"><ele>352</ele></trkpt>
      <trkpt lat="48.454848" lon="18.634411"><ele>352</ele></trkpt>
      <trkpt lat="48.454825" lon="18.634432"><ele>353</ele></trkpt>
      <trkpt lat="48.454767" lon="18.634471"><ele>351</ele></trkpt>
      <trkpt lat="48.454736" lon="18.634488"><ele>351</ele></trkpt>
      <trkpt lat="48.454708" lon="18.634503"><ele>352</ele></trkpt>
      <trkpt lat="48.454683" lon="18.634518"><ele>351</ele></trkpt>
      <trkpt lat="48.454645" lon="18.634576"><ele>351</ele></trkpt>
      <trkpt lat="48.454597" lon="18.634632"><ele>351</ele></trkpt>
      <trkpt lat="48.454533" lon="18.634689"><ele>351</ele></trkpt>
      <trkpt lat="48.454502" lon="18.634712"><ele>350</ele></trkpt>
      <trkpt lat="48.454468" lon="18.634735"><ele>349</ele></trkpt>
      <trkpt lat="48.454409" lon="18.63478"><ele>349</ele></trkpt>
      <trkpt lat="48.454381" lon="18.6348"><ele>349</ele></trkpt>
      <trkpt lat="48.454354" lon="18.634821"><ele>349</ele></trkpt>
      <trkpt lat="48.454306" lon="18.634869"><ele>351</ele></trkpt>
      <trkpt lat="48.454249" lon="18.634887"><ele>351</ele></trkpt>
      <trkpt lat="48.45421" lon="18.634899"><ele>351</ele></trkpt>
      <trkpt lat="48.454169" lon="18.634912"><ele>352</ele></trkpt>
      <trkpt lat="48.454136" lon="18.634921"><ele>350</ele></trkpt>
      <trkpt lat="48.454113" lon="18.634925"><ele>351</ele></trkpt>
      <trkpt lat="48.454089" lon="18.634929"><ele>354</ele></trkpt>
      <trkpt lat="48.454064" lon="18.634934"><ele>354</ele></trkpt>
      <trkpt lat="48.454011" lon="18.634952"><ele>354</ele></trkpt>
      <trkpt lat="48.453986" lon="18.634961"><ele>355</ele></trkpt>
      <trkpt lat="48.453963" lon="18.634972"><ele>357</ele></trkpt>
      <trkpt lat="48.453935" lon="18.634981"><ele>358</ele></trkpt>
      <trkpt lat="48.453878" lon="18.634985"><ele>358</ele></trkpt>
      <trkpt lat="48.453833" lon="18.634979"><ele>357</ele></trkpt>
      <trkpt lat="48.453743" lon="18.635028"><ele>357</ele></trkpt>
      <trkpt lat="48.45369" lon="18.635085"><ele>356</ele></trkpt>
      <trkpt lat="48.453652" lon="18.63514"><ele>354</ele></trkpt>
      <trkpt lat="48.45363" lon="18.635223"><ele>353</ele></trkpt>
      <trkpt lat="48.453631" lon="18.63532"><ele>354</ele></trkpt>
      <trkpt lat="48.453633" lon="18.63536"><ele>352</ele></trkpt>
      <trkpt lat="48.453635" lon="18.6354"><ele>351</ele></trkpt>
      <trkpt lat="48.453635" lon="18.635446"><ele>352</ele></trkpt>
      <trkpt lat="48.453636" lon="18.635492"><ele>353</ele></trkpt>
      <trkpt lat="48.453634" lon="18.635537"><ele>352</ele></trkpt>
      <trkpt lat="48.453632" lon="18.635579"><ele>351</ele></trkpt>
      <trkpt lat="48.453615" lon="18.635649"><ele>351</ele></trkpt>
      <trkpt lat="48.453577" lon="18.635734"><ele>353</ele></trkpt>
      <trkpt lat="48.453534" lon="18.635808"><ele>354</ele></trkpt>
      <trkpt lat="48.453516" lon="18.63584"><ele>354</ele></trkpt>
      <trkpt lat="48.453502" lon="18.635867"><ele>353</ele></trkpt>
      <trkpt lat="48.453485" lon="18.635938"><ele>354</ele></trkpt>
      <trkpt lat="48.453492" lon="18.636052"><ele>354</ele></trkpt>
      <trkpt lat="48.453495" lon="18.63609"><ele>354</ele></trkpt>
      <trkpt lat="48.453497" lon="18.636125"><ele>354</ele></trkpt>
      <trkpt lat="48.453496" lon="18.636196"><ele>354</ele></trkpt>
      <trkpt lat="48.453493" lon="18.63624"><ele>354</ele></trkpt>
      <trkpt lat="48.453474" lon="18.636326"><ele>354</ele></trkpt>
      <trkpt lat="48.453462" lon="18.636373"><ele>355</ele></trkpt>
      <trkpt lat="48.453448" lon="18.636417"><ele>355</ele></trkpt>
      <trkpt lat="48.453423" lon="18.636486"><ele>353</ele></trkpt>
      <trkpt lat="48.453404" lon="18.636544"><ele>353</ele></trkpt>
      <trkpt lat="48.453394" lon="18.636578"><ele>352</ele></trkpt>
      <trkpt lat="48.453378" lon="18.636629"><ele>353</ele></trkpt>
      <trkpt lat="48.453365" lon="18.636702"><ele>352</ele></trkpt>
      <trkpt lat="48.45335" lon="18.636779"><ele>352</ele></trkpt>
      <trkpt lat="48.453336" lon="18.636867"><ele>353</ele></trkpt>
      <trkpt lat="48.453328" lon="18.636917"><ele>352</ele></trkpt>
      <trkpt lat="48.453321" lon="18.636978"><ele>352</ele></trkpt>
      <trkpt lat="48.453316" lon="18.63703"><ele>352</ele></trkpt>
      <trkpt lat="48.453313" lon="18.63707"><ele>351</ele></trkpt>
      <trkpt lat="48.453319" lon="18.637177"><ele>351</ele></trkpt>
      <trkpt lat="48.453306" lon="18.637275"><ele>351</ele></trkpt>
      <trkpt lat="48.45327" lon="18.637357"><ele>347</ele></trkpt>
      <trkpt lat="48.453191" lon="18.637467"><ele>345</ele></trkpt>
      <trkpt lat="48.453166" lon="18.637507"><ele>343</ele></trkpt>
      <trkpt lat="48.453145" lon="18.637544"><ele>343</ele></trkpt>
      <trkpt lat="48.453121" lon="18.637587"><ele>342</ele></trkpt>
      <trkpt lat="48.453095" lon="18.63763"><ele>342</ele></trkpt>
      <trkpt lat="48.453071" lon="18.637671"><ele>339</ele></trkpt>
      <trkpt lat="48.453046" lon="18.637705"><ele>339</ele></trkpt>
      <trkpt lat="48.452997" lon="18.637746"><ele>341</ele></trkpt>
      <trkpt lat="48.452931" lon="18.637807"><ele>337</ele></trkpt>
      <trkpt lat="48.452877" lon="18.63789"><ele>339</ele></trkpt>
      <trkpt lat="48.45286" lon="18.637917"><ele>339</ele></trkpt>
      <trkpt lat="48.452802" lon="18.637976"><ele>339</ele></trkpt>
      <trkpt lat="48.452734" lon="18.638019"><ele>338</ele></trkpt>
      <trkpt lat="48.452654" lon="18.638058"><ele>337</ele></trkpt>
      <trkpt lat="48.452594" lon="18.638078"><ele>338</ele></trkpt>
      <trkpt lat="48.45253" lon="18.638086"><ele>339</ele></trkpt>
      <trkpt lat="48.452478" lon="18.638101"><ele>339</ele></trkpt>
      <trkpt lat="48.452374" lon="18.638146"><ele>338</ele></trkpt>
      <trkpt lat="48.452341" lon="18.638159"><ele>344</ele></trkpt>
      <trkpt lat="48.452309" lon="18.63817"><ele>344</ele></trkpt>
      <trkpt lat="48.452282" lon="18.638182"><ele>343</ele></trkpt>
      <trkpt lat="48.452254" lon="18.638193"><ele>342</ele></trkpt>
      <trkpt lat="48.452201" lon="18.638215"><ele>342</ele></trkpt>
      <trkpt lat="48.452171" lon="18.638228"><ele>342</ele></trkpt>
      <trkpt lat="48.452141" lon="18.638239"><ele>343</ele></trkpt>
      <trkpt lat="48.452114" lon="18.638247"><ele>343</ele></trkpt>
      <trkpt lat="48.452089" lon="18.638255"><ele>342</ele></trkpt>
      <trkpt lat="48.452059" lon="18.638266"><ele>341</ele></trkpt>
      <trkpt lat="48.452028" lon="18.638278"><ele>341</ele></trkpt>
      <trkpt lat="48.452003" lon="18.63829"><ele>341</ele></trkpt>
      <trkpt lat="48.451965" lon="18.638311"><ele>341</ele></trkpt>
      <trkpt lat="48.451941" lon="18.638322"><ele>340</ele></trkpt>
      <trkpt lat="48.451918" lon="18.638334"><ele>340</ele></trkpt>
      <trkpt lat="48.451863" lon="18.638351"><ele>338</ele></trkpt>
      <trkpt lat="48.45183" lon="18.638361"><ele>339</ele></trkpt>
      <trkpt lat="48.451795" lon="18.63837"><ele>339</ele></trkpt>
      <trkpt lat="48.451736" lon="18.638394"><ele>337</ele></trkpt>
      <trkpt lat="48.451688" lon="18.638431"><ele>337</ele></trkpt>
      <trkpt lat="48.451636" lon="18.638489"><ele>333</ele></trkpt>
      <trkpt lat="48.451593" lon="18.638533"><ele>332</ele></trkpt>
      <trkpt lat="48.451486" lon="18.638575"><ele>330</ele></trkpt>
      <trkpt lat="48.451442" lon="18.63859"><ele>329</ele></trkpt>
      <trkpt lat="48.451389" lon="18.638628"><ele>326</ele></trkpt>
      <trkpt lat="48.451366" lon="18.638648"><ele>326</ele></trkpt>
      <trkpt lat="48.451283" lon="18.638709"><ele>320</ele></trkpt>
      <trkpt lat="48.451221" lon="18.63874"><ele>323</ele></trkpt>
      <trkpt lat="48.451158" lon="18.638761"><ele>323</ele></trkpt>
      <trkpt lat="48.45113" lon="18.638774"><ele>324</ele></trkpt>
      <trkpt lat="48.451081" lon="18.638784"><ele>322</ele></trkpt>
      <trkpt lat="48.451054" lon="18.638791"><ele>322</ele></trkpt>
      <trkpt lat="48.450987" lon="18.638827"><ele>322</ele></trkpt>
      <trkpt lat="48.450952" lon="18.638847"><ele>322</ele></trkpt>
      <trkpt lat="48.450918" lon="18.638865"><ele>322</ele></trkpt>
      <trkpt lat="48.450884" lon="18.638885"><ele>321</ele></trkpt>
      <trkpt lat="48.450845" lon="18.638909"><ele>321</ele></trkpt>
      <trkpt lat="48.450808" lon="18.638935"><ele>321</ele></trkpt>
      <trkpt lat="48.450733" lon="18.639002"><ele>322</ele></trkpt>
      <trkpt lat="48.450701" lon="18.639032"><ele>323</ele></trkpt>
      <trkpt lat="48.450645" lon="18.6391"><ele>324</ele></trkpt>
      <trkpt lat="48.450579" lon="18.639222"><ele>326</ele></trkpt>
      <trkpt lat="48.450554" lon="18.639267"><ele>326</ele></trkpt>
      <trkpt lat="48.450502" lon="18.639336"><ele>327</ele></trkpt>
      <trkpt lat="48.450472" lon="18.639382"><ele>326</ele></trkpt>
      <trkpt lat="48.450446" lon="18.639418"><ele>336</ele></trkpt>
      <trkpt lat="48.450419" lon="18.639451"><ele>334</ele></trkpt>
      <trkpt lat="48.450396" lon="18.639478"><ele>332</ele></trkpt>
      <trkpt lat="48.45035" lon="18.639496"><ele>332</ele></trkpt>
      <trkpt lat="48.450306" lon="18.639538"><ele>332</ele></trkpt>
      <trkpt lat="48.450257" lon="18.639592"><ele>333</ele></trkpt>
      <trkpt lat="48.4502" lon="18.63963"><ele>333</ele></trkpt>
      <trkpt lat="48.450174" lon="18.639652"><ele>333</ele></trkpt>
      <trkpt lat="48.450137" lon="18.639685"><ele>334</ele></trkpt>
      <trkpt lat="48.450113" lon="18.639708"><ele>333</ele></trkpt>
      <trkpt lat="48.45005" lon="18.639768"><ele>334</ele></trkpt>
      <trkpt lat="48.450014" lon="18.639817"><ele>334</ele></trkpt>
      <trkpt lat="48.449967" lon="18.639842"><ele>332</ele></trkpt>
      <trkpt lat="48.44994" lon="18.639855"><ele>333</ele></trkpt>
      <trkpt lat="48.449875" lon="18.6399"><ele>339</ele></trkpt>
      <trkpt lat="48.449852" lon="18.639915"><ele>338</ele></trkpt>
      <trkpt lat="48.449802" lon="18.639934"><ele>335</ele></trkpt>
      <trkpt lat="48.449724" lon="18.639946"><ele>334</ele></trkpt>
      <trkpt lat="48.449683" lon="18.639956"><ele>333</ele></trkpt>
      <trkpt lat="48.44963" lon="18.639956"><ele>336</ele></trkpt>
      <trkpt lat="48.449603" lon="18.639954"><ele>338</ele></trkpt>
      <trkpt lat="48.449556" lon="18.639964"><ele>338</ele></trkpt>
      <trkpt lat="48.449533" lon="18.639966"><ele>338</ele></trkpt>
      <trkpt lat="48.449475" lon="18.639978"><ele>338</ele></trkpt>
      <trkpt lat="48.44945" lon="18.639983"><ele>338</ele></trkpt>
      <trkpt lat="48.449411" lon="18.639995"><ele>338</ele></trkpt>
      <trkpt lat="48.449359" lon="18.640018"><ele>337</ele></trkpt>
      <trkpt lat="48.449336" lon="18.640025"><ele>337</ele></trkpt>
      <trkpt lat="48.449306" lon="18.640032"><ele>336</ele></trkpt>
      <trkpt lat="48.449272" lon="18.640038"><ele>337</ele></trkpt>
      <trkpt lat="48.449242" lon="18.640045"><ele>338</ele></trkpt>
      <trkpt lat="48.449214" lon="18.640053"><ele>338</ele></trkpt>
      <trkpt lat="48.449115" lon="18.640069"><ele>341</ele></trkpt>
      <trkpt lat="48.449065" lon="18.640098"><ele>342</ele></trkpt>
      <trkpt lat="48.449024" lon="18.640131"><ele>346</ele></trkpt>
      <trkpt lat="48.448972" lon="18.64015"><ele>347</ele></trkpt>
      <trkpt lat="48.448899" lon="18.640187"><ele>349</ele></trkpt>
      <trkpt lat="48.448872" lon="18.640202"><ele>348</ele></trkpt>
      <trkpt lat="48.448824" lon="18.640241"><ele>349</ele></trkpt>
      <trkpt lat="48.448783" lon="18.640287"><ele>349</ele></trkpt>
      <trkpt lat="48.448754" lon="18.640316"><ele>350</ele></trkpt>
      <trkpt lat="48.4487" lon="18.640359"><ele>352</ele></trkpt>
      <trkpt lat="48.448662" lon="18.640412"><ele>352</ele></trkpt>
      <trkpt lat="48.448635" lon="18.640444"><ele>352</ele></trkpt>
      <trkpt lat="48.448592" lon="18.640481"><ele>353</ele></trkpt>
      <trkpt lat="48.448548" lon="18.640526"><ele>354</ele></trkpt>
      <trkpt lat="48.448501" lon="18.640559"><ele>353</ele></trkpt>
      <trkpt lat="48.448446" lon="18.640592"><ele>353</ele></trkpt>
      <trkpt lat="48.448388" lon="18.640632"><ele>353</ele></trkpt>
      <trkpt lat="48.448368" lon="18.640648"><ele>353</ele></trkpt>
      <trkpt lat="48.448347" lon="18.640663"><ele>352</ele></trkpt>
      <trkpt lat="48.448291" lon="18.640715"><ele>350</ele></trkpt>
      <trkpt lat="48.448263" lon="18.640742"><ele>348</ele></trkpt>
      <trkpt lat="48.448203" lon="18.640773"><ele>344</ele></trkpt>
      <trkpt lat="48.44816" lon="18.640754"><ele>350</ele></trkpt>
      <trkpt lat="48.448114" lon="18.640762"><ele>347</ele></trkpt>
      <trkpt lat="48.448062" lon="18.640713"><ele>347</ele></trkpt>
      <trkpt lat="48.448044" lon="18.640691"><ele>345</ele></trkpt>
      <trkpt lat="48.447996" lon="18.640667"><ele>345</ele></trkpt>
      <trkpt lat="48.447943" lon="18.640723"><ele>347</ele></trkpt>
      <trkpt lat="48.447906" lon="18.64076"><ele>349</ele></trkpt>
      <trkpt lat="48.447845" lon="18.640786"><ele>351</ele></trkpt>
      <trkpt lat="48.447801" lon="18.640811"><ele>353</ele></trkpt>
      <trkpt lat="48.447749" lon="18.640833"><ele>354</ele></trkpt>
      <trkpt lat="48.44771" lon="18.640853"><ele>356</ele></trkpt>
      <trkpt lat="48.447657" lon="18.640859"><ele>356</ele></trkpt>
      <trkpt lat="48.447632" lon="18.640861"><ele>356</ele></trkpt>
      <trkpt lat="48.447594" lon="18.640862"><ele>355</ele></trkpt>
      <trkpt lat="48.44757" lon="18.640863"><ele>356</ele></trkpt>
      <trkpt lat="48.447522" lon="18.640872"><ele>356</ele></trkpt>
      <trkpt lat="48.447471" lon="18.640883"><ele>355</ele></trkpt>
      <trkpt lat="48.447445" lon="18.640889"><ele>356</ele></trkpt>
      <trkpt lat="48.447409" lon="18.640902"><ele>355</ele></trkpt>
      <trkpt lat="48.447368" lon="18.640911"><ele>353</ele></trkpt>
      <trkpt lat="48.447338" lon="18.640916"><ele>355</ele></trkpt>
      <trkpt lat="48.447292" lon="18.64094"><ele>356</ele></trkpt>
      <trkpt lat="48.447198" lon="18.640984"><ele>354</ele></trkpt>
      <trkpt lat="48.447172" lon="18.640995"><ele>354</ele></trkpt>
      <trkpt lat="48.44711" lon="18.641012"><ele>354</ele></trkpt>
      <trkpt lat="48.447064" lon="18.641031"><ele>355</ele></trkpt>
      <trkpt lat="48.447033" lon="18.641093"><ele>358</ele></trkpt>
      <trkpt lat="48.447057" lon="18.641164"><ele>359</ele></trkpt>
      <trkpt lat="48.447096" lon="18.641223"><ele>360</ele></trkpt>
      <trkpt lat="48.447163" lon="18.641285"><ele>363</ele></trkpt>
      <trkpt lat="48.447231" lon="18.641335"><ele>361</ele></trkpt>
      <trkpt lat="48.447276" lon="18.641393"><ele>362</ele></trkpt>
      <trkpt lat="48.447311" lon="18.641457"><ele>362</ele></trkpt>
      <trkpt lat="48.447334" lon="18.641519"><ele>363</ele></trkpt>
      <trkpt lat="48.447338" lon="18.641629"><ele>363</ele></trkpt>
      <trkpt lat="48.447367" lon="18.641691"><ele>359</ele></trkpt>
      <trkpt lat="48.447381" lon="18.641721"><ele>359</ele></trkpt>
      <trkpt lat="48.447425" lon="18.641792"><ele>359</ele></trkpt>
      <trkpt lat="48.447444" lon="18.641824"><ele>357</ele></trkpt>
      <trkpt lat="48.447486" lon="18.641876"><ele>356</ele></trkpt>
      <trkpt lat="48.447507" lon="18.641904"><ele>355</ele></trkpt>
      <trkpt lat="48.447557" lon="18.641986"><ele>355</ele></trkpt>
      <trkpt lat="48.447579" lon="18.64202"><ele>354</ele></trkpt>
      <trkpt lat="48.447629" lon="18.642074"><ele>353</ele></trkpt>
      <trkpt lat="48.447651" lon="18.642095"><ele>353</ele></trkpt>
      <trkpt lat="48.447719" lon="18.642153"><ele>357</ele></trkpt>
      <trkpt lat="48.447789" lon="18.64218"><ele>361</ele></trkpt>
      <trkpt lat="48.447819" lon="18.642193"><ele>363</ele></trkpt>
      <trkpt lat="48.447868" lon="18.642213"><ele>364</ele></trkpt>
      <trkpt lat="48.447894" lon="18.642221"><ele>364</ele></trkpt>
      <trkpt lat="48.447977" lon="18.6422"><ele>370</ele></trkpt>
      <trkpt lat="48.44807" lon="18.642209"><ele>371</ele></trkpt>
      <trkpt lat="48.448115" lon="18.642226"><ele>370</ele></trkpt>
      <trkpt lat="48.448288" lon="18.642276"><ele>371</ele></trkpt>
      <trkpt lat="48.44839" lon="18.642364"><ele>370</ele></trkpt>
      <trkpt lat="48.448416" lon="18.642387"><ele>371</ele></trkpt>
      <trkpt lat="48.448445" lon="18.642407"><ele>371</ele></trkpt>
      <trkpt lat="48.448476" lon="18.642427"><ele>371</ele></trkpt>
      <trkpt lat="48.448504" lon="18.642443"><ele>371</ele></trkpt>
      <trkpt lat="48.448558" lon="18.64248"><ele>372</ele></trkpt>
      <trkpt lat="48.448598" lon="18.642505"><ele>371</ele></trkpt>
      <trkpt lat="48.448658" lon="18.642522"><ele>372</ele></trkpt>
      <trkpt lat="48.448729" lon="18.642497"><ele>363</ele></trkpt>
      <trkpt lat="48.448779" lon="18.642464"><ele>367</ele></trkpt>
      <trkpt lat="48.448828" lon="18.642482"><ele>366</ele></trkpt>
      <trkpt lat="48.448878" lon="18.642465"><ele>365</ele></trkpt>
      <trkpt lat="48.448935" lon="18.64246"><ele>368</ele></trkpt>
      <trkpt lat="48.449022" lon="18.642517"><ele>372</ele></trkpt>
      <trkpt lat="48.449083" lon="18.642566"><ele>368</ele></trkpt>
      <trkpt lat="48.449113" lon="18.642588"><ele>371</ele></trkpt>
      <trkpt lat="48.449166" lon="18.642631"><ele>373</ele></trkpt>
      <trkpt lat="48.449192" lon="18.642654"><ele>374</ele></trkpt>
      <trkpt lat="48.449218" lon="18.642677"><ele>375</ele></trkpt>
      <trkpt lat="48.449259" lon="18.642729"><ele>377</ele></trkpt>
      <trkpt lat="48.449351" lon="18.642791"><ele>375</ele></trkpt>
      <trkpt lat="48.449413" lon="18.642823"><ele>375</ele></trkpt>
      <trkpt lat="48.449464" lon="18.642866"><ele>375</ele></trkpt>
      <trkpt lat="48.449511" lon="18.642919"><ele>376</ele></trkpt>
      <trkpt lat="48.44954" lon="18.64295"><ele>375</ele></trkpt>
      <trkpt lat="48.449561" lon="18.642974"><ele>369</ele></trkpt>
      <trkpt lat="48.449598" lon="18.643015"><ele>373</ele></trkpt>
      <trkpt lat="48.449622" lon="18.643044"><ele>372</ele></trkpt>
      <trkpt lat="48.449647" lon="18.643069"><ele>373</ele></trkpt>
      <trkpt lat="48.449669" lon="18.643089"><ele>374</ele></trkpt>
      <trkpt lat="48.44969" lon="18.643106"><ele>375</ele></trkpt>
      <trkpt lat="48.44971" lon="18.643123"><ele>376</ele></trkpt>
      <trkpt lat="48.449735" lon="18.643143"><ele>375</ele></trkpt>
      <trkpt lat="48.44976" lon="18.643159"><ele>375</ele></trkpt>
      <trkpt lat="48.449813" lon="18.643162"><ele>369</ele></trkpt>
      <trkpt lat="48.449853" lon="18.643163"><ele>371</ele></trkpt>
      <trkpt lat="48.449908" lon="18.64319"><ele>373</ele></trkpt>
      <trkpt lat="48.449955" lon="18.643244"><ele>375</ele></trkpt>
      <trkpt lat="48.449996" lon="18.643298"><ele>374</ele></trkpt>
      <trkpt lat="48.450065" lon="18.643375"><ele>375</ele></trkpt>
      <trkpt lat="48.45009" lon="18.643403"><ele>376</ele></trkpt>
      <trkpt lat="48.450116" lon="18.643433"><ele>377</ele></trkpt>
      <trkpt lat="48.450137" lon="18.643454"><ele>379</ele></trkpt>
      <trkpt lat="48.450208" lon="18.643487"><ele>378</ele></trkpt>
      <trkpt lat="48.45026" lon="18.643509"><ele>378</ele></trkpt>
      <trkpt lat="48.450317" lon="18.643542"><ele>378</ele></trkpt>
      <trkpt lat="48.450339" lon="18.643554"><ele>378</ele></trkpt>
      <trkpt lat="48.450416" lon="18.643595"><ele>376</ele></trkpt>
      <trkpt lat="48.450492" lon="18.643661"><ele>375</ele></trkpt>
      <trkpt lat="48.450544" lon="18.643684"><ele>372</ele></trkpt>
      <trkpt lat="48.450597" lon="18.643684"><ele>372</ele></trkpt>
      <trkpt lat="48.450642" lon="18.643713"><ele>371</ele></trkpt>
      <trkpt lat="48.450745" lon="18.64378"><ele>370</ele></trkpt>
      <trkpt lat="48.450792" lon="18.643791"><ele>373</ele></trkpt>
      <trkpt lat="48.450863" lon="18.643796"><ele>374</ele></trkpt>
      <trkpt lat="48.450949" lon="18.643823"><ele>376</ele></trkpt>
      <trkpt lat="48.451002" lon="18.64382"><ele>375</ele></trkpt>
      <trkpt lat="48.451047" lon="18.64383"><ele>373</ele></trkpt>
      <trkpt lat="48.451114" lon="18.643852"><ele>376</ele></trkpt>
      <trkpt lat="48.451161" lon="18.643852"><ele>376</ele></trkpt>
      <trkpt lat="48.451206" lon="18.643868"><ele>378</ele></trkpt>
      <trkpt lat="48.451253" lon="18.643895"><ele>379</ele></trkpt>
      <trkpt lat="48.451276" lon="18.643911"><ele>381</ele></trkpt>
      <trkpt lat="48.451358" lon="18.643985"><ele>381</ele></trkpt>
      <trkpt lat="48.451381" lon="18.644004"><ele>381</ele></trkpt>
      <trkpt lat="48.451404" lon="18.644024"><ele>382</ele></trkpt>
      <trkpt lat="48.451428" lon="18.644042"><ele>381</ele></trkpt>
      <trkpt lat="48.451478" lon="18.644066"><ele>380</ele></trkpt>
      <trkpt lat="48.451501" lon="18.644075"><ele>380</ele></trkpt>
      <trkpt lat="48.451541" lon="18.644126"><ele>380</ele></trkpt>
      <trkpt lat="48.451573" lon="18.644184"><ele>379</ele></trkpt>
      <trkpt lat="48.451609" lon="18.644231"><ele>379</ele></trkpt>
      <trkpt lat="48.45167" lon="18.644291"><ele>380</ele></trkpt>
      <trkpt lat="48.451693" lon="18.644316"><ele>380</ele></trkpt>
      <trkpt lat="48.451714" lon="18.644338"><ele>381</ele></trkpt>
      <trkpt lat="48.451754" lon="18.644375"><ele>381</ele></trkpt>
      <trkpt lat="48.451807" lon="18.644413"><ele>383</ele></trkpt>
      <trkpt lat="48.451835" lon="18.644435"><ele>385</ele></trkpt>
      <trkpt lat="48.45188" lon="18.64447"><ele>388</ele></trkpt>
      <trkpt lat="48.451925" lon="18.644504"><ele>385</ele></trkpt>
      <trkpt lat="48.451954" lon="18.644529"><ele>386</ele></trkpt>
      <trkpt lat="48.452017" lon="18.644565"><ele>388</ele></trkpt>
      <trkpt lat="48.452041" lon="18.644577"><ele>381</ele></trkpt>
      <trkpt lat="48.452098" lon="18.644621"><ele>376</ele></trkpt>
      <trkpt lat="48.452139" lon="18.644657"><ele>377</ele></trkpt>
      <trkpt lat="48.452161" lon="18.644676"><ele>378</ele></trkpt>
      <trkpt lat="48.452214" lon="18.644732"><ele>377</ele></trkpt>
      <trkpt lat="48.452268" lon="18.644803"><ele>380</ele></trkpt>
      <trkpt lat="48.452285" lon="18.644829"><ele>380</ele></trkpt>
      <trkpt lat="48.452301" lon="18.644857"><ele>379</ele></trkpt>
      <trkpt lat="48.452317" lon="18.644889"><ele>380</ele></trkpt>
      <trkpt lat="48.452346" lon="18.644946"><ele>378</ele></trkpt>
      <trkpt lat="48.45238" lon="18.645038"><ele>379</ele></trkpt>
      <trkpt lat="48.452411" lon="18.645241"><ele>374</ele></trkpt>
      <trkpt lat="48.452413" lon="18.645312"><ele>376</ele></trkpt>
      <trkpt lat="48.452413" lon="18.645353"><ele>377</ele></trkpt>
      <trkpt lat="48.452416" lon="18.6454"><ele>378</ele></trkpt>
      <trkpt lat="48.452421" lon="18.645485"><ele>381</ele></trkpt>
      <trkpt lat="48.45244" lon="18.645603"><ele>382</ele></trkpt>
      <trkpt lat="48.452459" lon="18.645685"><ele>382</ele></trkpt>
      <trkpt lat="48.452474" lon="18.645746"><ele>384</ele></trkpt>
      <trkpt lat="48.452475" lon="18.645825"><ele>387</ele></trkpt>
      <trkpt lat="48.452474" lon="18.645915"><ele>391</ele></trkpt>
      <trkpt lat="48.452493" lon="18.646007"><ele>394</ele></trkpt>
      <trkpt lat="48.452514" lon="18.646073"><ele>397</ele></trkpt>
      <trkpt lat="48.452507" lon="18.646147"><ele>400</ele></trkpt>
      <trkpt lat="48.452504" lon="18.646222"><ele>401</ele></trkpt>
      <trkpt lat="48.452476" lon="18.646367"><ele>386</ele></trkpt>
      <trkpt lat="48.452454" lon="18.646449"><ele>389</ele></trkpt>
      <trkpt lat="48.45238" lon="18.646567"><ele>393</ele></trkpt>
      <trkpt lat="48.452336" lon="18.646624"><ele>396</ele></trkpt>
      <trkpt lat="48.452311" lon="18.646659"><ele>396</ele></trkpt>
      <trkpt lat="48.452261" lon="18.646695"><ele>398</ele></trkpt>
      <trkpt lat="48.452235" lon="18.646712"><ele>402</ele></trkpt>
      <trkpt lat="48.452178" lon="18.646748"><ele>406</ele></trkpt>
      <trkpt lat="48.452122" lon="18.646762"><ele>408</ele></trkpt>
      <trkpt lat="48.452092" lon="18.646773"><ele>409</ele></trkpt>
      <trkpt lat="48.452064" lon="18.646779"><ele>411</ele></trkpt>
      <trkpt lat="48.452011" lon="18.646816"><ele>412</ele></trkpt>
      <trkpt lat="48.451973" lon="18.646866"><ele>412</ele></trkpt>
      <trkpt lat="48.451934" lon="18.646913"><ele>395</ele></trkpt>
      <trkpt lat="48.451876" lon="18.646964"><ele>404</ele></trkpt>
      <trkpt lat="48.451847" lon="18.646993"><ele>408</ele></trkpt>
      <trkpt lat="48.451812" lon="18.647059"><ele>412</ele></trkpt>
      <trkpt lat="48.451783" lon="18.647114"><ele>413</ele></trkpt>
      <trkpt lat="48.451726" lon="18.647153"><ele>416</ele></trkpt>
      <trkpt lat="48.451677" lon="18.647153"><ele>419</ele></trkpt>
      <trkpt lat="48.451613" lon="18.647179"><ele>417</ele></trkpt>
      <trkpt lat="48.451565" lon="18.647209"><ele>414</ele></trkpt>
      <trkpt lat="48.451508" lon="18.647262"><ele>416</ele></trkpt>
      <trkpt lat="48.451459" lon="18.647294"><ele>414</ele></trkpt>
      <trkpt lat="48.451435" lon="18.647307"><ele>415</ele></trkpt>
      <trkpt lat="48.451414" lon="18.647318"><ele>416</ele></trkpt>
      <trkpt lat="48.451349" lon="18.647378"><ele>417</ele></trkpt>
      <trkpt lat="48.451291" lon="18.647393"><ele>421</ele></trkpt>
      <trkpt lat="48.451252" lon="18.647401"><ele>422</ele></trkpt>
      <trkpt lat="48.451178" lon="18.647429"><ele>423</ele></trkpt>
      <trkpt lat="48.451144" lon="18.647441"><ele>424</ele></trkpt>
      <trkpt lat="48.451111" lon="18.647452"><ele>424</ele></trkpt>
      <trkpt lat="48.451039" lon="18.647468"><ele>427</ele></trkpt>
      <trkpt lat="48.450982" lon="18.647501"><ele>430</ele></trkpt>
      <trkpt lat="48.450922" lon="18.64751"><ele>427</ele></trkpt>
      <trkpt lat="48.450889" lon="18.647512"><ele>429</ele></trkpt>
      <trkpt lat="48.450843" lon="18.647511"><ele>428</ele></trkpt>
      <trkpt lat="48.450801" lon="18.647506"><ele>428</ele></trkpt>
      <trkpt lat="48.450768" lon="18.647506"><ele>429</ele></trkpt>
      <trkpt lat="48.450731" lon="18.647509"><ele>428</ele></trkpt>
      <trkpt lat="48.450685" lon="18.647507"><ele>419</ele></trkpt>
      <trkpt lat="48.450661" lon="18.647505"><ele>420</ele></trkpt>
      <trkpt lat="48.450618" lon="18.647474"><ele>410</ele></trkpt>
      <trkpt lat="48.450584" lon="18.647428"><ele>419</ele></trkpt>
      <trkpt lat="48.450564" lon="18.647404"><ele>420</ele></trkpt>
      <trkpt lat="48.450515" lon="18.64738"><ele>408</ele></trkpt>
      <trkpt lat="48.450469" lon="18.647364"><ele>418</ele></trkpt>
      <trkpt lat="48.450443" lon="18.647358"><ele>423</ele></trkpt>
      <trkpt lat="48.450388" lon="18.647369"><ele>427</ele></trkpt>
      <trkpt lat="48.450329" lon="18.647357"><ele>421</ele></trkpt>
      <trkpt lat="48.45027" lon="18.647351"><ele>424</ele></trkpt>
      <trkpt lat="48.450215" lon="18.647356"><ele>426</ele></trkpt>
      <trkpt lat="48.450152" lon="18.647341"><ele>418</ele></trkpt>
      <trkpt lat="48.450091" lon="18.647327"><ele>425</ele></trkpt>
      <trkpt lat="48.450056" lon="18.64732"><ele>426</ele></trkpt>
      <trkpt lat="48.450002" lon="18.647317"><ele>429</ele></trkpt>
      <trkpt lat="48.449936" lon="18.647295"><ele>430</ele></trkpt>
      <trkpt lat="48.449906" lon="18.647284"><ele>430</ele></trkpt>
      <trkpt lat="48.449883" lon="18.647277"><ele>432</ele></trkpt>
      <trkpt lat="48.449852" lon="18.647267"><ele>432</ele></trkpt>
      <trkpt lat="48.449817" lon="18.647253"><ele>432</ele></trkpt>
      <trkpt lat="48.449786" lon="18.647241"><ele>431</ele></trkpt>
      <trkpt lat="48.449721" lon="18.647232"><ele>431</ele></trkpt>
      <trkpt lat="48.449698" lon="18.647229"><ele>431</ele></trkpt>
      <trkpt lat="48.44965" lon="18.647197"><ele>435</ele></trkpt>
      <trkpt lat="48.449622" lon="18.647174"><ele>434</ele></trkpt>
      <trkpt lat="48.449579" lon="18.647151"><ele>434</ele></trkpt>
      <trkpt lat="48.44955" lon="18.647134"><ele>434</ele></trkpt>
      <trkpt lat="48.449506" lon="18.647096"><ele>435</ele></trkpt>
      <trkpt lat="48.44947" lon="18.647068"><ele>435</ele></trkpt>
      <trkpt lat="48.449409" lon="18.647045"><ele>435</ele></trkpt>
      <trkpt lat="48.449357" lon="18.647057"><ele>439</ele></trkpt>
      <trkpt lat="48.449312" lon="18.647065"><ele>433</ele></trkpt>
      <trkpt lat="48.449266" lon="18.647104"><ele>439</ele></trkpt>
      <trkpt lat="48.44924" lon="18.647122"><ele>441</ele></trkpt>
      <trkpt lat="48.449186" lon="18.647129"><ele>448</ele></trkpt>
      <trkpt lat="48.449134" lon="18.647107"><ele>454</ele></trkpt>
      <trkpt lat="48.449104" lon="18.647096"><ele>454</ele></trkpt>
      <trkpt lat="48.449068" lon="18.647086"><ele>452</ele></trkpt>
      <trkpt lat="48.449019" lon="18.647086"><ele>452</ele></trkpt>
      <trkpt lat="48.448969" lon="18.647062"><ele>439</ele></trkpt>
      <trkpt lat="48.448929" lon="18.647041"><ele>442</ele></trkpt>
      <trkpt lat="48.448907" lon="18.647034"><ele>449</ele></trkpt>
      <trkpt lat="48.448852" lon="18.647037"><ele>448</ele></trkpt>
      <trkpt lat="48.44881" lon="18.647041"><ele>449</ele></trkpt>
      <trkpt lat="48.448769" lon="18.647043"><ele>447</ele></trkpt>
      <trkpt lat="48.448701" lon="18.647026"><ele>451</ele></trkpt>
      <trkpt lat="48.448671" lon="18.647017"><ele>451</ele></trkpt>
      <trkpt lat="48.448617" lon="18.646973"><ele>452</ele></trkpt>
      <trkpt lat="48.448571" lon="18.646919"><ele>453</ele></trkpt>
      <trkpt lat="48.448526" lon="18.646893"><ele>450</ele></trkpt>
      <trkpt lat="48.448479" lon="18.6469"><ele>452</ele></trkpt>
      <trkpt lat="48.448426" lon="18.646894"><ele>454</ele></trkpt>
      <trkpt lat="48.448381" lon="18.646861"><ele>453</ele></trkpt>
      <trkpt lat="48.448355" lon="18.646838"><ele>454</ele></trkpt>
      <trkpt lat="48.448308" lon="18.646807"><ele>455</ele></trkpt>
      <trkpt lat="48.448268" lon="18.646779"><ele>452</ele></trkpt>
      <trkpt lat="48.448218" lon="18.646771"><ele>451</ele></trkpt>
      <trkpt lat="48.448148" lon="18.64674"><ele>454</ele></trkpt>
      <trkpt lat="48.44812" lon="18.646729"><ele>454</ele></trkpt>
      <trkpt lat="48.448053" lon="18.646723"><ele>454</ele></trkpt>
      <trkpt lat="48.448002" lon="18.646733"><ele>455</ele></trkpt>
      <trkpt lat="48.447957" lon="18.646745"><ele>455</ele></trkpt>
      <trkpt lat="48.447899" lon="18.646765"><ele>455</ele></trkpt>
      <trkpt lat="48.447865" lon="18.646777"><ele>455</ele></trkpt>
      <trkpt lat="48.447833" lon="18.646789"><ele>456</ele></trkpt>
      <trkpt lat="48.447771" lon="18.64678"><ele>454</ele></trkpt>
      <trkpt lat="48.447723" lon="18.64678"><ele>454</ele></trkpt>
      <trkpt lat="48.44769" lon="18.646781"><ele>454</ele></trkpt>
      <trkpt lat="48.447632" lon="18.646785"><ele>455</ele></trkpt>
      <trkpt lat="48.447583" lon="18.646763"><ele>455</ele></trkpt>
      <trkpt lat="48.447533" lon="18.646762"><ele>456</ele></trkpt>
      <trkpt lat="48.447469" lon="18.646791"><ele>437</ele></trkpt>
      <trkpt lat="48.447417" lon="18.646828"><ele>448</ele></trkpt>
      <trkpt lat="48.447388" lon="18.646844"><ele>452</ele></trkpt>
      <trkpt lat="48.447306" lon="18.646847"><ele>458</ele></trkpt>
      <trkpt lat="48.44726" lon="18.64684"><ele>460</ele></trkpt>
      <trkpt lat="48.447232" lon="18.646836"><ele>461</ele></trkpt>
      <trkpt lat="48.447168" lon="18.646838"><ele>460</ele></trkpt>
      <trkpt lat="48.447117" lon="18.646812"><ele>466</ele></trkpt>
      <trkpt lat="48.447061" lon="18.646809"><ele>465</ele></trkpt>
      <trkpt lat="48.447014" lon="18.646798"><ele>465</ele></trkpt>
      <trkpt lat="48.446966" lon="18.646777"><ele>429</ele></trkpt>
      <trkpt lat="48.446912" lon="18.646771"><ele>443</ele></trkpt>
      <trkpt lat="48.446887" lon="18.646768"><ele>445</ele></trkpt>
      <trkpt lat="48.446839" lon="18.64675"><ele>453</ele></trkpt>
      <trkpt lat="48.44678" lon="18.646713"><ele>460</ele></trkpt>
      <trkpt lat="48.446757" lon="18.646696"><ele>460</ele></trkpt>
      <trkpt lat="48.446735" lon="18.646682"><ele>461</ele></trkpt>
      <trkpt lat="48.446692" lon="18.646661"><ele>444</ele></trkpt>
      <trkpt lat="48.446632" lon="18.646641"><ele>450</ele></trkpt>
      <trkpt lat="48.446592" lon="18.64663"><ele>451</ele></trkpt>
      <trkpt lat="48.446511" lon="18.646628"><ele>457</ele></trkpt>
      <trkpt lat="48.446472" lon="18.64663"><ele>457</ele></trkpt>
      <trkpt lat="48.446423" lon="18.646608"><ele>459</ele></trkpt>
      <trkpt lat="48.446376" lon="18.646609"><ele>460</ele></trkpt>
      <trkpt lat="48.446346" lon="18.64661"><ele>459</ele></trkpt>
      <trkpt lat="48.446324" lon="18.64655"><ele>456</ele></trkpt>
      <trkpt lat="48.446246" lon="18.646578"><ele>458</ele></trkpt>
      <trkpt lat="48.44622" lon="18.646588"><ele>463</ele></trkpt>
      <trkpt lat="48.446165" lon="18.646572"><ele>464</ele></trkpt>
      <trkpt lat="48.446122" lon="18.646542"><ele>434</ele></trkpt>
      <trkpt lat="48.446076" lon="18.646505"><ele>447</ele></trkpt>
      <trkpt lat="48.44603" lon="18.646497"><ele>452</ele></trkpt>
      <trkpt lat="48.445946" lon="18.646443"><ele>438</ele></trkpt>
      <trkpt lat="48.445892" lon="18.646431"><ele>453</ele></trkpt>
      <trkpt lat="48.44587" lon="18.646423"><ele>458</ele></trkpt>
      <trkpt lat="48.44583" lon="18.646404"><ele>462</ele></trkpt>
      <trkpt lat="48.445804" lon="18.646391"><ele>464</ele></trkpt>
      <trkpt lat="48.445772" lon="18.646376"><ele>466</ele></trkpt>
      <trkpt lat="48.445692" lon="18.646299"><ele>468</ele></trkpt>
      <trkpt lat="48.445635" lon="18.646262"><ele>471</ele></trkpt>
      <trkpt lat="48.44561" lon="18.646246"><ele>471</ele></trkpt>
      <trkpt lat="48.44559" lon="18.646231"><ele>472</ele></trkpt>
      <trkpt lat="48.445525" lon="18.646171"><ele>476</ele></trkpt>
      <trkpt lat="48.445504" lon="18.646111"><ele>484</ele></trkpt>
      <trkpt lat="48.445485" lon="18.646064"><ele>485</ele></trkpt>
      <trkpt lat="48.445433" lon="18.646023"><ele>484</ele></trkpt>
      <trkpt lat="48.445383" lon="18.645994"><ele>484</ele></trkpt>
      <trkpt lat="48.445323" lon="18.645927"><ele>485</ele></trkpt>
      <trkpt lat="48.445266" lon="18.64588"><ele>483</ele></trkpt>
      <trkpt lat="48.445221" lon="18.645823"><ele>485</ele></trkpt>
      <trkpt lat="48.445185" lon="18.64574"><ele>484</ele></trkpt>
      <trkpt lat="48.44517" lon="18.645707"><ele>484</ele></trkpt>
      <trkpt lat="48.445136" lon="18.64566"><ele>485</ele></trkpt>
      <trkpt lat="48.445096" lon="18.645611"><ele>486</ele></trkpt>
      <trkpt lat="48.445058" lon="18.645564"><ele>484</ele></trkpt>
      <trkpt lat="48.444997" lon="18.645544"><ele>484</ele></trkpt>
      <trkpt lat="48.444972" lon="18.645539"><ele>485</ele></trkpt>
      <trkpt lat="48.444942" lon="18.645528"><ele>484</ele></trkpt>
      <trkpt lat="48.444909" lon="18.645516"><ele>481</ele></trkpt>
      <trkpt lat="48.444841" lon="18.645483"><ele>482</ele></trkpt>
      <trkpt lat="48.444781" lon="18.64542"><ele>480</ele></trkpt>
      <trkpt lat="48.444708" lon="18.645373"><ele>481</ele></trkpt>
      <trkpt lat="48.444622" lon="18.645335"><ele>480</ele></trkpt>
      <trkpt lat="48.444598" lon="18.645322"><ele>481</ele></trkpt>
      <trkpt lat="48.444551" lon="18.645289"><ele>482</ele></trkpt>
      <trkpt lat="48.444507" lon="18.645267"><ele>482</ele></trkpt>
      <trkpt lat="48.444462" lon="18.645243"><ele>481</ele></trkpt>
      <trkpt lat="48.444397" lon="18.645165"><ele>481</ele></trkpt>
      <trkpt lat="48.44433" lon="18.645101"><ele>477</ele></trkpt>
      <trkpt lat="48.444265" lon="18.64505"><ele>479</ele></trkpt>
      <trkpt lat="48.444231" lon="18.645024"><ele>479</ele></trkpt>
      <trkpt lat="48.444148" lon="18.644977"><ele>475</ele></trkpt>
      <trkpt lat="48.444104" lon="18.644948"><ele>473</ele></trkpt>
      <trkpt lat="48.444067" lon="18.644921"><ele>475</ele></trkpt>
      <trkpt lat="48.444002" lon="18.644854"><ele>473</ele></trkpt>
      <trkpt lat="48.443938" lon="18.644794"><ele>473</ele></trkpt>
      <trkpt lat="48.443868" lon="18.64478"><ele>473</ele></trkpt>
      <trkpt lat="48.443811" lon="18.64478"><ele>473</ele></trkpt>
      <trkpt lat="48.443767" lon="18.644761"><ele>475</ele></trkpt>
      <trkpt lat="48.443717" lon="18.64471"><ele>473</ele></trkpt>
      <trkpt lat="48.443642" lon="18.644694"><ele>472</ele></trkpt>
      <trkpt lat="48.443584" lon="18.644697"><ele>472</ele></trkpt>
      <trkpt lat="48.443522" lon="18.644674"><ele>474</ele></trkpt>
      <trkpt lat="48.443485" lon="18.644662"><ele>472</ele></trkpt>
      <trkpt lat="48.443444" lon="18.644653"><ele>471</ele></trkpt>
      <trkpt lat="48.443382" lon="18.644621"><ele>471</ele></trkpt>
      <trkpt lat="48.443326" lon="18.64457"><ele>471</ele></trkpt>
      <trkpt lat="48.443272" lon="18.64454"><ele>471</ele></trkpt>
      <trkpt lat="48.443201" lon="18.644503"><ele>469</ele></trkpt>
      <trkpt lat="48.44316" lon="18.644479"><ele>469</ele></trkpt>
      <trkpt lat="48.443111" lon="18.644432"><ele>469</ele></trkpt>
      <trkpt lat="48.44309" lon="18.644413"><ele>468</ele></trkpt>
      <trkpt lat="48.443045" lon="18.644389"><ele>466</ele></trkpt>
      <trkpt lat="48.442965" lon="18.644329"><ele>462</ele></trkpt>
      <trkpt lat="48.442928" lon="18.64426"><ele>461</ele></trkpt>
      <trkpt lat="48.442892" lon="18.644177"><ele>422</ele></trkpt>
      <trkpt lat="48.442842" lon="18.644126"><ele>431</ele></trkpt>
      <trkpt lat="48.442816" lon="18.644099"><ele>434</ele></trkpt>
      <trkpt lat="48.442732" lon="18.644019"><ele>442</ele></trkpt>
      <trkpt lat="48.44267" lon="18.643987"><ele>445</ele></trkpt>
      <trkpt lat="48.442639" lon="18.643971"><ele>445</ele></trkpt>
      <trkpt lat="48.442597" lon="18.643953"><ele>445</ele></trkpt>
      <trkpt lat="48.442554" lon="18.643937"><ele>440</ele></trkpt>
      <trkpt lat="48.442515" lon="18.643926"><ele>439</ele></trkpt>
      <trkpt lat="48.442474" lon="18.643914"><ele>437</ele></trkpt>
      <trkpt lat="48.442429" lon="18.643897"><ele>436</ele></trkpt>
      <trkpt lat="48.442334" lon="18.643862"><ele>433</ele></trkpt>
      <trkpt lat="48.442301" lon="18.64385"><ele>431</ele></trkpt>
      <trkpt lat="48.442272" lon="18.643837"><ele>430</ele></trkpt>
      <trkpt lat="48.442242" lon="18.643826"><ele>409</ele></trkpt>
      <trkpt lat="48.442199" lon="18.643799"><ele>413</ele></trkpt>
      <trkpt lat="48.442159" lon="18.643773"><ele>417</ele></trkpt>
      <trkpt lat="48.442124" lon="18.643748"><ele>421</ele></trkpt>
      <trkpt lat="48.442069" lon="18.643693"><ele>424</ele></trkpt>
      <trkpt lat="48.442038" lon="18.643639"><ele>424</ele></trkpt>
      <trkpt lat="48.442003" lon="18.643578"><ele>423</ele></trkpt>
      <trkpt lat="48.441951" lon="18.643536"><ele>424</ele></trkpt>
      <trkpt lat="48.441928" lon="18.643518"><ele>423</ele></trkpt>
      <trkpt lat="48.44189" lon="18.643485"><ele>422</ele></trkpt>
      <trkpt lat="48.441863" lon="18.643408"><ele>419</ele></trkpt>
      <trkpt lat="48.44183" lon="18.643338"><ele>417</ele></trkpt>
      <trkpt lat="48.441791" lon="18.643275"><ele>413</ele></trkpt>
      <trkpt lat="48.441775" lon="18.643248"><ele>412</ele></trkpt>
      <trkpt lat="48.441753" lon="18.643186"><ele>401</ele></trkpt>
      <trkpt lat="48.441736" lon="18.643111"><ele>405</ele></trkpt>
      <trkpt lat="48.441689" lon="18.643061"><ele>406</ele></trkpt>
      <trkpt lat="48.441625" lon="18.643028"><ele>402</ele></trkpt>
      <trkpt lat="48.44158" lon="18.643007"><ele>405</ele></trkpt>
      <trkpt lat="48.441534" lon="18.643006"><ele>404</ele></trkpt>
      <trkpt lat="48.441489" lon="18.643007"><ele>400</ele></trkpt>
      <trkpt lat="48.44142" lon="18.642991"><ele>402</ele></trkpt>
      <trkpt lat="48.441314" lon="18.642969"><ele>396</ele></trkpt>
      <trkpt lat="48.441253" lon="18.642974"><ele>396</ele></trkpt>
      <trkpt lat="48.441199" lon="18.642965"><ele>397</ele></trkpt>
      <trkpt lat="48.441141" lon="18.642942"><ele>396</ele></trkpt>
      <trkpt lat="48.441074" lon="18.642913"><ele>399</ele></trkpt>
      <trkpt lat="48.441045" lon="18.642904"><ele>398</ele></trkpt>
      <trkpt lat="48.441019" lon="18.642897"><ele>398</ele></trkpt>
      <trkpt lat="48.440994" lon="18.642889"><ele>399</ele></trkpt>
      <trkpt lat="48.440943" lon="18.642895"><ele>400</ele></trkpt>
      <trkpt lat="48.440895" lon="18.642943"><ele>402</ele></trkpt>
      <trkpt lat="48.440873" lon="18.642962"><ele>402</ele></trkpt>
      <trkpt lat="48.440852" lon="18.64298"><ele>401</ele></trkpt>
      <trkpt lat="48.440809" lon="18.643017"><ele>401</ele></trkpt>
      <trkpt lat="48.440777" lon="18.643065"><ele>403</ele></trkpt>
      <trkpt lat="48.440726" lon="18.643091"><ele>405</ele></trkpt>
      <trkpt lat="48.440702" lon="18.643106"><ele>406</ele></trkpt>
      <trkpt lat="48.440699" lon="18.643179"><ele>391</ele></trkpt>
      <trkpt lat="48.440696" lon="18.643219"><ele>393</ele></trkpt>
      <trkpt lat="48.440681" lon="18.643293"><ele>399</ele></trkpt>
      <trkpt lat="48.440625" lon="18.643339"><ele>402</ele></trkpt>
      <trkpt lat="48.440597" lon="18.643358"><ele>403</ele></trkpt>
      <trkpt lat="48.440547" lon="18.643414"><ele>404</ele></trkpt>
      <trkpt lat="48.440496" lon="18.64345"><ele>405</ele></trkpt>
      <trkpt lat="48.44047" lon="18.643469"><ele>405</ele></trkpt>
      <trkpt lat="48.440447" lon="18.643485"><ele>406</ele></trkpt>
      <trkpt lat="48.44042" lon="18.643509"><ele>405</ele></trkpt>
      <trkpt lat="48.440389" lon="18.643531"><ele>407</ele></trkpt>
      <trkpt lat="48.440355" lon="18.643555"><ele>405</ele></trkpt>
      <trkpt lat="48.440292" lon="18.643594"><ele>404</ele></trkpt>
      <trkpt lat="48.440252" lon="18.643642"><ele>387</ele></trkpt>
      <trkpt lat="48.440201" lon="18.643671"><ele>393</ele></trkpt>
      <trkpt lat="48.440169" lon="18.643693"><ele>393</ele></trkpt>
      <trkpt lat="48.440063" lon="18.64377"><ele>396</ele></trkpt>
      <trkpt lat="48.44002" lon="18.643808"><ele>395</ele></trkpt>
      <trkpt lat="48.439962" lon="18.643844"><ele>398</ele></trkpt>
      <trkpt lat="48.439933" lon="18.64386"><ele>398</ele></trkpt>
      <trkpt lat="48.43988" lon="18.643919"><ele>397</ele></trkpt>
      <trkpt lat="48.439844" lon="18.643976"><ele>399</ele></trkpt>
      <trkpt lat="48.43981" lon="18.64402"><ele>399</ele></trkpt>
      <trkpt lat="48.439773" lon="18.644076"><ele>399</ele></trkpt>
      <trkpt lat="48.439765" lon="18.644158"><ele>397</ele></trkpt>
      <trkpt lat="48.439706" lon="18.644183"><ele>396</ele></trkpt>
      <trkpt lat="48.439664" lon="18.644226"><ele>395</ele></trkpt>
      <trkpt lat="48.439641" lon="18.644286"><ele>394</ele></trkpt>
      <trkpt lat="48.439635" lon="18.644353"><ele>394</ele></trkpt>
      <trkpt lat="48.439611" lon="18.644428"><ele>395</ele></trkpt>
      <trkpt lat="48.439559" lon="18.644487"><ele>397</ele></trkpt>
      <trkpt lat="48.439516" lon="18.644569"><ele>396</ele></trkpt>
      <trkpt lat="48.439498" lon="18.644634"><ele>396</ele></trkpt>
      <trkpt lat="48.439477" lon="18.644705"><ele>397</ele></trkpt>
      <trkpt lat="48.43946" lon="18.644758"><ele>397</ele></trkpt>
      <trkpt lat="48.43943" lon="18.644838"><ele>398</ele></trkpt>
      <trkpt lat="48.439414" lon="18.644879"><ele>400</ele></trkpt>
      <trkpt lat="48.439381" lon="18.64493"><ele>405</ele></trkpt>
      <trkpt lat="48.439355" lon="18.644969"><ele>406</ele></trkpt>
      <trkpt lat="48.439305" lon="18.644992"><ele>409</ele></trkpt>
      <trkpt lat="48.439275" lon="18.645063"><ele>411</ele></trkpt>
      <trkpt lat="48.439261" lon="18.645142"><ele>414</ele></trkpt>
      <trkpt lat="48.439253" lon="18.645181"><ele>414</ele></trkpt>
      <trkpt lat="48.439243" lon="18.645223"><ele>414</ele></trkpt>
      <trkpt lat="48.439234" lon="18.645302"><ele>415</ele></trkpt>
      <trkpt lat="48.439211" lon="18.645371"><ele>415</ele></trkpt>
      <trkpt lat="48.439198" lon="18.645412"><ele>418</ele></trkpt>
      <trkpt lat="48.439181" lon="18.645457"><ele>421</ele></trkpt>
      <trkpt lat="48.439121" lon="18.645482"><ele>424</ele></trkpt>
      <trkpt lat="48.439077" lon="18.64551"><ele>426</ele></trkpt>
      <trkpt lat="48.439041" lon="18.645562"><ele>424</ele></trkpt>
      <trkpt lat="48.439033" lon="18.645634"><ele>424</ele></trkpt>
      <trkpt lat="48.439036" lon="18.645664"><ele>425</ele></trkpt>
      <trkpt lat="48.439016" lon="18.645735"><ele>422</ele></trkpt>
      <trkpt lat="48.438991" lon="18.645791"><ele>419</ele></trkpt>
      <trkpt lat="48.438969" lon="18.645836"><ele>424</ele></trkpt>
      <trkpt lat="48.438936" lon="18.645937"><ele>431</ele></trkpt>
      <trkpt lat="48.438926" lon="18.645968"><ele>409</ele></trkpt>
      <trkpt lat="48.438921" lon="18.646049"><ele>423</ele></trkpt>
      <trkpt lat="48.438899" lon="18.646108"><ele>429</ele></trkpt>
      <trkpt lat="48.438863" lon="18.646171"><ele>433</ele></trkpt>
      <trkpt lat="48.438847" lon="18.646236"><ele>440</ele></trkpt>
      <trkpt lat="48.438812" lon="18.646328"><ele>441</ele></trkpt>
      <trkpt lat="48.438752" lon="18.646429"><ele>447</ele></trkpt>
      <trkpt lat="48.43871" lon="18.646461"><ele>448</ele></trkpt>
      <trkpt lat="48.438669" lon="18.646502"><ele>451</ele></trkpt>
      <trkpt lat="48.438639" lon="18.646556"><ele>450</ele></trkpt>
      <trkpt lat="48.438637" lon="18.646639"><ele>450</ele></trkpt>
      <trkpt lat="48.438643" lon="18.646715"><ele>451</ele></trkpt>
      <trkpt lat="48.438644" lon="18.64675"><ele>450</ele></trkpt>
      <trkpt lat="48.438632" lon="18.64684"><ele>432</ele></trkpt>
      <trkpt lat="48.438625" lon="18.646882"><ele>432</ele></trkpt>
      <trkpt lat="48.438632" lon="18.646949"><ele>438</ele></trkpt>
      <trkpt lat="48.438662" lon="18.647009"><ele>443</ele></trkpt>
      <trkpt lat="48.438677" lon="18.647075"><ele>444</ele></trkpt>
      <trkpt lat="48.438694" lon="18.64714"><ele>447</ele></trkpt>
      <trkpt lat="48.438675" lon="18.647211"><ele>450</ele></trkpt>
      <trkpt lat="48.438663" lon="18.647264"><ele>451</ele></trkpt>
      <trkpt lat="48.438635" lon="18.647347"><ele>451</ele></trkpt>
      <trkpt lat="48.438625" lon="18.647432"><ele>434</ele></trkpt>
      <trkpt lat="48.438621" lon="18.64749"><ele>440</ele></trkpt>
      <trkpt lat="48.438592" lon="18.647564"><ele>444</ele></trkpt>
      <trkpt lat="48.438581" lon="18.647633"><ele>438</ele></trkpt>
      <trkpt lat="48.438555" lon="18.647699"><ele>442</ele></trkpt>
      <trkpt lat="48.438533" lon="18.647772"><ele>418</ele></trkpt>
      <trkpt lat="48.438509" lon="18.647841"><ele>437</ele></trkpt>
      <trkpt lat="48.438488" lon="18.647929"><ele>445</ele></trkpt>
      <trkpt lat="48.438464" lon="18.64799"><ele>449</ele></trkpt>
      <trkpt lat="48.43848" lon="18.648079"><ele>453</ele></trkpt>
      <trkpt lat="48.438443" lon="18.648146"><ele>454</ele></trkpt>
      <trkpt lat="48.438422" lon="18.64819"><ele>454</ele></trkpt>
      <trkpt lat="48.438411" lon="18.648272"><ele>435</ele></trkpt>
      <trkpt lat="48.438403" lon="18.648324"><ele>446</ele></trkpt>
      <trkpt lat="48.438384" lon="18.648393"><ele>447</ele></trkpt>
      <trkpt lat="48.438373" lon="18.648473"><ele>453</ele></trkpt>
      <trkpt lat="48.438349" lon="18.648547"><ele>459</ele></trkpt>
      <trkpt lat="48.438326" lon="18.648616"><ele>464</ele></trkpt>
      <trkpt lat="48.4383" lon="18.648685"><ele>464</ele></trkpt>
      <trkpt lat="48.438242" lon="18.648684"><ele>469</ele></trkpt>
      <trkpt lat="48.438189" lon="18.648689"><ele>440</ele></trkpt>
      <trkpt lat="48.438141" lon="18.648711"><ele>450</ele></trkpt>
      <trkpt lat="48.438056" lon="18.64871"><ele>454</ele></trkpt>
      <trkpt lat="48.438013" lon="18.648682"><ele>455</ele></trkpt>
      <trkpt lat="48.437965" lon="18.648671"><ele>459</ele></trkpt>
      <trkpt lat="48.437907" lon="18.648675"><ele>458</ele></trkpt>
      <trkpt lat="48.437879" lon="18.648674"><ele>458</ele></trkpt>
      <trkpt lat="48.437832" lon="18.648665"><ele>461</ele></trkpt>
      <trkpt lat="48.437785" lon="18.648664"><ele>460</ele></trkpt>
      <trkpt lat="48.437715" lon="18.648644"><ele>427</ele></trkpt>
      <trkpt lat="48.437661" lon="18.648641"><ele>443</ele></trkpt>
      <trkpt lat="48.437594" lon="18.648644"><ele>450</ele></trkpt>
      <trkpt lat="48.437571" lon="18.648644"><ele>452</ele></trkpt>
      <trkpt lat="48.437533" lon="18.648647"><ele>453</ele></trkpt>
      <trkpt lat="48.437469" lon="18.648611"><ele>452</ele></trkpt>
      <trkpt lat="48.437424" lon="18.6486"><ele>451</ele></trkpt>
      <trkpt lat="48.437339" lon="18.648584"><ele>451</ele></trkpt>
      <trkpt lat="48.437314" lon="18.648581"><ele>451</ele></trkpt>
      <trkpt lat="48.437283" lon="18.648575"><ele>452</ele></trkpt>
      <trkpt lat="48.437208" lon="18.648576"><ele>452</ele></trkpt>
      <trkpt lat="48.437169" lon="18.648578"><ele>451</ele></trkpt>
      <trkpt lat="48.437133" lon="18.648579"><ele>451</ele></trkpt>
      <trkpt lat="48.437104" lon="18.648578"><ele>452</ele></trkpt>
      <trkpt lat="48.437073" lon="18.648575"><ele>452</ele></trkpt>
      <trkpt lat="48.437042" lon="18.648572"><ele>451</ele></trkpt>
      <trkpt lat="48.437015" lon="18.64857"><ele>450</ele></trkpt>
      <trkpt lat="48.436971" lon="18.648542"><ele>450</ele></trkpt>
      <trkpt lat="48.436946" lon="18.648524"><ele>451</ele></trkpt>
      <trkpt lat="48.436877" lon="18.648503"><ele>450</ele></trkpt>
      <trkpt lat="48.436818" lon="18.648493"><ele>451</ele></trkpt>
      <trkpt lat="48.43677" lon="18.648455"><ele>393</ele></trkpt>
      <trkpt lat="48.436723" lon="18.648441"><ele>406</ele></trkpt>
      <trkpt lat="48.436662" lon="18.648433"><ele>413</ele></trkpt>
      <trkpt lat="48.436585" lon="18.648417"><ele>420</ele></trkpt>
      <trkpt lat="48.43653" lon="18.648414"><ele>423</ele></trkpt>
      <trkpt lat="48.436396" lon="18.648419"><ele>386</ele></trkpt>
      <trkpt lat="48.436273" lon="18.648359"><ele>402</ele></trkpt>
      <trkpt lat="48.43621" lon="18.648321"><ele>410</ele></trkpt>
      <trkpt lat="48.436179" lon="18.648298"><ele>415</ele></trkpt>
      <trkpt lat="48.436136" lon="18.64827"><ele>426</ele></trkpt>
      <trkpt lat="48.436103" lon="18.648246"><ele>434</ele></trkpt>
      <trkpt lat="48.436066" lon="18.648195"><ele>435</ele></trkpt>
      <trkpt lat="48.436005" lon="18.648174"><ele>439</ele></trkpt>
      <trkpt lat="48.435921" lon="18.648181"><ele>436</ele></trkpt>
      <trkpt lat="48.435865" lon="18.648171"><ele>436</ele></trkpt>
      <trkpt lat="48.435829" lon="18.648169"><ele>437</ele></trkpt>
      <trkpt lat="48.435793" lon="18.648165"><ele>434</ele></trkpt>
      <trkpt lat="48.435693" lon="18.648161"><ele>435</ele></trkpt>
      <trkpt lat="48.435582" lon="18.648159"><ele>433</ele></trkpt>
      <trkpt lat="48.43548" lon="18.648168"><ele>387</ele></trkpt>
      <trkpt lat="48.435433" lon="18.648165"><ele>392</ele></trkpt>
      <trkpt lat="48.43513" lon="18.648043"><ele>394</ele></trkpt>
      <trkpt lat="48.435079" lon="18.648005"><ele>400</ele></trkpt>
      <trkpt lat="48.434983" lon="18.647925"><ele>407</ele></trkpt>
      <trkpt lat="48.43485" lon="18.647884"><ele>417</ele></trkpt>
      <trkpt lat="48.434777" lon="18.64784"><ele>418</ele></trkpt>
      <trkpt lat="48.434682" lon="18.647802"><ele>426</ele></trkpt>
      <trkpt lat="48.434621" lon="18.647756"><ele>423</ele></trkpt>
      <trkpt lat="48.434581" lon="18.647713"><ele>424</ele></trkpt>
      <trkpt lat="48.434526" lon="18.647661"><ele>421</ele></trkpt>
      <trkpt lat="48.43448" lon="18.647628"><ele>420</ele></trkpt>
      <trkpt lat="48.434416" lon="18.647623"><ele>419</ele></trkpt>
      <trkpt lat="48.434366" lon="18.647622"><ele>416</ele></trkpt>
      <trkpt lat="48.434339" lon="18.647621"><ele>416</ele></trkpt>
      <trkpt lat="48.434287" lon="18.647627"><ele>415</ele></trkpt>
      <trkpt lat="48.434241" lon="18.647631"><ele>412</ele></trkpt>
      <trkpt lat="48.434213" lon="18.647631"><ele>411</ele></trkpt>
      <trkpt lat="48.434147" lon="18.647632"><ele>410</ele></trkpt>
      <trkpt lat="48.43408" lon="18.647646"><ele>410</ele></trkpt>
      <trkpt lat="48.434012" lon="18.647676"><ele>409</ele></trkpt>
      <trkpt lat="48.433959" lon="18.647691"><ele>410</ele></trkpt>
      <trkpt lat="48.433907" lon="18.647698"><ele>410</ele></trkpt>
      <trkpt lat="48.433846" lon="18.647716"><ele>410</ele></trkpt>
      <trkpt lat="48.433822" lon="18.647723"><ele>410</ele></trkpt>
      <trkpt lat="48.433797" lon="18.647728"><ele>411</ele></trkpt>
      <trkpt lat="48.433735" lon="18.647757"><ele>411</ele></trkpt>
      <trkpt lat="48.433696" lon="18.647772"><ele>409</ele></trkpt>
      <trkpt lat="48.433625" lon="18.647785"><ele>408</ele></trkpt>
      <trkpt lat="48.433526" lon="18.647819"><ele>406</ele></trkpt>
      <trkpt lat="48.433461" lon="18.647809"><ele>405</ele></trkpt>
      <trkpt lat="48.433382" lon="18.647807"><ele>406</ele></trkpt>
      <trkpt lat="48.433343" lon="18.64781"><ele>405</ele></trkpt>
      <trkpt lat="48.433293" lon="18.647816"><ele>406</ele></trkpt>
      <trkpt lat="48.433241" lon="18.647833"><ele>403</ele></trkpt>
      <trkpt lat="48.433216" lon="18.64784"><ele>403</ele></trkpt>
      <trkpt lat="48.433165" lon="18.647851"><ele>403</ele></trkpt>
      <trkpt lat="48.433126" lon="18.64786"><ele>404</ele></trkpt>
      <trkpt lat="48.433101" lon="18.647864"><ele>409</ele></trkpt>
      <trkpt lat="48.433038" lon="18.647864"><ele>407</ele></trkpt>
      <trkpt lat="48.432969" lon="18.647901"><ele>406</ele></trkpt>
      <trkpt lat="48.432939" lon="18.647919"><ele>406</ele></trkpt>
      <trkpt lat="48.432912" lon="18.647936"><ele>405</ele></trkpt>
      <trkpt lat="48.432838" lon="18.647969"><ele>406</ele></trkpt>
      <trkpt lat="48.432789" lon="18.647975"><ele>404</ele></trkpt>
      <trkpt lat="48.432728" lon="18.64799"><ele>403</ele></trkpt>
      <trkpt lat="48.432704" lon="18.647994"><ele>403</ele></trkpt>
      <trkpt lat="48.432674" lon="18.648001"><ele>401</ele></trkpt>
      <trkpt lat="48.43261" lon="18.648015"><ele>401</ele></trkpt>
      <trkpt lat="48.432562" lon="18.648035"><ele>403</ele></trkpt>
      <trkpt lat="48.432434" lon="18.648072"><ele>398</ele></trkpt>
      <trkpt lat="48.432385" lon="18.648084"><ele>399</ele></trkpt>
      <trkpt lat="48.432339" lon="18.648078"><ele>397</ele></trkpt>
      <trkpt lat="48.432313" lon="18.648073"><ele>397</ele></trkpt>
      <trkpt lat="48.43229" lon="18.648071"><ele>398</ele></trkpt>
      <trkpt lat="48.432205" lon="18.64804"><ele>396</ele></trkpt>
      <trkpt lat="48.432084" lon="18.648067"><ele>400</ele></trkpt>
      <trkpt lat="48.432057" lon="18.648071"><ele>400</ele></trkpt>
      <trkpt lat="48.432034" lon="18.648077"><ele>400</ele></trkpt>
      <trkpt lat="48.431948" lon="18.648085"><ele>397</ele></trkpt>
      <trkpt lat="48.431913" lon="18.648084"><ele>397</ele></trkpt>
      <trkpt lat="48.431877" lon="18.64808"><ele>396</ele></trkpt>
      <trkpt lat="48.431801" lon="18.64806"><ele>393</ele></trkpt>
      <trkpt lat="48.431737" lon="18.648061"><ele>393</ele></trkpt>
      <trkpt lat="48.431667" lon="18.648079"><ele>391</ele></trkpt>
      <trkpt lat="48.431638" lon="18.648085"><ele>391</ele></trkpt>
      <trkpt lat="48.431609" lon="18.64809"><ele>391</ele></trkpt>
      <trkpt lat="48.431586" lon="18.648092"><ele>392</ele></trkpt>
      <trkpt lat="48.431535" lon="18.648081"><ele>392</ele></trkpt>
      <trkpt lat="48.431504" lon="18.648075"><ele>392</ele></trkpt>
      <trkpt lat="48.431476" lon="18.648072"><ele>390</ele></trkpt>
      <trkpt lat="48.431412" lon="18.648055"><ele>390</ele></trkpt>
      <trkpt lat="48.431359" lon="18.648047"><ele>389</ele></trkpt>
      <trkpt lat="48.431307" lon="18.64804"><ele>388</ele></trkpt>
      <trkpt lat="48.431237" lon="18.648033"><ele>388</ele></trkpt>
      <trkpt lat="48.431209" lon="18.648033"><ele>387</ele></trkpt>
      <trkpt lat="48.431185" lon="18.648032"><ele>387</ele></trkpt>
      <trkpt lat="48.431159" lon="18.648032"><ele>388</ele></trkpt>
      <trkpt lat="48.431132" lon="18.648031"><ele>388</ele></trkpt>
      <trkpt lat="48.4311" lon="18.648028"><ele>387</ele></trkpt>
      <trkpt lat="48.431005" lon="18.648055"><ele>384</ele></trkpt>
      <trkpt lat="48.430928" lon="18.648037"><ele>379</ele></trkpt>
      <trkpt lat="48.430847" lon="18.647996"><ele>378</ele></trkpt>
      <trkpt lat="48.430819" lon="18.64798"><ele>377</ele></trkpt>
      <trkpt lat="48.430748" lon="18.647955"><ele>376</ele></trkpt>
      <trkpt lat="48.430686" lon="18.647942"><ele>377</ele></trkpt>
      <trkpt lat="48.430628" lon="18.647931"><ele>375</ele></trkpt>
      <trkpt lat="48.430528" lon="18.647941"><ele>373</ele></trkpt>
      <trkpt lat="48.430502" lon="18.647942"><ele>381</ele></trkpt>
      <trkpt lat="48.430476" lon="18.647941"><ele>379</ele></trkpt>
      <trkpt lat="48.430441" lon="18.647936"><ele>378</ele></trkpt>
      <trkpt lat="48.430407" lon="18.647932"><ele>377</ele></trkpt>
      <trkpt lat="48.430264" lon="18.647946"><ele>375</ele></trkpt>
      <trkpt lat="48.430229" lon="18.647949"><ele>374</ele></trkpt>
      <trkpt lat="48.430186" lon="18.647957"><ele>380</ele></trkpt>
      <trkpt lat="48.43016" lon="18.647963"><ele>378</ele></trkpt>
      <trkpt lat="48.43013" lon="18.647968"><ele>379</ele></trkpt>
      <trkpt lat="48.43" lon="18.648012"><ele>378</ele></trkpt>
      <trkpt lat="48.42996" lon="18.648024"><ele>378</ele></trkpt>
      <trkpt lat="48.42993" lon="18.648035"><ele>378</ele></trkpt>
      <trkpt lat="48.429874" lon="18.64805"><ele>380</ele></trkpt>
      <trkpt lat="48.429803" lon="18.648077"><ele>376</ele></trkpt>
      <trkpt lat="48.429721" lon="18.648088"><ele>378</ele></trkpt>
      <trkpt lat="48.429699" lon="18.648093"><ele>378</ele></trkpt>
      <trkpt lat="48.42967" lon="18.648099"><ele>379</ele></trkpt>
      <trkpt lat="48.429608" lon="18.648114"><ele>381</ele></trkpt>
      <trkpt lat="48.429577" lon="18.648118"><ele>382</ele></trkpt>
      <trkpt lat="48.429522" lon="18.648147"><ele>382</ele></trkpt>
      <trkpt lat="48.429461" lon="18.64817"><ele>384</ele></trkpt>
      <trkpt lat="48.429432" lon="18.648183"><ele>384</ele></trkpt>
      <trkpt lat="48.42941" lon="18.648196"><ele>383</ele></trkpt>
      <trkpt lat="48.42938" lon="18.648215"><ele>383</ele></trkpt>
      <trkpt lat="48.429291" lon="18.648342"><ele>382</ele></trkpt>
      <trkpt lat="48.429254" lon="18.648425"><ele>383</ele></trkpt>
      <trkpt lat="48.429225" lon="18.648483"><ele>385</ele></trkpt>
      <trkpt lat="48.429184" lon="18.648559"><ele>383</ele></trkpt>
      <trkpt lat="48.429131" lon="18.64862"><ele>383</ele></trkpt>
      <trkpt lat="48.429056" lon="18.648679"><ele>380</ele></trkpt>
      <trkpt lat="48.429012" lon="18.648704"><ele>384</ele></trkpt>
      <trkpt lat="48.428925" lon="18.648592"><ele>380</ele></trkpt>
      <trkpt lat="48.428837" lon="18.648558"><ele>380</ele></trkpt>
      <trkpt lat="48.428805" lon="18.648549"><ele>383</ele></trkpt>
      <trkpt lat="48.428746" lon="18.648489"><ele>380</ele></trkpt>
      <trkpt lat="48.428703" lon="18.648434"><ele>381</ele></trkpt>
      <trkpt lat="48.428655" lon="18.648393"><ele>382</ele></trkpt>
      <trkpt lat="48.428578" lon="18.64838"><ele>386</ele></trkpt>
      <trkpt lat="48.42852" lon="18.648344"><ele>384</ele></trkpt>
      <trkpt lat="48.428458" lon="18.648318"><ele>385</ele></trkpt>
      <trkpt lat="48.428393" lon="18.64825"><ele>382</ele></trkpt>
      <trkpt lat="48.428345" lon="18.648226"><ele>384</ele></trkpt>
      <trkpt lat="48.428299" lon="18.64818"><ele>381</ele></trkpt>
      <trkpt lat="48.428241" lon="18.648152"><ele>383</ele></trkpt>
      <trkpt lat="48.428153" lon="18.648094"><ele>381</ele></trkpt>
      <trkpt lat="48.428126" lon="18.648081"><ele>386</ele></trkpt>
      <trkpt lat="48.428076" lon="18.648042"><ele>386</ele></trkpt>
      <trkpt lat="48.428033" lon="18.647992"><ele>385</ele></trkpt>
      <trkpt lat="48.428012" lon="18.64797"><ele>384</ele></trkpt>
      <trkpt lat="48.427986" lon="18.647945"><ele>383</ele></trkpt>
      <trkpt lat="48.427962" lon="18.647919"><ele>385</ele></trkpt>
      <trkpt lat="48.427919" lon="18.647834"><ele>384</ele></trkpt>
      <trkpt lat="48.42789" lon="18.647721"><ele>381</ele></trkpt>
      <trkpt lat="48.427829" lon="18.647606"><ele>386</ele></trkpt>
      <trkpt lat="48.427768" lon="18.647555"><ele>382</ele></trkpt>
      <trkpt lat="48.427679" lon="18.647511"><ele>384</ele></trkpt>
      <trkpt lat="48.427643" lon="18.647489"><ele>385</ele></trkpt>
      <trkpt lat="48.427609" lon="18.647466"><ele>385</ele></trkpt>
      <trkpt lat="48.427578" lon="18.647447"><ele>387</ele></trkpt>
      <trkpt lat="48.427511" lon="18.647435"><ele>390</ele></trkpt>
      <trkpt lat="48.427427" lon="18.64744"><ele>389</ele></trkpt>
      <trkpt lat="48.427387" lon="18.647439"><ele>387</ele></trkpt>
      <trkpt lat="48.427344" lon="18.647405"><ele>388</ele></trkpt>
      <trkpt lat="48.427314" lon="18.647384"><ele>389</ele></trkpt>
      <trkpt lat="48.427265" lon="18.647405"><ele>386</ele></trkpt>
      <trkpt lat="48.427223" lon="18.647438"><ele>388</ele></trkpt>
      <trkpt lat="48.427179" lon="18.647476"><ele>390</ele></trkpt>
      <trkpt lat="48.427151" lon="18.647551"><ele>387</ele></trkpt>
      <trkpt lat="48.427101" lon="18.647579"><ele>393</ele></trkpt>
      <trkpt lat="48.427072" lon="18.647596"><ele>394</ele></trkpt>
      <trkpt lat="48.426996" lon="18.647697"><ele>394</ele></trkpt>
      <trkpt lat="48.426959" lon="18.647778"><ele>398</ele></trkpt>
      <trkpt lat="48.426945" lon="18.64786"><ele>399</ele></trkpt>
      <trkpt lat="48.426918" lon="18.647927"><ele>397</ele></trkpt>
      <trkpt lat="48.426899" lon="18.647967"><ele>396</ele></trkpt>
      <trkpt lat="48.42686" lon="18.648011"><ele>398</ele></trkpt>
      <trkpt lat="48.426824" lon="18.648081"><ele>399</ele></trkpt>
      <trkpt lat="48.426801" lon="18.648142"><ele>400</ele></trkpt>
      <trkpt lat="48.42678" lon="18.648209"><ele>400</ele></trkpt>
      <trkpt lat="48.426739" lon="18.648299"><ele>394</ele></trkpt>
      <trkpt lat="48.426721" lon="18.648341"><ele>392</ele></trkpt>
      <trkpt lat="48.426687" lon="18.648398"><ele>393</ele></trkpt>
      <trkpt lat="48.426653" lon="18.648498"><ele>394</ele></trkpt>
      <trkpt lat="48.426607" lon="18.64857"><ele>396</ele></trkpt>
      <trkpt lat="48.426579" lon="18.648628"><ele>396</ele></trkpt>
      <trkpt lat="48.426556" lon="18.648686"><ele>397</ele></trkpt>
      <trkpt lat="48.426508" lon="18.648748"><ele>396</ele></trkpt>
      <trkpt lat="48.426474" lon="18.64879"><ele>397</ele></trkpt>
      <trkpt lat="48.426454" lon="18.648817"><ele>395</ele></trkpt>
      <trkpt lat="48.426381" lon="18.648895"><ele>397</ele></trkpt>
      <trkpt lat="48.426357" lon="18.648968"><ele>400</ele></trkpt>
      <trkpt lat="48.426342" lon="18.649033"><ele>403</ele></trkpt>
      <trkpt lat="48.426313" lon="18.6491"><ele>403</ele></trkpt>
      <trkpt lat="48.426321" lon="18.6492"><ele>404</ele></trkpt>
      <trkpt lat="48.426307" lon="18.649288"><ele>406</ele></trkpt>
      <trkpt lat="48.426301" lon="18.64937"><ele>404</ele></trkpt>
      <trkpt lat="48.42628" lon="18.649442"><ele>406</ele></trkpt>
      <trkpt lat="48.426271" lon="18.649478"><ele>406</ele></trkpt>
      <trkpt lat="48.426247" lon="18.649541"><ele>406</ele></trkpt>
      <trkpt lat="48.426228" lon="18.649608"><ele>403</ele></trkpt>
      <trkpt lat="48.42624" lon="18.649696"><ele>401</ele></trkpt>
      <trkpt lat="48.426183" lon="18.649805"><ele>403</ele></trkpt>
      <trkpt lat="48.426135" lon="18.649848"><ele>406</ele></trkpt>
      <trkpt lat="48.426115" lon="18.649868"><ele>408</ele></trkpt>
      <trkpt lat="48.426081" lon="18.649953"><ele>409</ele></trkpt>
      <trkpt lat="48.426061" lon="18.650005"><ele>411</ele></trkpt>
      <trkpt lat="48.426004" lon="18.650072"><ele>405</ele></trkpt>
      <trkpt lat="48.425979" lon="18.650099"><ele>407</ele></trkpt>
      <trkpt lat="48.425936" lon="18.650133"><ele>410</ele></trkpt>
      <trkpt lat="48.425889" lon="18.650162"><ele>415</ele></trkpt>
      <trkpt lat="48.425856" lon="18.65018"><ele>420</ele></trkpt>
      <trkpt lat="48.425786" lon="18.650258"><ele>423</ele></trkpt>
      <trkpt lat="48.42576" lon="18.650286"><ele>427</ele></trkpt>
      <trkpt lat="48.425714" lon="18.650306"><ele>425</ele></trkpt>
      <trkpt lat="48.425637" lon="18.650363"><ele>427</ele></trkpt>
      <trkpt lat="48.425535" lon="18.650396"><ele>427</ele></trkpt>
      <trkpt lat="48.425486" lon="18.650435"><ele>429</ele></trkpt>
      <trkpt lat="48.425438" lon="18.650484"><ele>430</ele></trkpt>
      <trkpt lat="48.425389" lon="18.650505"><ele>433</ele></trkpt>
      <trkpt lat="48.425306" lon="18.650533"><ele>436</ele></trkpt>
      <trkpt lat="48.425247" lon="18.650562"><ele>436</ele></trkpt>
      <trkpt lat="48.425201" lon="18.65061"><ele>427</ele></trkpt>
      <trkpt lat="48.425145" lon="18.650634"><ele>428</ele></trkpt>
      <trkpt lat="48.425018" lon="18.650678"><ele>426</ele></trkpt>
      <trkpt lat="48.424968" lon="18.650703"><ele>426</ele></trkpt>
      <trkpt lat="48.424912" lon="18.650718"><ele>427</ele></trkpt>
      <trkpt lat="48.424876" lon="18.650729"><ele>426</ele></trkpt>
      <trkpt lat="48.424829" lon="18.650712"><ele>417</ele></trkpt>
      <trkpt lat="48.424804" lon="18.650706"><ele>422</ele></trkpt>
      <trkpt lat="48.424747" lon="18.650719"><ele>425</ele></trkpt>
      <trkpt lat="48.424702" lon="18.650724"><ele>427</ele></trkpt>
      <trkpt lat="48.424625" lon="18.65067"><ele>426</ele></trkpt>
      <trkpt lat="48.424567" lon="18.650662"><ele>416</ele></trkpt>
      <trkpt lat="48.424544" lon="18.650656"><ele>423</ele></trkpt>
      <trkpt lat="48.424489" lon="18.65063"><ele>427</ele></trkpt>
      <trkpt lat="48.424441" lon="18.650605"><ele>426</ele></trkpt>
      <trkpt lat="48.424419" lon="18.650594"><ele>423</ele></trkpt>
      <trkpt lat="48.424374" lon="18.650566"><ele>424</ele></trkpt>
      <trkpt lat="48.424311" lon="18.650507"><ele>424</ele></trkpt>
      <trkpt lat="48.424255" lon="18.650534"><ele>407</ele></trkpt>
      <trkpt lat="48.42421" lon="18.650568"><ele>411</ele></trkpt>
      <trkpt lat="48.424186" lon="18.650587"><ele>413</ele></trkpt>
      <trkpt lat="48.42416" lon="18.650605"><ele>415</ele></trkpt>
      <trkpt lat="48.424101" lon="18.650639"><ele>416</ele></trkpt>
      <trkpt lat="48.424079" lon="18.650654"><ele>419</ele></trkpt>
      <trkpt lat="48.424043" lon="18.650673"><ele>422</ele></trkpt>
      <trkpt lat="48.423997" lon="18.65068"><ele>425</ele></trkpt>
      <trkpt lat="48.423994" lon="18.650656"><ele>427</ele></trkpt>
      <trkpt lat="48.423938" lon="18.650662"><ele>430</ele></trkpt>
      <trkpt lat="48.423891" lon="18.650634"><ele>433</ele></trkpt>
      <trkpt lat="48.423837" lon="18.650602"><ele>435</ele></trkpt>
      <trkpt lat="48.423764" lon="18.650615"><ele>439</ele></trkpt>
      <trkpt lat="48.423716" lon="18.650636"><ele>439</ele></trkpt>
      <trkpt lat="48.423687" lon="18.650646"><ele>440</ele></trkpt>
      <trkpt lat="48.423644" lon="18.650621"><ele>441</ele></trkpt>
      <trkpt lat="48.423611" lon="18.65057"><ele>443</ele></trkpt>
      <trkpt lat="48.423566" lon="18.650567"><ele>420</ele></trkpt>
      <trkpt lat="48.423542" lon="18.650568"><ele>425</ele></trkpt>
      <trkpt lat="48.423503" lon="18.650573"><ele>435</ele></trkpt>
      <trkpt lat="48.423566" lon="18.650567"><ele>420</ele></trkpt>
      <trkpt lat="48.423521" lon="18.650547"><ele>442</ele></trkpt>
      <trkpt lat="48.423447" lon="18.650606"><ele>442</ele></trkpt>
      <trkpt lat="48.423373" lon="18.650653"><ele>443</ele></trkpt>
      <trkpt lat="48.423309" lon="18.65069"><ele>447</ele></trkpt>
      <trkpt lat="48.423287" lon="18.650702"><ele>447</ele></trkpt>
      <trkpt lat="48.423219" lon="18.650755"><ele>445</ele></trkpt>
      <trkpt lat="48.423165" lon="18.650813"><ele>444</ele></trkpt>
      <trkpt lat="48.423147" lon="18.650834"><ele>446</ele></trkpt>
      <trkpt lat="48.423112" lon="18.65088"><ele>450</ele></trkpt>
      <trkpt lat="48.423078" lon="18.650921"><ele>440</ele></trkpt>
      <trkpt lat="48.423058" lon="18.650945"><ele>444</ele></trkpt>
      <trkpt lat="48.423001" lon="18.651009"><ele>449</ele></trkpt>
      <trkpt lat="48.422972" lon="18.651076"><ele>458</ele></trkpt>
      <trkpt lat="48.422924" lon="18.651147"><ele>450</ele></trkpt>
      <trkpt lat="48.422882" lon="18.651212"><ele>459</ele></trkpt>
      <trkpt lat="48.422842" lon="18.651242"><ele>445</ele></trkpt>
      <trkpt lat="48.422798" lon="18.651261"><ele>460</ele></trkpt>
      <trkpt lat="48.422777" lon="18.651324"><ele>464</ele></trkpt>
      <trkpt lat="48.422801" lon="18.651382"><ele>465</ele></trkpt>
      <trkpt lat="48.422856" lon="18.65144"><ele>465</ele></trkpt>
      <trkpt lat="48.422862" lon="18.651524"><ele>464</ele></trkpt>
      <trkpt lat="48.42283" lon="18.65159"><ele>465</ele></trkpt>
      <trkpt lat="48.42279" lon="18.651642"><ele>467</ele></trkpt>
      <trkpt lat="48.422771" lon="18.651669"><ele>468</ele></trkpt>
      <trkpt lat="48.422752" lon="18.651697"><ele>468</ele></trkpt>
      <trkpt lat="48.422731" lon="18.651729"><ele>468</ele></trkpt>
      <trkpt lat="48.422711" lon="18.651756"><ele>437</ele></trkpt>
      <trkpt lat="48.42268" lon="18.651828"><ele>456</ele></trkpt>
      <trkpt lat="48.422659" lon="18.6519"><ele>461</ele></trkpt>
      <trkpt lat="48.422649" lon="18.651979"><ele>465</ele></trkpt>
      <trkpt lat="48.422632" lon="18.652052"><ele>466</ele></trkpt>
      <trkpt lat="48.422631" lon="18.652141"><ele>468</ele></trkpt>
      <trkpt lat="48.422638" lon="18.652209"><ele>469</ele></trkpt>
      <trkpt lat="48.422654" lon="18.652284"><ele>472</ele></trkpt>
      <trkpt lat="48.422666" lon="18.652366"><ele>473</ele></trkpt>
      <trkpt lat="48.422665" lon="18.652446"><ele>473</ele></trkpt>
      <trkpt lat="48.422629" lon="18.652516"><ele>450</ele></trkpt>
      <trkpt lat="48.4227" lon="18.652599"><ele>460</ele></trkpt>
      <trkpt lat="48.422714" lon="18.652681"><ele>466</ele></trkpt>
      <trkpt lat="48.422722" lon="18.652744"><ele>475</ele></trkpt>
      <trkpt lat="48.422748" lon="18.652813"><ele>479</ele></trkpt>
      <trkpt lat="48.422784" lon="18.652861"><ele>476</ele></trkpt>
      <trkpt lat="48.422812" lon="18.652928"><ele>480</ele></trkpt>
      <trkpt lat="48.422817" lon="18.652996"><ele>482</ele></trkpt>
      <trkpt lat="48.422809" lon="18.653075"><ele>483</ele></trkpt>
      <trkpt lat="48.422843" lon="18.653149"><ele>476</ele></trkpt>
      <trkpt lat="48.422896" lon="18.653181"><ele>477</ele></trkpt>
      <trkpt lat="48.422936" lon="18.653214"><ele>479</ele></trkpt>
      <trkpt lat="48.422968" lon="18.65327"><ele>479</ele></trkpt>
      <trkpt lat="48.42302" lon="18.653337"><ele>462</ele></trkpt>
      <trkpt lat="48.423027" lon="18.653425"><ele>465</ele></trkpt>
      <trkpt lat="48.423029" lon="18.653461"><ele>469</ele></trkpt>
      <trkpt lat="48.423119" lon="18.653442"><ele>475</ele></trkpt>
      <trkpt lat="48.423163" lon="18.653456"><ele>478</ele></trkpt>
      <trkpt lat="48.423218" lon="18.653492"><ele>478</ele></trkpt>
      <trkpt lat="48.423274" lon="18.653537"><ele>455</ele></trkpt>
      <trkpt lat="48.423327" lon="18.653534"><ele>472</ele></trkpt>
      <trkpt lat="48.423367" lon="18.65353"><ele>476</ele></trkpt>
      <trkpt lat="48.423407" lon="18.653563"><ele>483</ele></trkpt>
      <trkpt lat="48.42345" lon="18.65349"><ele>487</ele></trkpt>
      <trkpt lat="48.423498" lon="18.653534"><ele>495</ele></trkpt>
      <trkpt lat="48.423538" lon="18.653586"><ele>495</ele></trkpt>
      <trkpt lat="48.423584" lon="18.653623"><ele>495</ele></trkpt>
      <trkpt lat="48.423605" lon="18.653638"><ele>496</ele></trkpt>
      <trkpt lat="48.423663" lon="18.653654"><ele>495</ele></trkpt>
      <trkpt lat="48.423724" lon="18.653663"><ele>494</ele></trkpt>
      <trkpt lat="48.423754" lon="18.653665"><ele>494</ele></trkpt>
      <trkpt lat="48.423801" lon="18.653683"><ele>458</ele></trkpt>
      <trkpt lat="48.423844" lon="18.653724"><ele>483</ele></trkpt>
      <trkpt lat="48.42389" lon="18.653721"><ele>483</ele></trkpt>
      <trkpt lat="48.423937" lon="18.653786"><ele>488</ele></trkpt>
      <trkpt lat="48.423962" lon="18.653853"><ele>491</ele></trkpt>
      <trkpt lat="48.424013" lon="18.653864"><ele>475</ele></trkpt>
      <trkpt lat="48.424064" lon="18.653863"><ele>478</ele></trkpt>
      <trkpt lat="48.424124" lon="18.653902"><ele>453</ele></trkpt>
      <trkpt lat="48.424186" lon="18.653919"><ele>475</ele></trkpt>
      <trkpt lat="48.424255" lon="18.653896"><ele>479</ele></trkpt>
      <trkpt lat="48.424304" lon="18.653855"><ele>483</ele></trkpt>
      <trkpt lat="48.424355" lon="18.653923"><ele>487</ele></trkpt>
      <trkpt lat="48.424409" lon="18.653966"><ele>487</ele></trkpt>
      <trkpt lat="48.424457" lon="18.653984"><ele>491</ele></trkpt>
      <trkpt lat="48.424504" lon="18.653974"><ele>496</ele></trkpt>
      <trkpt lat="48.424563" lon="18.653981"><ele>493</ele></trkpt>
      <trkpt lat="48.42462" lon="18.654051"><ele>494</ele></trkpt>
      <trkpt lat="48.424641" lon="18.654143"><ele>496</ele></trkpt>
      <trkpt lat="48.424675" lon="18.654217"><ele>497</ele></trkpt>
      <trkpt lat="48.424719" lon="18.654257"><ele>501</ele></trkpt>
      <trkpt lat="48.424782" lon="18.654125"><ele>503</ele></trkpt>
      <trkpt lat="48.424836" lon="18.654097"><ele>502</ele></trkpt>
      <trkpt lat="48.424896" lon="18.654088"><ele>502</ele></trkpt>
      <trkpt lat="48.424944" lon="18.654016"><ele>505</ele></trkpt>
      <trkpt lat="48.425007" lon="18.654034"><ele>511</ele></trkpt>
      <trkpt lat="48.425052" lon="18.654082"><ele>477</ele></trkpt>
      <trkpt lat="48.425099" lon="18.654122"><ele>499</ele></trkpt>
      <trkpt lat="48.425144" lon="18.654184"><ele>503</ele></trkpt>
      <trkpt lat="48.425197" lon="18.65419"><ele>514</ele></trkpt>
      <trkpt lat="48.425235" lon="18.654154"><ele>514</ele></trkpt>
      <trkpt lat="48.425289" lon="18.654151"><ele>517</ele></trkpt>
      <trkpt lat="48.425331" lon="18.654144"><ele>517</ele></trkpt>
      <trkpt lat="48.425363" lon="18.654138"><ele>518</ele></trkpt>
      <trkpt lat="48.425391" lon="18.654193"><ele>487</ele></trkpt>
      <trkpt lat="48.425439" lon="18.654219"><ele>503</ele></trkpt>
      <trkpt lat="48.4255" lon="18.654198"><ele>509</ele></trkpt>
      <trkpt lat="48.425548" lon="18.654211"><ele>517</ele></trkpt>
      <trkpt lat="48.425596" lon="18.654238"><ele>522</ele></trkpt>
      <trkpt lat="48.425629" lon="18.654256"><ele>522</ele></trkpt>
      <trkpt lat="48.425676" lon="18.654271"><ele>523</ele></trkpt>
      <trkpt lat="48.425726" lon="18.654274"><ele>525</ele></trkpt>
      <trkpt lat="48.425767" lon="18.654302"><ele>525</ele></trkpt>
      <trkpt lat="48.425813" lon="18.654345"><ele>527</ele></trkpt>
      <trkpt lat="48.425865" lon="18.654356"><ele>528</ele></trkpt>
      <trkpt lat="48.425915" lon="18.654377"><ele>527</ele></trkpt>
      <trkpt lat="48.425966" lon="18.654377"><ele>529</ele></trkpt>
      <trkpt lat="48.426018" lon="18.654393"><ele>529</ele></trkpt>
      <trkpt lat="48.426072" lon="18.654423"><ele>529</ele></trkpt>
      <trkpt lat="48.426103" lon="18.654473"><ele>530</ele></trkpt>
      <trkpt lat="48.426146" lon="18.654507"><ele>535</ele></trkpt>
      <trkpt lat="48.426198" lon="18.654531"><ele>537</ele></trkpt>
      <trkpt lat="48.426236" lon="18.654577"><ele>536</ele></trkpt>
      <trkpt lat="48.426281" lon="18.654599"><ele>535</ele></trkpt>
      <trkpt lat="48.426331" lon="18.65461"><ele>480</ele></trkpt>
      <trkpt lat="48.426383" lon="18.654608"><ele>512</ele></trkpt>
      <trkpt lat="48.426437" lon="18.654667"><ele>525</ele></trkpt>
      <trkpt lat="48.426497" lon="18.654687"><ele>532</ele></trkpt>
      <trkpt lat="48.426531" lon="18.654693"><ele>536</ele></trkpt>
      <trkpt lat="48.426587" lon="18.654733"><ele>540</ele></trkpt>
      <trkpt lat="48.426614" lon="18.654755"><ele>544</ele></trkpt>
      <trkpt lat="48.426653" lon="18.654803"><ele>549</ele></trkpt>
      <trkpt lat="48.426692" lon="18.654879"><ele>548</ele></trkpt>
      <trkpt lat="48.42674" lon="18.654906"><ele>511</ele></trkpt>
      <trkpt lat="48.426801" lon="18.654968"><ele>538</ele></trkpt>
      <trkpt lat="48.426835" lon="18.655006"><ele>540</ele></trkpt>
      <trkpt lat="48.426866" lon="18.655036"><ele>517</ele></trkpt>
      <trkpt lat="48.426907" lon="18.655069"><ele>531</ele></trkpt>
      <trkpt lat="48.426954" lon="18.655113"><ele>539</ele></trkpt>
      <trkpt lat="48.427011" lon="18.65512"><ele>551</ele></trkpt>
      <trkpt lat="48.427052" lon="18.655183"><ele>551</ele></trkpt>
      <trkpt lat="48.427074" lon="18.655219"><ele>512</ele></trkpt>
      <trkpt lat="48.427122" lon="18.655254"><ele>533</ele></trkpt>
      <trkpt lat="48.42719" lon="18.65531"><ele>539</ele></trkpt>
      <trkpt lat="48.427201" lon="18.655385"><ele>548</ele></trkpt>
      <trkpt lat="48.427237" lon="18.65545"><ele>553</ele></trkpt>
      <trkpt lat="48.427272" lon="18.655497"><ele>551</ele></trkpt>
      <trkpt lat="48.427326" lon="18.655515"><ele>555</ele></trkpt>
      <trkpt lat="48.427358" lon="18.655568"><ele>558</ele></trkpt>
      <trkpt lat="48.427402" lon="18.655611"><ele>557</ele></trkpt>
      <trkpt lat="48.427428" lon="18.655666"><ele>560</ele></trkpt>
      <trkpt lat="48.427476" lon="18.655696"><ele>561</ele></trkpt>
      <trkpt lat="48.427521" lon="18.655741"><ele>560</ele></trkpt>
      <trkpt lat="48.427573" lon="18.655805"><ele>527</ele></trkpt>
      <trkpt lat="48.427619" lon="18.655825"><ele>549</ele></trkpt>
      <trkpt lat="48.427664" lon="18.655867"><ele>530</ele></trkpt>
      <trkpt lat="48.427677" lon="18.655935"><ele>545</ele></trkpt>
      <trkpt lat="48.427716" lon="18.655982"><ele>551</ele></trkpt>
      <trkpt lat="48.427758" lon="18.656018"><ele>562</ele></trkpt>
      <trkpt lat="48.427771" lon="18.656083"><ele>564</ele></trkpt>
      <trkpt lat="48.427799" lon="18.656137"><ele>569</ele></trkpt>
      <trkpt lat="48.427824" lon="18.656181"><ele>570</ele></trkpt>
      <trkpt lat="48.427887" lon="18.656183"><ele>538</ele></trkpt>
      <trkpt lat="48.42793" lon="18.656235"><ele>552</ele></trkpt>
      <trkpt lat="48.427967" lon="18.656292"><ele>511</ele></trkpt>
      <trkpt lat="48.427999" lon="18.656372"><ele>554</ele></trkpt>
      <trkpt lat="48.428034" lon="18.656424"><ele>566</ele></trkpt>
      <trkpt lat="48.42806" lon="18.65649"><ele>576</ele></trkpt>
      <trkpt lat="48.428081" lon="18.656561"><ele>577</ele></trkpt>
      <trkpt lat="48.428109" lon="18.656639"><ele>577</ele></trkpt>
      <trkpt lat="48.428124" lon="18.656687"><ele>505</ele></trkpt>
      <trkpt lat="48.428142" lon="18.656765"><ele>539</ele></trkpt>
      <trkpt lat="48.428171" lon="18.656817"><ele>554</ele></trkpt>
      <trkpt lat="48.428187" lon="18.656845"><ele>572</ele></trkpt>
      <trkpt lat="48.428206" lon="18.656917"><ele>584</ele></trkpt>
      <trkpt lat="48.428255" lon="18.656937"><ele>582</ele></trkpt>
      <trkpt lat="48.42831" lon="18.656974"><ele>584</ele></trkpt>
      <trkpt lat="48.428358" lon="18.656995"><ele>585</ele></trkpt>
      <trkpt lat="48.428384" lon="18.65706"><ele>588</ele></trkpt>
      <trkpt lat="48.4284" lon="18.657104"><ele>591</ele></trkpt>
      <trkpt lat="48.428409" lon="18.657172"><ele>533</ele></trkpt>
      <trkpt lat="48.428437" lon="18.657227"><ele>574</ele></trkpt>
      <trkpt lat="48.428436" lon="18.657334"><ele>589</ele></trkpt>
      <trkpt lat="48.42848" lon="18.657378"><ele>597</ele></trkpt>
      <trkpt lat="48.428536" lon="18.65741"><ele>597</ele></trkpt>
      <trkpt lat="48.428576" lon="18.657456"><ele>595</ele></trkpt>
      <trkpt lat="48.428627" lon="18.657501"><ele>598</ele></trkpt>
      <trkpt lat="48.428677" lon="18.657486"><ele>600</ele></trkpt>
      <trkpt lat="48.428726" lon="18.657512"><ele>599</ele></trkpt>
      <trkpt lat="48.428774" lon="18.657547"><ele>602</ele></trkpt>
      <trkpt lat="48.428822" lon="18.657562"><ele>535</ele></trkpt>
      <trkpt lat="48.428877" lon="18.657562"><ele>570</ele></trkpt>
      <trkpt lat="48.428932" lon="18.657594"><ele>580</ele></trkpt>
      <trkpt lat="48.429007" lon="18.657588"><ele>587</ele></trkpt>
      <trkpt lat="48.429053" lon="18.657584"><ele>592</ele></trkpt>
      <trkpt lat="48.429083" lon="18.657644"><ele>598</ele></trkpt>
      <trkpt lat="48.429132" lon="18.657663"><ele>604</ele></trkpt>
      <trkpt lat="48.429176" lon="18.657705"><ele>606</ele></trkpt>
      <trkpt lat="48.429249" lon="18.657704"><ele>606</ele></trkpt>
      <trkpt lat="48.429294" lon="18.657748"><ele>606</ele></trkpt>
      <trkpt lat="48.429341" lon="18.657747"><ele>607</ele></trkpt>
      <trkpt lat="48.429377" lon="18.657809"><ele>613</ele></trkpt>
      <trkpt lat="48.429404" lon="18.657877"><ele>614</ele></trkpt>
      <trkpt lat="48.42945" lon="18.657885"><ele>613</ele></trkpt>
      <trkpt lat="48.429493" lon="18.65791"><ele>615</ele></trkpt>
      <trkpt lat="48.429537" lon="18.65793"><ele>618</ele></trkpt>
      <trkpt lat="48.42956" lon="18.657943"><ele>616</ele></trkpt>
      <trkpt lat="48.429613" lon="18.657981"><ele>618</ele></trkpt>
      <trkpt lat="48.429651" lon="18.65804"><ele>620</ele></trkpt>
      <trkpt lat="48.429683" lon="18.658105"><ele>579</ele></trkpt>
      <trkpt lat="48.429731" lon="18.658115"><ele>594</ele></trkpt>
      <trkpt lat="48.429801" lon="18.658065"><ele>542</ele></trkpt>
      <trkpt lat="48.429849" lon="18.658117"><ele>582</ele></trkpt>
      <trkpt lat="48.429892" lon="18.658188"><ele>595</ele></trkpt>
      <trkpt lat="48.429956" lon="18.658241"><ele>598</ele></trkpt>
      <trkpt lat="48.43001" lon="18.658261"><ele>605</ele></trkpt>
      <trkpt lat="48.430039" lon="18.658293"><ele>538</ele></trkpt>
      <trkpt lat="48.43006" lon="18.658371"><ele>623</ele></trkpt>
      <trkpt lat="48.430112" lon="18.658381"><ele>619</ele></trkpt>
      <trkpt lat="48.43016" lon="18.658419"><ele>620</ele></trkpt>
      <trkpt lat="48.43021" lon="18.658415"><ele>620</ele></trkpt>
      <trkpt lat="48.430254" lon="18.658442"><ele>623</ele></trkpt>
      <trkpt lat="48.430301" lon="18.658455"><ele>526</ele></trkpt>
      <trkpt lat="48.43034" lon="18.658503"><ele>564</ele></trkpt>
      <trkpt lat="48.430379" lon="18.658541"><ele>576</ele></trkpt>
      <trkpt lat="48.430426" lon="18.658543"><ele>605</ele></trkpt>
      <trkpt lat="48.430467" lon="18.658578"><ele>604</ele></trkpt>
      <trkpt lat="48.430532" lon="18.65853"><ele>611</ele></trkpt>
      <trkpt lat="48.430578" lon="18.65856"><ele>620</ele></trkpt>
      <trkpt lat="48.430638" lon="18.658561"><ele>623</ele></trkpt>
      <trkpt lat="48.430668" lon="18.658561"><ele>625</ele></trkpt>
      <trkpt lat="48.430703" lon="18.658612"><ele>634</ele></trkpt>
      <trkpt lat="48.430719" lon="18.658638"><ele>524</ele></trkpt>
      <trkpt lat="48.430788" lon="18.658677"><ele>597</ele></trkpt>
      <trkpt lat="48.430816" lon="18.65869"><ele>606</ele></trkpt>
      <trkpt lat="48.430866" lon="18.658718"><ele>619</ele></trkpt>
      <trkpt lat="48.4309" lon="18.658737"><ele>625</ele></trkpt>
      <trkpt lat="48.430929" lon="18.658757"><ele>631</ele></trkpt>
      <trkpt lat="48.430972" lon="18.658736"><ele>640</ele></trkpt>
      <trkpt lat="48.431008" lon="18.658794"><ele>645</ele></trkpt>
      <trkpt lat="48.431045" lon="18.658878"><ele>642</ele></trkpt>
      <trkpt lat="48.431093" lon="18.658917"><ele>646</ele></trkpt>
      <trkpt lat="48.431129" lon="18.658966"><ele>646</ele></trkpt>
      <trkpt lat="48.431172" lon="18.658988"><ele>654</ele></trkpt>
      <trkpt lat="48.431217" lon="18.658953"><ele>656</ele></trkpt>
      <trkpt lat="48.431238" lon="18.658882"><ele>660</ele></trkpt>
      <trkpt lat="48.431267" lon="18.658778"><ele>662</ele></trkpt>
      <trkpt lat="48.431313" lon="18.658756"><ele>667</ele></trkpt>
      <trkpt lat="48.431337" lon="18.658678"><ele>667</ele></trkpt>
      <trkpt lat="48.431349" lon="18.658591"><ele>670</ele></trkpt>
      <trkpt lat="48.431377" lon="18.658512"><ele>671</ele></trkpt>
      <trkpt lat="48.431404" lon="18.658457"><ele>624</ele></trkpt>
      <trkpt lat="48.431443" lon="18.658408"><ele>630</ele></trkpt>
      <trkpt lat="48.431495" lon="18.658336"><ele>644</ele></trkpt>
      <trkpt lat="48.431535" lon="18.658263"><ele>652</ele></trkpt>
      <trkpt lat="48.431576" lon="18.658222"><ele>658</ele></trkpt>
      <trkpt lat="48.431611" lon="18.658191"><ele>663</ele></trkpt>
      <trkpt lat="48.431649" lon="18.658145"><ele>667</ele></trkpt>
      <trkpt lat="48.431684" lon="18.658101"><ele>666</ele></trkpt>
      <trkpt lat="48.431705" lon="18.658072"><ele>668</ele></trkpt>
      <trkpt lat="48.431759" lon="18.657994"><ele>666</ele></trkpt>
      <trkpt lat="48.431814" lon="18.657946"><ele>667</ele></trkpt>
      <trkpt lat="48.43189" lon="18.65789"><ele>668</ele></trkpt>
      <trkpt lat="48.431928" lon="18.657845"><ele>667</ele></trkpt>
      <trkpt lat="48.431993" lon="18.657778"><ele>666</ele></trkpt>
      <trkpt lat="48.432014" lon="18.657755"><ele>666</ele></trkpt>
      <trkpt lat="48.432035" lon="18.657728"><ele>666</ele></trkpt>
      <trkpt lat="48.432054" lon="18.657706"><ele>666</ele></trkpt>
      <trkpt lat="48.432074" lon="18.657685"><ele>666</ele></trkpt>
      <trkpt lat="48.432122" lon="18.657647"><ele>664</ele></trkpt>
      <trkpt lat="48.43219" lon="18.657593"><ele>663</ele></trkpt>
      <trkpt lat="48.432226" lon="18.657562"><ele>661</ele></trkpt>
      <trkpt lat="48.432297" lon="18.657514"><ele>660</ele></trkpt>
      <trkpt lat="48.432353" lon="18.657491"><ele>660</ele></trkpt>
      <trkpt lat="48.432377" lon="18.657481"><ele>660</ele></trkpt>
      <trkpt lat="48.43245" lon="18.657414"><ele>658</ele></trkpt>
      <trkpt lat="48.432531" lon="18.657287"><ele>659</ele></trkpt>
      <trkpt lat="48.432579" lon="18.657263"><ele>663</ele></trkpt>
      <trkpt lat="48.432621" lon="18.657227"><ele>663</ele></trkpt>
      <trkpt lat="48.432671" lon="18.657234"><ele>661</ele></trkpt>
      <trkpt lat="48.432716" lon="18.657219"><ele>665</ele></trkpt>
      <trkpt lat="48.432771" lon="18.657174"><ele>661</ele></trkpt>
      <trkpt lat="48.432844" lon="18.657132"><ele>663</ele></trkpt>
      <trkpt lat="48.432888" lon="18.657078"><ele>663</ele></trkpt>
      <trkpt lat="48.432934" lon="18.65704"><ele>663</ele></trkpt>
      <trkpt lat="48.432982" lon="18.657016"><ele>664</ele></trkpt>
      <trkpt lat="48.433027" lon="18.657007"><ele>664</ele></trkpt>
      <trkpt lat="48.433031" lon="18.657028"><ele>663</ele></trkpt>
      <trkpt lat="48.433087" lon="18.657011"><ele>662</ele></trkpt>
      <trkpt lat="48.433113" lon="18.657002"><ele>662</ele></trkpt>
      <trkpt lat="48.433177" lon="18.656994"><ele>661</ele></trkpt>
      <trkpt lat="48.433215" lon="18.656957"><ele>661</ele></trkpt>
      <trkpt lat="48.43326" lon="18.656973"><ele>662</ele></trkpt>
      <trkpt lat="48.433307" lon="18.657053"><ele>664</ele></trkpt>
      <trkpt lat="48.433347" lon="18.657123"><ele>663</ele></trkpt>
      <trkpt lat="48.433389" lon="18.657164"><ele>663</ele></trkpt>
      <trkpt lat="48.433417" lon="18.657193"><ele>666</ele></trkpt>
      <trkpt lat="48.433433" lon="18.657258"><ele>666</ele></trkpt>
      <trkpt lat="48.433487" lon="18.657297"><ele>664</ele></trkpt>
      <trkpt lat="48.433555" lon="18.657316"><ele>664</ele></trkpt>
      <trkpt lat="48.433594" lon="18.657352"><ele>661</ele></trkpt>
      <trkpt lat="48.433637" lon="18.657372"><ele>662</ele></trkpt>
      <trkpt lat="48.4337" lon="18.657336"><ele>661</ele></trkpt>
      <trkpt lat="48.433748" lon="18.657286"><ele>659</ele></trkpt>
      <trkpt lat="48.433803" lon="18.657264"><ele>659</ele></trkpt>
      <trkpt lat="48.433841" lon="18.65731"><ele>661</ele></trkpt>
      <trkpt lat="48.433867" lon="18.657346"><ele>662</ele></trkpt>
      <trkpt lat="48.433945" lon="18.657405"><ele>661</ele></trkpt>
      <trkpt lat="48.433989" lon="18.657469"><ele>662</ele></trkpt>
      <trkpt lat="48.434014" lon="18.657505"><ele>662</ele></trkpt>
      <trkpt lat="48.434038" lon="18.657536"><ele>662</ele></trkpt>
      <trkpt lat="48.434109" lon="18.657559"><ele>660</ele></trkpt>
      <trkpt lat="48.434161" lon="18.657583"><ele>662</ele></trkpt>
      <trkpt lat="48.434224" lon="18.657582"><ele>661</ele></trkpt>
      <trkpt lat="48.434272" lon="18.657605"><ele>662</ele></trkpt>
      <trkpt lat="48.434308" lon="18.657618"><ele>661</ele></trkpt>
      <trkpt lat="48.434354" lon="18.657623"><ele>662</ele></trkpt>
      <trkpt lat="48.434391" lon="18.65767"><ele>663</ele></trkpt>
      <trkpt lat="48.434445" lon="18.657688"><ele>665</ele></trkpt>
      <trkpt lat="48.434536" lon="18.657715"><ele>661</ele></trkpt>
      <trkpt lat="48.434589" lon="18.657789"><ele>661</ele></trkpt>
      <trkpt lat="48.434609" lon="18.657849"><ele>662</ele></trkpt>
      <trkpt lat="48.434647" lon="18.657974"><ele>661</ele></trkpt>
      <trkpt lat="48.434732" lon="18.658071"><ele>660</ele></trkpt>
      <trkpt lat="48.434778" lon="18.658086"><ele>659</ele></trkpt>
      <trkpt lat="48.434832" lon="18.658081"><ele>657</ele></trkpt>
      <trkpt lat="48.434877" lon="18.658108"><ele>655</ele></trkpt>
      <trkpt lat="48.434949" lon="18.658137"><ele>654</ele></trkpt>
      <trkpt lat="48.435" lon="18.658154"><ele>655</ele></trkpt>
      <trkpt lat="48.435022" lon="18.658161"><ele>656</ele></trkpt>
      <trkpt lat="48.435071" lon="18.658212"><ele>656</ele></trkpt>
      <trkpt lat="48.435119" lon="18.658287"><ele>658</ele></trkpt>
      <trkpt lat="48.435162" lon="18.658319"><ele>657</ele></trkpt>
      <trkpt lat="48.435247" lon="18.658305"><ele>658</ele></trkpt>
      <trkpt lat="48.435303" lon="18.658274"><ele>658</ele></trkpt>
      <trkpt lat="48.435342" lon="18.658233"><ele>657</ele></trkpt>
      <trkpt lat="48.435365" lon="18.658206"><ele>657</ele></trkpt>
      <trkpt lat="48.435385" lon="18.658185"><ele>656</ele></trkpt>
      <trkpt lat="48.435477" lon="18.658234"><ele>655</ele></trkpt>
      <trkpt lat="48.435521" lon="18.658283"><ele>652</ele></trkpt>
      <trkpt lat="48.435563" lon="18.658326"><ele>650</ele></trkpt>
      <trkpt lat="48.435581" lon="18.658348"><ele>651</ele></trkpt>
      <trkpt lat="48.435635" lon="18.6584"><ele>651</ele></trkpt>
      <trkpt lat="48.435708" lon="18.658443"><ele>647</ele></trkpt>
      <trkpt lat="48.435748" lon="18.658387"><ele>647</ele></trkpt>
      <trkpt lat="48.435772" lon="18.658353"><ele>647</ele></trkpt>
      <trkpt lat="48.435818" lon="18.658481"><ele>647</ele></trkpt>
      <trkpt lat="48.435878" lon="18.6584"><ele>657</ele></trkpt>
      <trkpt lat="48.435941" lon="18.658315"><ele>655</ele></trkpt>
      <trkpt lat="48.436088" lon="18.658067"><ele>655</ele></trkpt>
      <trkpt lat="48.436139" lon="18.658085"><ele>666</ele></trkpt>
      <trkpt lat="48.436176" lon="18.657977"><ele>670</ele></trkpt>
      <trkpt lat="48.436232" lon="18.657902"><ele>672</ele></trkpt>
      <trkpt lat="48.436274" lon="18.657863"><ele>674</ele></trkpt>
      <trkpt lat="48.436309" lon="18.657833"><ele>674</ele></trkpt>
      <trkpt lat="48.436376" lon="18.657818"><ele>671</ele></trkpt>
      <trkpt lat="48.436429" lon="18.65782"><ele>672</ele></trkpt>
      <trkpt lat="48.436489" lon="18.657798"><ele>673</ele></trkpt>
      <trkpt lat="48.436532" lon="18.657749"><ele>674</ele></trkpt>
      <trkpt lat="48.436566" lon="18.657679"><ele>674</ele></trkpt>
      <trkpt lat="48.436668" lon="18.657643"><ele>665</ele></trkpt>
      <trkpt lat="48.43672" lon="18.657622"><ele>667</ele></trkpt>
      <trkpt lat="48.43676" lon="18.657565"><ele>671</ele></trkpt>
      <trkpt lat="48.436793" lon="18.657521"><ele>672</ele></trkpt>
      <trkpt lat="48.436816" lon="18.657486"><ele>671</ele></trkpt>
      <trkpt lat="48.436836" lon="18.657423"><ele>674</ele></trkpt>
      <trkpt lat="48.436867" lon="18.657371"><ele>675</ele></trkpt>
      <trkpt lat="48.436883" lon="18.657345"><ele>676</ele></trkpt>
      <trkpt lat="48.436922" lon="18.657306"><ele>674</ele></trkpt>
      <trkpt lat="48.436962" lon="18.65726"><ele>673</ele></trkpt>
      <trkpt lat="48.437005" lon="18.657191"><ele>671</ele></trkpt>
      <trkpt lat="48.437048" lon="18.657134"><ele>669</ele></trkpt>
      <trkpt lat="48.437085" lon="18.657092"><ele>669</ele></trkpt>
      <trkpt lat="48.437125" lon="18.657032"><ele>670</ele></trkpt>
      <trkpt lat="48.43716" lon="18.656959"><ele>670</ele></trkpt>
      <trkpt lat="48.4372" lon="18.656894"><ele>670</ele></trkpt>
      <trkpt lat="48.437254" lon="18.656817"><ele>669</ele></trkpt>
      <trkpt lat="48.437296" lon="18.656764"><ele>668</ele></trkpt>
      <trkpt lat="48.437339" lon="18.656731"><ele>669</ele></trkpt>
      <trkpt lat="48.437376" lon="18.656685"><ele>668</ele></trkpt>
      <trkpt lat="48.437452" lon="18.656638"><ele>668</ele></trkpt>
      <trkpt lat="48.43748" lon="18.656619"><ele>670</ele></trkpt>
      <trkpt lat="48.43751" lon="18.6566"><ele>670</ele></trkpt>
      <trkpt lat="48.437534" lon="18.656587"><ele>671</ele></trkpt>
      <trkpt lat="48.4376" lon="18.656541"><ele>670</ele></trkpt>
      <trkpt lat="48.437623" lon="18.656523"><ele>671</ele></trkpt>
      <trkpt lat="48.437699" lon="18.656483"><ele>671</ele></trkpt>
      <trkpt lat="48.437725" lon="18.656471"><ele>669</ele></trkpt>
      <trkpt lat="48.43783" lon="18.656436"><ele>666</ele></trkpt>
      <trkpt lat="48.43791" lon="18.656368"><ele>667</ele></trkpt>
      <trkpt lat="48.43794" lon="18.656317"><ele>667</ele></trkpt>
      <trkpt lat="48.43802" lon="18.656233"><ele>666</ele></trkpt>
      <trkpt lat="48.438097" lon="18.656182"><ele>665</ele></trkpt>
      <trkpt lat="48.438129" lon="18.656161"><ele>664</ele></trkpt>
      <trkpt lat="48.438205" lon="18.656135"><ele>662</ele></trkpt>
      <trkpt lat="48.438292" lon="18.656094"><ele>661</ele></trkpt>
      <trkpt lat="48.438359" lon="18.656076"><ele>661</ele></trkpt>
      <trkpt lat="48.438404" lon="18.656069"><ele>660</ele></trkpt>
      <trkpt lat="48.438432" lon="18.656065"><ele>660</ele></trkpt>
      <trkpt lat="48.438501" lon="18.656063"><ele>658</ele></trkpt>
      <trkpt lat="48.438534" lon="18.656063"><ele>656</ele></trkpt>
      <trkpt lat="48.438608" lon="18.656044"><ele>652</ele></trkpt>
      <trkpt lat="48.438665" lon="18.656048"><ele>653</ele></trkpt>
      <trkpt lat="48.438729" lon="18.656028"><ele>651</ele></trkpt>
      <trkpt lat="48.438813" lon="18.655982"><ele>650</ele></trkpt>
      <trkpt lat="48.438876" lon="18.655951"><ele>648</ele></trkpt>
      <trkpt lat="48.438914" lon="18.655906"><ele>649</ele></trkpt>
      <trkpt lat="48.438948" lon="18.655863"><ele>651</ele></trkpt>
      <trkpt lat="48.439094" lon="18.655644"><ele>648</ele></trkpt>
      <trkpt lat="48.439162" lon="18.655608"><ele>646</ele></trkpt>
      <trkpt lat="48.439248" lon="18.655577"><ele>647</ele></trkpt>
      <trkpt lat="48.439294" lon="18.65553"><ele>644</ele></trkpt>
      <trkpt lat="48.439354" lon="18.655502"><ele>646</ele></trkpt>
      <trkpt lat="48.439419" lon="18.655499"><ele>649</ele></trkpt>
      <trkpt lat="48.439461" lon="18.655462"><ele>652</ele></trkpt>
      <trkpt lat="48.439491" lon="18.655408"><ele>653</ele></trkpt>
      <trkpt lat="48.439516" lon="18.655365"><ele>651</ele></trkpt>
      <trkpt lat="48.439603" lon="18.655279"><ele>649</ele></trkpt>
      <trkpt lat="48.439693" lon="18.655275"><ele>649</ele></trkpt>
      <trkpt lat="48.439788" lon="18.65534"><ele>646</ele></trkpt>
      <trkpt lat="48.439837" lon="18.655326"><ele>647</ele></trkpt>
      <trkpt lat="48.439918" lon="18.655253"><ele>647</ele></trkpt>
      <trkpt lat="48.439979" lon="18.655197"><ele>648</ele></trkpt>
      <trkpt lat="48.440021" lon="18.655143"><ele>650</ele></trkpt>
      <trkpt lat="48.440121" lon="18.655098"><ele>643</ele></trkpt>
      <trkpt lat="48.440149" lon="18.655082"><ele>643</ele></trkpt>
      <trkpt lat="48.440248" lon="18.655035"><ele>640</ele></trkpt>
      <trkpt lat="48.440285" lon="18.655016"><ele>640</ele></trkpt>
      <trkpt lat="48.440327" lon="18.654988"><ele>640</ele></trkpt>
      <trkpt lat="48.440371" lon="18.654959"><ele>640</ele></trkpt>
      <trkpt lat="48.440446" lon="18.654917"><ele>639</ele></trkpt>
      <trkpt lat="48.440516" lon="18.654891"><ele>636</ele></trkpt>
      <trkpt lat="48.440573" lon="18.654862"><ele>637</ele></trkpt>
      <trkpt lat="48.440628" lon="18.654878"><ele>635</ele></trkpt>
      <trkpt lat="48.440659" lon="18.654887"><ele>634</ele></trkpt>
      <trkpt lat="48.440689" lon="18.654893"><ele>632</ele></trkpt>
      <trkpt lat="48.440758" lon="18.654891"><ele>629</ele></trkpt>
      <trkpt lat="48.440833" lon="18.654885"><ele>628</ele></trkpt>
      <trkpt lat="48.440859" lon="18.654882"><ele>629</ele></trkpt>
      <trkpt lat="48.440882" lon="18.65488"><ele>629</ele></trkpt>
      <trkpt lat="48.440906" lon="18.654876"><ele>629</ele></trkpt>
      <trkpt lat="48.440936" lon="18.654874"><ele>628</ele></trkpt>
      <trkpt lat="48.441001" lon="18.654854"><ele>640</ele></trkpt>
      <trkpt lat="48.441094" lon="18.654805"><ele>633</ele></trkpt>
      <trkpt lat="48.441156" lon="18.654793"><ele>630</ele></trkpt>
      <trkpt lat="48.441244" lon="18.654729"><ele>628</ele></trkpt>
      <trkpt lat="48.441298" lon="18.654723"><ele>635</ele></trkpt>
      <trkpt lat="48.441326" lon="18.654718"><ele>631</ele></trkpt>
      <trkpt lat="48.441431" lon="18.654639"><ele>625</ele></trkpt>
      <trkpt lat="48.441502" lon="18.654628"><ele>623</ele></trkpt>
      <trkpt lat="48.441554" lon="18.654584"><ele>622</ele></trkpt>
      <trkpt lat="48.441586" lon="18.654557"><ele>622</ele></trkpt>
      <trkpt lat="48.441634" lon="18.654542"><ele>620</ele></trkpt>
      <trkpt lat="48.441691" lon="18.65457"><ele>618</ele></trkpt>
      <trkpt lat="48.441749" lon="18.654578"><ele>617</ele></trkpt>
      <trkpt lat="48.441801" lon="18.654589"><ele>617</ele></trkpt>
      <trkpt lat="48.441842" lon="18.654601"><ele>617</ele></trkpt>
      <trkpt lat="48.441916" lon="18.654599"><ele>614</ele></trkpt>
      <trkpt lat="48.441968" lon="18.654627"><ele>611</ele></trkpt>
      <trkpt lat="48.442004" lon="18.654649"><ele>614</ele></trkpt>
      <trkpt lat="48.442069" lon="18.654646"><ele>615</ele></trkpt>
      <trkpt lat="48.442126" lon="18.654608"><ele>614</ele></trkpt>
      <trkpt lat="48.44215" lon="18.65459"><ele>614</ele></trkpt>
      <trkpt lat="48.442178" lon="18.654574"><ele>613</ele></trkpt>
      <trkpt lat="48.442245" lon="18.654558"><ele>611</ele></trkpt>
      <trkpt lat="48.442299" lon="18.654559"><ele>609</ele></trkpt>
      <trkpt lat="48.442349" lon="18.654537"><ele>609</ele></trkpt>
      <trkpt lat="48.442371" lon="18.654526"><ele>608</ele></trkpt>
      <trkpt lat="48.442392" lon="18.654513"><ele>609</ele></trkpt>
      <trkpt lat="48.442473" lon="18.654501"><ele>628</ele></trkpt>
      <trkpt lat="48.442524" lon="18.654504"><ele>625</ele></trkpt>
      <trkpt lat="48.442581" lon="18.654492"><ele>622</ele></trkpt>
      <trkpt lat="48.442633" lon="18.654468"><ele>621</ele></trkpt>
      <trkpt lat="48.442686" lon="18.654435"><ele>621</ele></trkpt>
      <trkpt lat="48.442741" lon="18.65442"><ele>616</ele></trkpt>
      <trkpt lat="48.44277" lon="18.654411"><ele>616</ele></trkpt>
      <trkpt lat="48.442828" lon="18.654423"><ele>611</ele></trkpt>
      <trkpt lat="48.442912" lon="18.654431"><ele>609</ele></trkpt>
      <trkpt lat="48.442973" lon="18.654421"><ele>609</ele></trkpt>
      <trkpt lat="48.443035" lon="18.654371"><ele>608</ele></trkpt>
      <trkpt lat="48.443096" lon="18.654321"><ele>605</ele></trkpt>
      <trkpt lat="48.443131" lon="18.654278"><ele>605</ele></trkpt>
      <trkpt lat="48.443167" lon="18.654232"><ele>604</ele></trkpt>
      <trkpt lat="48.443186" lon="18.654205"><ele>604</ele></trkpt>
      <trkpt lat="48.44321" lon="18.654175"><ele>602</ele></trkpt>
      <trkpt lat="48.44323" lon="18.654152"><ele>602</ele></trkpt>
      <trkpt lat="48.443281" lon="18.654093"><ele>600</ele></trkpt>
      <trkpt lat="48.443331" lon="18.654016"><ele>599</ele></trkpt>
      <trkpt lat="48.443355" lon="18.653974"><ele>599</ele></trkpt>
      <trkpt lat="48.443431" lon="18.653937"><ele>598</ele></trkpt>
      <trkpt lat="48.4435" lon="18.653897"><ele>595</ele></trkpt>
      <trkpt lat="48.443539" lon="18.653848"><ele>621</ele></trkpt>
      <trkpt lat="48.443576" lon="18.65378"><ele>612</ele></trkpt>
      <trkpt lat="48.443625" lon="18.653725"><ele>603</ele></trkpt>
      <trkpt lat="48.443701" lon="18.653658"><ele>598</ele></trkpt>
      <trkpt lat="48.443789" lon="18.653593"><ele>594</ele></trkpt>
      <trkpt lat="48.443867" lon="18.653498"><ele>589</ele></trkpt>
      <trkpt lat="48.443904" lon="18.653437"><ele>589</ele></trkpt>
      <trkpt lat="48.443951" lon="18.653352"><ele>588</ele></trkpt>
      <trkpt lat="48.443981" lon="18.653291"><ele>585</ele></trkpt>
      <trkpt lat="48.444016" lon="18.653228"><ele>583</ele></trkpt>
      <trkpt lat="48.444054" lon="18.653167"><ele>582</ele></trkpt>
      <trkpt lat="48.444092" lon="18.653111"><ele>580</ele></trkpt>
      <trkpt lat="48.444151" lon="18.65304"><ele>579</ele></trkpt>
      <trkpt lat="48.444252" lon="18.653038"><ele>576</ele></trkpt>
      <trkpt lat="48.444298" lon="18.65307"><ele>574</ele></trkpt>
      <trkpt lat="48.444393" lon="18.653132"><ele>573</ele></trkpt>
      <trkpt lat="48.444469" lon="18.653148"><ele>572</ele></trkpt>
      <trkpt lat="48.444507" lon="18.653157"><ele>571</ele></trkpt>
      <trkpt lat="48.444546" lon="18.653167"><ele>570</ele></trkpt>
      <trkpt lat="48.444584" lon="18.653173"><ele>568</ele></trkpt>
      <trkpt lat="48.444625" lon="18.653177"><ele>568</ele></trkpt>
      <trkpt lat="48.444666" lon="18.653183"><ele>567</ele></trkpt>
      <trkpt lat="48.444746" lon="18.653197"><ele>565</ele></trkpt>
      <trkpt lat="48.444781" lon="18.653203"><ele>566</ele></trkpt>
      <trkpt lat="48.444817" lon="18.65321"><ele>565</ele></trkpt>
      <trkpt lat="48.444849" lon="18.653216"><ele>565</ele></trkpt>
      <trkpt lat="48.44488" lon="18.653221"><ele>565</ele></trkpt>
      <trkpt lat="48.444975" lon="18.653233"><ele>564</ele></trkpt>
      <trkpt lat="48.445033" lon="18.653255"><ele>560</ele></trkpt>
      <trkpt lat="48.445059" lon="18.653267"><ele>559</ele></trkpt>
      <trkpt lat="48.445114" lon="18.653305"><ele>556</ele></trkpt>
      <trkpt lat="48.445142" lon="18.653329"><ele>554</ele></trkpt>
      <trkpt lat="48.445195" lon="18.653378"><ele>553</ele></trkpt>
      <trkpt lat="48.445245" lon="18.653426"><ele>553</ele></trkpt>
      <trkpt lat="48.445266" lon="18.653443"><ele>553</ele></trkpt>
      <trkpt lat="48.445325" lon="18.653471"><ele>554</ele></trkpt>
      <trkpt lat="48.445347" lon="18.653479"><ele>554</ele></trkpt>
      <trkpt lat="48.445369" lon="18.653488"><ele>553</ele></trkpt>
      <trkpt lat="48.445407" lon="18.653499"><ele>553</ele></trkpt>
      <trkpt lat="48.445456" lon="18.653514"><ele>553</ele></trkpt>
      <trkpt lat="48.445507" lon="18.653537"><ele>550</ele></trkpt>
      <trkpt lat="48.445532" lon="18.653545"><ele>550</ele></trkpt>
      <trkpt lat="48.445559" lon="18.653553"><ele>596</ele></trkpt>
      <trkpt lat="48.445589" lon="18.653564"><ele>592</ele></trkpt>
      <trkpt lat="48.445617" lon="18.653579"><ele>589</ele></trkpt>
      <trkpt lat="48.445662" lon="18.653604"><ele>581</ele></trkpt>
      <trkpt lat="48.445687" lon="18.653615"><ele>575</ele></trkpt>
      <trkpt lat="48.445795" lon="18.653632"><ele>564</ele></trkpt>
      <trkpt lat="48.445843" lon="18.653635"><ele>561</ele></trkpt>
      <trkpt lat="48.445887" lon="18.653651"><ele>559</ele></trkpt>
      <trkpt lat="48.445929" lon="18.653666"><ele>559</ele></trkpt>
      <trkpt lat="48.445976" lon="18.653699"><ele>559</ele></trkpt>
      <trkpt lat="48.446027" lon="18.653711"><ele>557</ele></trkpt>
      <trkpt lat="48.446094" lon="18.653717"><ele>555</ele></trkpt>
      <trkpt lat="48.446137" lon="18.653723"><ele>556</ele></trkpt>
      <trkpt lat="48.446167" lon="18.653728"><ele>558</ele></trkpt>
      <trkpt lat="48.446198" lon="18.653732"><ele>557</ele></trkpt>
      <trkpt lat="48.446253" lon="18.65372"><ele>557</ele></trkpt>
      <trkpt lat="48.446296" lon="18.653712"><ele>556</ele></trkpt>
      <trkpt lat="48.446321" lon="18.653709"><ele>556</ele></trkpt>
      <trkpt lat="48.446376" lon="18.653731"><ele>553</ele></trkpt>
      <trkpt lat="48.446401" lon="18.65374"><ele>552</ele></trkpt>
      <trkpt lat="48.446462" lon="18.65376"><ele>553</ele></trkpt>
      <trkpt lat="48.446518" lon="18.653714"><ele>556</ele></trkpt>
      <trkpt lat="48.446563" lon="18.653669"><ele>557</ele></trkpt>
      <trkpt lat="48.446619" lon="18.653621"><ele>558</ele></trkpt>
      <trkpt lat="48.446663" lon="18.653575"><ele>559</ele></trkpt>
      <trkpt lat="48.446711" lon="18.653524"><ele>556</ele></trkpt>
      <trkpt lat="48.446729" lon="18.653502"><ele>556</ele></trkpt>
      <trkpt lat="48.446779" lon="18.653401"><ele>557</ele></trkpt>
      <trkpt lat="48.446837" lon="18.65335"><ele>558</ele></trkpt>
      <trkpt lat="48.446905" lon="18.653341"><ele>560</ele></trkpt>
      <trkpt lat="48.446951" lon="18.653345"><ele>561</ele></trkpt>
      <trkpt lat="48.446974" lon="18.65335"><ele>560</ele></trkpt>
      <trkpt lat="48.447043" lon="18.653397"><ele>556</ele></trkpt>
      <trkpt lat="48.447077" lon="18.653422"><ele>557</ele></trkpt>
      <trkpt lat="48.447107" lon="18.653448"><ele>557</ele></trkpt>
      <trkpt lat="48.447131" lon="18.653469"><ele>558</ele></trkpt>
      <trkpt lat="48.447186" lon="18.653507"><ele>556</ele></trkpt>
      <trkpt lat="48.447218" lon="18.653526"><ele>556</ele></trkpt>
      <trkpt lat="48.447285" lon="18.653572"><ele>555</ele></trkpt>
      <trkpt lat="48.447322" lon="18.653643"><ele>555</ele></trkpt>
      <trkpt lat="48.447354" lon="18.653706"><ele>554</ele></trkpt>
      <trkpt lat="48.447379" lon="18.653774"><ele>554</ele></trkpt>
      <trkpt lat="48.447395" lon="18.653852"><ele>556</ele></trkpt>
      <trkpt lat="48.447425" lon="18.653906"><ele>557</ele></trkpt>
      <trkpt lat="48.447468" lon="18.653972"><ele>559</ele></trkpt>
      <trkpt lat="48.447486" lon="18.654003"><ele>559</ele></trkpt>
      <trkpt lat="48.447562" lon="18.654162"><ele>558</ele></trkpt>
      <trkpt lat="48.447581" lon="18.65421"><ele>560</ele></trkpt>
      <trkpt lat="48.447635" lon="18.654298"><ele>560</ele></trkpt>
      <trkpt lat="48.447691" lon="18.654362"><ele>561</ele></trkpt>
      <trkpt lat="48.447722" lon="18.654396"><ele>561</ele></trkpt>
      <trkpt lat="48.447755" lon="18.654432"><ele>562</ele></trkpt>
      <trkpt lat="48.447786" lon="18.654471"><ele>561</ele></trkpt>
      <trkpt lat="48.447835" lon="18.654535"><ele>561</ele></trkpt>
      <trkpt lat="48.447877" lon="18.654589"><ele>562</ele></trkpt>
      <trkpt lat="48.447906" lon="18.654657"><ele>565</ele></trkpt>
      <trkpt lat="48.447971" lon="18.654695"><ele>565</ele></trkpt>
      <trkpt lat="48.447999" lon="18.65478"><ele>565</ele></trkpt>
      <trkpt lat="48.44803" lon="18.654831"><ele>566</ele></trkpt>
      <trkpt lat="48.448086" lon="18.654907"><ele>562</ele></trkpt>
      <trkpt lat="48.44812" lon="18.65499"><ele>563</ele></trkpt>
      <trkpt lat="48.448133" lon="18.655074"><ele>562</ele></trkpt>
      <trkpt lat="48.448124" lon="18.655222"><ele>560</ele></trkpt>
      <trkpt lat="48.44813" lon="18.655315"><ele>559</ele></trkpt>
      <trkpt lat="48.448136" lon="18.655374"><ele>559</ele></trkpt>
      <trkpt lat="48.44817" lon="18.655508"><ele>561</ele></trkpt>
      <trkpt lat="48.448217" lon="18.65561"><ele>562</ele></trkpt>
      <trkpt lat="48.448217" lon="18.655736"><ele>563</ele></trkpt>
      <trkpt lat="48.448223" lon="18.655869"><ele>564</ele></trkpt>
      <trkpt lat="48.44823" lon="18.655959"><ele>565</ele></trkpt>
      <trkpt lat="48.448269" lon="18.656022"><ele>564</ele></trkpt>
      <trkpt lat="48.448309" lon="18.656083"><ele>564</ele></trkpt>
      <trkpt lat="48.448318" lon="18.656161"><ele>563</ele></trkpt>
      <trkpt lat="48.448303" lon="18.656253"><ele>563</ele></trkpt>
      <trkpt lat="48.448308" lon="18.656323"><ele>562</ele></trkpt>
      <trkpt lat="48.448355" lon="18.656377"><ele>563</ele></trkpt>
      <trkpt lat="48.448409" lon="18.656422"><ele>564</ele></trkpt>
      <trkpt lat="48.448456" lon="18.656457"><ele>562</ele></trkpt>
      <trkpt lat="48.448482" lon="18.65648"><ele>561</ele></trkpt>
      <trkpt lat="48.448517" lon="18.656511"><ele>558</ele></trkpt>
      <trkpt lat="48.448603" lon="18.656586"><ele>556</ele></trkpt>
      <trkpt lat="48.448657" lon="18.656597"><ele>561</ele></trkpt>
      <trkpt lat="48.448714" lon="18.656634"><ele>564</ele></trkpt>
      <trkpt lat="48.448742" lon="18.656654"><ele>564</ele></trkpt>
      <trkpt lat="48.448779" lon="18.656726"><ele>573</ele></trkpt>
      <trkpt lat="48.448822" lon="18.656762"><ele>573</ele></trkpt>
      <trkpt lat="48.44891" lon="18.656877"><ele>573</ele></trkpt>
      <trkpt lat="48.448949" lon="18.656912"><ele>574</ele></trkpt>
      <trkpt lat="48.448983" lon="18.656963"><ele>576</ele></trkpt>
      <trkpt lat="48.449041" lon="18.657068"><ele>575</ele></trkpt>
      <trkpt lat="48.449058" lon="18.657096"><ele>576</ele></trkpt>
      <trkpt lat="48.449076" lon="18.657125"><ele>577</ele></trkpt>
      <trkpt lat="48.449098" lon="18.657164"><ele>570</ele></trkpt>
      <trkpt lat="48.449134" lon="18.657222"><ele>577</ele></trkpt>
      <trkpt lat="48.449163" lon="18.657304"><ele>579</ele></trkpt>
      <trkpt lat="48.449173" lon="18.657335"><ele>580</ele></trkpt>
      <trkpt lat="48.449213" lon="18.657401"><ele>582</ele></trkpt>
      <trkpt lat="48.449241" lon="18.657442"><ele>584</ele></trkpt>
      <trkpt lat="48.449265" lon="18.657507"><ele>582</ele></trkpt>
      <trkpt lat="48.449291" lon="18.657582"><ele>582</ele></trkpt>
      <trkpt lat="48.449328" lon="18.657643"><ele>585</ele></trkpt>
      <trkpt lat="48.449338" lon="18.657735"><ele>586</ele></trkpt>
      <trkpt lat="48.449363" lon="18.657806"><ele>587</ele></trkpt>
      <trkpt lat="48.449403" lon="18.657903"><ele>589</ele></trkpt>
      <trkpt lat="48.449425" lon="18.657948"><ele>576</ele></trkpt>
      <trkpt lat="48.449464" lon="18.657992"><ele>581</ele></trkpt>
      <trkpt lat="48.449516" lon="18.658045"><ele>584</ele></trkpt>
      <trkpt lat="48.449565" lon="18.658085"><ele>589</ele></trkpt>
      <trkpt lat="48.449623" lon="18.658184"><ele>588</ele></trkpt>
      <trkpt lat="48.44966" lon="18.658268"><ele>589</ele></trkpt>
      <trkpt lat="48.449724" lon="18.658346"><ele>584</ele></trkpt>
      <trkpt lat="48.449757" lon="18.658381"><ele>584</ele></trkpt>
      <trkpt lat="48.449795" lon="18.658421"><ele>570</ele></trkpt>
      <trkpt lat="48.449894" lon="18.658519"><ele>574</ele></trkpt>
      <trkpt lat="48.449947" lon="18.658568"><ele>576</ele></trkpt>
      <trkpt lat="48.450047" lon="18.658685"><ele>581</ele></trkpt>
      <trkpt lat="48.450091" lon="18.65876"><ele>581</ele></trkpt>
      <trkpt lat="48.450153" lon="18.658837"><ele>580</ele></trkpt>
      <trkpt lat="48.450211" lon="18.659004"><ele>578</ele></trkpt>
      <trkpt lat="48.45023" lon="18.659067"><ele>578</ele></trkpt>
      <trkpt lat="48.450247" lon="18.659128"><ele>578</ele></trkpt>
      <trkpt lat="48.450262" lon="18.659188"><ele>577</ele></trkpt>
      <trkpt lat="48.450276" lon="18.659248"><ele>576</ele></trkpt>
      <trkpt lat="48.450289" lon="18.659344"><ele>576</ele></trkpt>
      <trkpt lat="48.450297" lon="18.659384"><ele>576</ele></trkpt>
      <trkpt lat="48.45035" lon="18.65949"><ele>578</ele></trkpt>
      <trkpt lat="48.450389" lon="18.659544"><ele>578</ele></trkpt>
      <trkpt lat="48.450407" lon="18.659569"><ele>576</ele></trkpt>
      <trkpt lat="48.450425" lon="18.659592"><ele>576</ele></trkpt>
      <trkpt lat="48.450446" lon="18.659618"><ele>576</ele></trkpt>
      <trkpt lat="48.450468" lon="18.659644"><ele>575</ele></trkpt>
      <trkpt lat="48.450506" lon="18.659692"><ele>576</ele></trkpt>
      <trkpt lat="48.45054" lon="18.659746"><ele>575</ele></trkpt>
      <trkpt lat="48.45056" lon="18.659779"><ele>575</ele></trkpt>
      <trkpt lat="48.450601" lon="18.659835"><ele>572</ele></trkpt>
      <trkpt lat="48.45061" lon="18.659934"><ele>568</ele></trkpt>
      <trkpt lat="48.450616" lon="18.660053"><ele>561</ele></trkpt>
      <trkpt lat="48.450629" lon="18.660157"><ele>559</ele></trkpt>
      <trkpt lat="48.450634" lon="18.660208"><ele>560</ele></trkpt>
      <trkpt lat="48.450638" lon="18.660249"><ele>561</ele></trkpt>
      <trkpt lat="48.450641" lon="18.660288"><ele>561</ele></trkpt>
      <trkpt lat="48.450687" lon="18.660389"><ele>558</ele></trkpt>
      <trkpt lat="48.450739" lon="18.660413"><ele>563</ele></trkpt>
      <trkpt lat="48.450774" lon="18.660429"><ele>565</ele></trkpt>
      <trkpt lat="48.450797" lon="18.66044"><ele>564</ele></trkpt>
      <trkpt lat="48.450852" lon="18.660549"><ele>570</ele></trkpt>
      <trkpt lat="48.450869" lon="18.660586"><ele>566</ele></trkpt>
      <trkpt lat="48.450913" lon="18.660653"><ele>568</ele></trkpt>
      <trkpt lat="48.450933" lon="18.660682"><ele>568</ele></trkpt>
      <trkpt lat="48.450953" lon="18.66071"><ele>567</ele></trkpt>
      <trkpt lat="48.450975" lon="18.660745"><ele>566</ele></trkpt>
      <trkpt lat="48.450999" lon="18.660787"><ele>566</ele></trkpt>
      <trkpt lat="48.451041" lon="18.660864"><ele>566</ele></trkpt>
      <trkpt lat="48.45107" lon="18.660946"><ele>561</ele></trkpt>
      <trkpt lat="48.451089" lon="18.661096"><ele>562</ele></trkpt>
      <trkpt lat="48.451092" lon="18.661147"><ele>562</ele></trkpt>
      <trkpt lat="48.451124" lon="18.661226"><ele>568</ele></trkpt>
      <trkpt lat="48.451159" lon="18.661312"><ele>574</ele></trkpt>
      <trkpt lat="48.451172" lon="18.661349"><ele>576</ele></trkpt>
      <trkpt lat="48.45123" lon="18.661433"><ele>576</ele></trkpt>
      <trkpt lat="48.451243" lon="18.661512"><ele>569</ele></trkpt>
      <trkpt lat="48.451269" lon="18.661627"><ele>568</ele></trkpt>
      <trkpt lat="48.451281" lon="18.661732"><ele>570</ele></trkpt>
      <trkpt lat="48.451293" lon="18.661846"><ele>573</ele></trkpt>
      <trkpt lat="48.451313" lon="18.661949"><ele>573</ele></trkpt>
      <trkpt lat="48.451402" lon="18.662125"><ele>572</ele></trkpt>
      <trkpt lat="48.451422" lon="18.66221"><ele>570</ele></trkpt>
      <trkpt lat="48.451437" lon="18.66229"><ele>569</ele></trkpt>
      <trkpt lat="48.451476" lon="18.662361"><ele>564</ele></trkpt>
      <trkpt lat="48.451495" lon="18.662401"><ele>565</ele></trkpt>
      <trkpt lat="48.451535" lon="18.662512"><ele>564</ele></trkpt>
      <trkpt lat="48.451548" lon="18.662545"><ele>566</ele></trkpt>
      <trkpt lat="48.451562" lon="18.662577"><ele>567</ele></trkpt>
      <trkpt lat="48.451575" lon="18.662611"><ele>566</ele></trkpt>
      <trkpt lat="48.451607" lon="18.662671"><ele>567</ele></trkpt>
      <trkpt lat="48.451641" lon="18.662787"><ele>565</ele></trkpt>
      <trkpt lat="48.451664" lon="18.662906"><ele>566</ele></trkpt>
      <trkpt lat="48.451673" lon="18.662956"><ele>565</ele></trkpt>
      <trkpt lat="48.451702" lon="18.663068"><ele>563</ele></trkpt>
      <trkpt lat="48.45177" lon="18.663229"><ele>561</ele></trkpt>
      <trkpt lat="48.451794" lon="18.663338"><ele>561</ele></trkpt>
      <trkpt lat="48.451823" lon="18.663442"><ele>559</ele></trkpt>
      <trkpt lat="48.451835" lon="18.663494"><ele>558</ele></trkpt>
      <trkpt lat="48.451848" lon="18.663542"><ele>557</ele></trkpt>
      <trkpt lat="48.451858" lon="18.663634"><ele>557</ele></trkpt>
      <trkpt lat="48.451863" lon="18.663681"><ele>555</ele></trkpt>
      <trkpt lat="48.451885" lon="18.663754"><ele>557</ele></trkpt>
      <trkpt lat="48.45193" lon="18.663847"><ele>558</ele></trkpt>
      <trkpt lat="48.451944" lon="18.663884"><ele>559</ele></trkpt>
      <trkpt lat="48.451967" lon="18.663973"><ele>556</ele></trkpt>
      <trkpt lat="48.451976" lon="18.664005"><ele>558</ele></trkpt>
      <trkpt lat="48.452002" lon="18.664085"><ele>558</ele></trkpt>
      <trkpt lat="48.452012" lon="18.664224"><ele>557</ele></trkpt>
      <trkpt lat="48.452014" lon="18.664312"><ele>555</ele></trkpt>
      <trkpt lat="48.45201" lon="18.664437"><ele>557</ele></trkpt>
      <trkpt lat="48.452019" lon="18.664516"><ele>557</ele></trkpt>
      <trkpt lat="48.452022" lon="18.664557"><ele>558</ele></trkpt>
      <trkpt lat="48.45204" lon="18.664628"><ele>558</ele></trkpt>
      <trkpt lat="48.452042" lon="18.664709"><ele>557</ele></trkpt>
      <trkpt lat="48.452062" lon="18.664796"><ele>556</ele></trkpt>
      <trkpt lat="48.452086" lon="18.664871"><ele>556</ele></trkpt>
      <trkpt lat="48.452119" lon="18.664941"><ele>556</ele></trkpt>
      <trkpt lat="48.452135" lon="18.664973"><ele>555</ele></trkpt>
      <trkpt lat="48.452168" lon="18.665094"><ele>554</ele></trkpt>
      <trkpt lat="48.452201" lon="18.665172"><ele>553</ele></trkpt>
      <trkpt lat="48.452224" lon="18.665224"><ele>553</ele></trkpt>
      <trkpt lat="48.452277" lon="18.665325"><ele>555</ele></trkpt>
      <trkpt lat="48.452353" lon="18.665403"><ele>553</ele></trkpt>
      <trkpt lat="48.452392" lon="18.665474"><ele>554</ele></trkpt>
      <trkpt lat="48.452526" lon="18.665647"><ele>551</ele></trkpt>
      <trkpt lat="48.452566" lon="18.665682"><ele>552</ele></trkpt>
      <trkpt lat="48.452623" lon="18.665754"><ele>551</ele></trkpt>
      <trkpt lat="48.452661" lon="18.665796"><ele>551</ele></trkpt>
      <trkpt lat="48.452707" lon="18.665914"><ele>551</ele></trkpt>
      <trkpt lat="48.452708" lon="18.666001"><ele>548</ele></trkpt>
      <trkpt lat="48.452756" lon="18.666074"><ele>546</ele></trkpt>
      <trkpt lat="48.452845" lon="18.66614"><ele>545</ele></trkpt>
      <trkpt lat="48.452936" lon="18.666231"><ele>541</ele></trkpt>
      <trkpt lat="48.452981" lon="18.666277"><ele>532</ele></trkpt>
      <trkpt lat="48.453028" lon="18.666294"><ele>541</ele></trkpt>
      <trkpt lat="48.453073" lon="18.666237"><ele>534</ele></trkpt>
      <trkpt lat="48.453121" lon="18.666193"><ele>535</ele></trkpt>
      <trkpt lat="48.453181" lon="18.666102"><ele>536</ele></trkpt>
      <trkpt lat="48.453204" lon="18.666011"><ele>539</ele></trkpt>
      <trkpt lat="48.453212" lon="18.665971"><ele>541</ele></trkpt>
      <trkpt lat="48.453224" lon="18.66592"><ele>539</ele></trkpt>
      <trkpt lat="48.453253" lon="18.665777"><ele>537</ele></trkpt>
      <trkpt lat="48.453263" lon="18.665709"><ele>536</ele></trkpt>
      <trkpt lat="48.453268" lon="18.665675"><ele>537</ele></trkpt>
      <trkpt lat="48.453314" lon="18.665616"><ele>542</ele></trkpt>
      <trkpt lat="48.453354" lon="18.665573"><ele>543</ele></trkpt>
      <trkpt lat="48.453407" lon="18.665476"><ele>546</ele></trkpt>
      <trkpt lat="48.453432" lon="18.665356"><ele>547</ele></trkpt>
      <trkpt lat="48.453453" lon="18.66527"><ele>544</ele></trkpt>
      <trkpt lat="48.453465" lon="18.665151"><ele>545</ele></trkpt>
      <trkpt lat="48.453473" lon="18.665096"><ele>544</ele></trkpt>
      <trkpt lat="48.453484" lon="18.665051"><ele>544</ele></trkpt>
      <trkpt lat="48.453508" lon="18.664939"><ele>543</ele></trkpt>
      <trkpt lat="48.453512" lon="18.664835"><ele>541</ele></trkpt>
      <trkpt lat="48.453528" lon="18.664738"><ele>540</ele></trkpt>
      <trkpt lat="48.45355" lon="18.664658"><ele>539</ele></trkpt>
      <trkpt lat="48.453562" lon="18.664585"><ele>538</ele></trkpt>
      <trkpt lat="48.453574" lon="18.664525"><ele>537</ele></trkpt>
      <trkpt lat="48.453584" lon="18.664441"><ele>534</ele></trkpt>
      <trkpt lat="48.453604" lon="18.664358"><ele>536</ele></trkpt>
      <trkpt lat="48.453633" lon="18.664294"><ele>537</ele></trkpt>
      <trkpt lat="48.453694" lon="18.664192"><ele>537</ele></trkpt>
      <trkpt lat="48.453719" lon="18.664141"><ele>536</ele></trkpt>
      <trkpt lat="48.453735" lon="18.664114"><ele>537</ele></trkpt>
      <trkpt lat="48.453773" lon="18.664065"><ele>537</ele></trkpt>
      <trkpt lat="48.4538" lon="18.664028"><ele>536</ele></trkpt>
      <trkpt lat="48.453817" lon="18.664003"><ele>536</ele></trkpt>
      <trkpt lat="48.453858" lon="18.663927"><ele>535</ele></trkpt>
      <trkpt lat="48.45389" lon="18.663844"><ele>536</ele></trkpt>
      <trkpt lat="48.453906" lon="18.663798"><ele>536</ele></trkpt>
      <trkpt lat="48.453946" lon="18.663687"><ele>532</ele></trkpt>
      <trkpt lat="48.454018" lon="18.663507"><ele>532</ele></trkpt>
      <trkpt lat="48.454036" lon="18.663422"><ele>534</ele></trkpt>
      <trkpt lat="48.454049" lon="18.663334"><ele>536</ele></trkpt>
      <trkpt lat="48.454071" lon="18.663237"><ele>535</ele></trkpt>
      <trkpt lat="48.454099" lon="18.663161"><ele>536</ele></trkpt>
      <trkpt lat="48.454143" lon="18.663003"><ele>536</ele></trkpt>
      <trkpt lat="48.454174" lon="18.662868"><ele>534</ele></trkpt>
      <trkpt lat="48.45422" lon="18.662694"><ele>533</ele></trkpt>
      <trkpt lat="48.454229" lon="18.662562"><ele>531</ele></trkpt>
      <trkpt lat="48.454246" lon="18.662439"><ele>531</ele></trkpt>
      <trkpt lat="48.454252" lon="18.662364"><ele>529</ele></trkpt>
      <trkpt lat="48.454255" lon="18.66233"><ele>528</ele></trkpt>
      <trkpt lat="48.454275" lon="18.662251"><ele>527</ele></trkpt>
      <trkpt lat="48.454288" lon="18.662195"><ele>528</ele></trkpt>
      <trkpt lat="48.454312" lon="18.662117"><ele>525</ele></trkpt>
      <trkpt lat="48.454334" lon="18.662034"><ele>528</ele></trkpt>
      <trkpt lat="48.454356" lon="18.661938"><ele>527</ele></trkpt>
      <trkpt lat="48.454374" lon="18.66187"><ele>528</ele></trkpt>
      <trkpt lat="48.454358" lon="18.661763"><ele>528</ele></trkpt>
      <trkpt lat="48.454336" lon="18.661692"><ele>528</ele></trkpt>
      <trkpt lat="48.454309" lon="18.661636"><ele>529</ele></trkpt>
      <trkpt lat="48.454311" lon="18.66153"><ele>528</ele></trkpt>
      <trkpt lat="48.454322" lon="18.661463"><ele>528</ele></trkpt>
      <trkpt lat="48.454317" lon="18.661357"><ele>528</ele></trkpt>
      <trkpt lat="48.454335" lon="18.661293"><ele>524</ele></trkpt>
      <trkpt lat="48.454348" lon="18.6612"><ele>525</ele></trkpt>
      <trkpt lat="48.454365" lon="18.661127"><ele>521</ele></trkpt>
      <trkpt lat="48.454383" lon="18.661053"><ele>521</ele></trkpt>
      <trkpt lat="48.454399" lon="18.660996"><ele>517</ele></trkpt>
      <trkpt lat="48.454413" lon="18.660946"><ele>518</ele></trkpt>
      <trkpt lat="48.454428" lon="18.6609"><ele>517</ele></trkpt>
      <trkpt lat="48.454444" lon="18.660856"><ele>518</ele></trkpt>
      <trkpt lat="48.454455" lon="18.660821"><ele>518</ele></trkpt>
      <trkpt lat="48.454464" lon="18.660788"><ele>515</ele></trkpt>
      <trkpt lat="48.454479" lon="18.660712"><ele>510</ele></trkpt>
      <trkpt lat="48.454476" lon="18.660639"><ele>508</ele></trkpt>
      <trkpt lat="48.454484" lon="18.660563"><ele>514</ele></trkpt>
      <trkpt lat="48.454483" lon="18.660474"><ele>506</ele></trkpt>
      <trkpt lat="48.454505" lon="18.660382"><ele>502</ele></trkpt>
      <trkpt lat="48.454522" lon="18.660291"><ele>502</ele></trkpt>
      <trkpt lat="48.454554" lon="18.660216"><ele>501</ele></trkpt>
      <trkpt lat="48.454567" lon="18.660123"><ele>505</ele></trkpt>
      <trkpt lat="48.454576" lon="18.660036"><ele>506</ele></trkpt>
      <trkpt lat="48.454594" lon="18.659949"><ele>508</ele></trkpt>
      <trkpt lat="48.454609" lon="18.659819"><ele>518</ele></trkpt>
      <trkpt lat="48.454616" lon="18.659652"><ele>515</ele></trkpt>
      <trkpt lat="48.454677" lon="18.659434"><ele>517</ele></trkpt>
      <trkpt lat="48.454717" lon="18.659361"><ele>514</ele></trkpt>
      <trkpt lat="48.454771" lon="18.659282"><ele>510</ele></trkpt>
      <trkpt lat="48.454836" lon="18.659203"><ele>515</ele></trkpt>
      <trkpt lat="48.454871" lon="18.659148"><ele>515</ele></trkpt>
      <trkpt lat="48.454902" lon="18.659106"><ele>516</ele></trkpt>
      <trkpt lat="48.454927" lon="18.65907"><ele>513</ele></trkpt>
      <trkpt lat="48.454968" lon="18.658998"><ele>516</ele></trkpt>
      <trkpt lat="48.454996" lon="18.658926"><ele>511</ele></trkpt>
      <trkpt lat="48.45502" lon="18.658836"><ele>516</ele></trkpt>
      <trkpt lat="48.455031" lon="18.6588"><ele>516</ele></trkpt>
      <trkpt lat="48.455071" lon="18.658718"><ele>514</ele></trkpt>
      <trkpt lat="48.455088" lon="18.658683"><ele>514</ele></trkpt>
      <trkpt lat="48.455102" lon="18.658655"><ele>506</ele></trkpt>
      <trkpt lat="48.455125" lon="18.658592"><ele>498</ele></trkpt>
      <trkpt lat="48.455146" lon="18.658543"><ele>496</ele></trkpt>
      <trkpt lat="48.455165" lon="18.6585"><ele>496</ele></trkpt>
      <trkpt lat="48.455182" lon="18.65846"><ele>494</ele></trkpt>
      <trkpt lat="48.455202" lon="18.658421"><ele>493</ele></trkpt>
      <trkpt lat="48.455221" lon="18.658384"><ele>493</ele></trkpt>
      <trkpt lat="48.455269" lon="18.658308"><ele>492</ele></trkpt>
      <trkpt lat="48.455316" lon="18.658247"><ele>491</ele></trkpt>
      <trkpt lat="48.455338" lon="18.658223"><ele>492</ele></trkpt>
      <trkpt lat="48.455414" lon="18.658159"><ele>492</ele></trkpt>
      <trkpt lat="48.455478" lon="18.658093"><ele>500</ele></trkpt>
      <trkpt lat="48.455511" lon="18.658056"><ele>498</ele></trkpt>
      <trkpt lat="48.455581" lon="18.657963"><ele>507</ele></trkpt>
      <trkpt lat="48.456015" lon="18.657145"><ele>505</ele></trkpt>
      <trkpt lat="48.456075" lon="18.657072"><ele>504</ele></trkpt>
      <trkpt lat="48.456124" lon="18.657214"><ele>505</ele></trkpt>
      <trkpt lat="48.456168" lon="18.657245"><ele>505</ele></trkpt>
      <trkpt lat="48.456219" lon="18.657195"><ele>504</ele></trkpt>
      <trkpt lat="48.456261" lon="18.65716"><ele>497</ele></trkpt>
      <trkpt lat="48.456295" lon="18.657126"><ele>507</ele></trkpt>
      <trkpt lat="48.456349" lon="18.657102"><ele>508</ele></trkpt>
      <trkpt lat="48.456394" lon="18.657098"><ele>507</ele></trkpt>
      <trkpt lat="48.456464" lon="18.657057"><ele>503</ele></trkpt>
      <trkpt lat="48.456548" lon="18.656977"><ele>501</ele></trkpt>
      <trkpt lat="48.456599" lon="18.656896"><ele>501</ele></trkpt>
      <trkpt lat="48.456617" lon="18.656866"><ele>498</ele></trkpt>
      <trkpt lat="48.456635" lon="18.656832"><ele>505</ele></trkpt>
      <trkpt lat="48.456688" lon="18.656768"><ele>505</ele></trkpt>
      <trkpt lat="48.456718" lon="18.656734"><ele>502</ele></trkpt>
      <trkpt lat="48.456776" lon="18.656659"><ele>498</ele></trkpt>
      <trkpt lat="48.456858" lon="18.656565"><ele>502</ele></trkpt>
      <trkpt lat="48.456901" lon="18.656527"><ele>498</ele></trkpt>
      <trkpt lat="48.456979" lon="18.656481"><ele>494</ele></trkpt>
      <trkpt lat="48.457053" lon="18.656442"><ele>491</ele></trkpt>
      <trkpt lat="48.457166" lon="18.65634"><ele>505</ele></trkpt>
      <trkpt lat="48.45722" lon="18.656283"><ele>498</ele></trkpt>
      <trkpt lat="48.457255" lon="18.656247"><ele>496</ele></trkpt>
      <trkpt lat="48.457289" lon="18.656208"><ele>502</ele></trkpt>
      <trkpt lat="48.457333" lon="18.656194"><ele>493</ele></trkpt>
      <trkpt lat="48.457379" lon="18.656203"><ele>505</ele></trkpt>
      <trkpt lat="48.457431" lon="18.656214"><ele>506</ele></trkpt>
      <trkpt lat="48.457499" lon="18.656193"><ele>501</ele></trkpt>
      <trkpt lat="48.457539" lon="18.656181"><ele>495</ele></trkpt>
      <trkpt lat="48.457582" lon="18.656162"><ele>506</ele></trkpt>
      <trkpt lat="48.457629" lon="18.656125"><ele>501</ele></trkpt>
      <trkpt lat="48.45769" lon="18.656104"><ele>503</ele></trkpt>
      <trkpt lat="48.457765" lon="18.656069"><ele>499</ele></trkpt>
      <trkpt lat="48.457839" lon="18.656079"><ele>500</ele></trkpt>
      <trkpt lat="48.457907" lon="18.656113"><ele>494</ele></trkpt>
      <trkpt lat="48.457938" lon="18.656125"><ele>492</ele></trkpt>
      <trkpt lat="48.458024" lon="18.656123"><ele>503</ele></trkpt>
      <trkpt lat="48.458091" lon="18.656133"><ele>493</ele></trkpt>
      <trkpt lat="48.458148" lon="18.65614"><ele>501</ele></trkpt>
      <trkpt lat="48.458186" lon="18.65614"><ele>505</ele></trkpt>
      <trkpt lat="48.458234" lon="18.656147"><ele>505</ele></trkpt>
      <trkpt lat="48.458283" lon="18.656155"><ele>503</ele></trkpt>
      <trkpt lat="48.458335" lon="18.656155"><ele>503</ele></trkpt>
      <trkpt lat="48.458391" lon="18.656142"><ele>499</ele></trkpt>
      <trkpt lat="48.458455" lon="18.656133"><ele>495</ele></trkpt>
      <trkpt lat="48.458511" lon="18.656123"><ele>504</ele></trkpt>
      <trkpt lat="48.458565" lon="18.656117"><ele>505</ele></trkpt>
      <trkpt lat="48.458613" lon="18.65611"><ele>500</ele></trkpt>
      <trkpt lat="48.458761" lon="18.65611"><ele>495</ele></trkpt>
      <trkpt lat="48.458807" lon="18.656108"><ele>503</ele></trkpt>
      <trkpt lat="48.458847" lon="18.656102"><ele>498</ele></trkpt>
      <trkpt lat="48.458882" lon="18.656094"><ele>492</ele></trkpt>
      <trkpt lat="48.458915" lon="18.656086"><ele>490</ele></trkpt>
      <trkpt lat="48.459024" lon="18.656054"><ele>497</ele></trkpt>
      <trkpt lat="48.459113" lon="18.655978"><ele>496</ele></trkpt>
      <trkpt lat="48.459197" lon="18.655924"><ele>501</ele></trkpt>
      <trkpt lat="48.459246" lon="18.655886"><ele>501</ele></trkpt>
      <trkpt lat="48.45929" lon="18.655863"><ele>501</ele></trkpt>
      <trkpt lat="48.45934" lon="18.655851"><ele>496</ele></trkpt>
      <trkpt lat="48.459455" lon="18.6558"><ele>499</ele></trkpt>
      <trkpt lat="48.459508" lon="18.655819"><ele>493</ele></trkpt>
      <trkpt lat="48.459562" lon="18.65584"><ele>495</ele></trkpt>
      <trkpt lat="48.459684" lon="18.655803"><ele>497</ele></trkpt>
      <trkpt lat="48.459768" lon="18.655786"><ele>494</ele></trkpt>
      <trkpt lat="48.459822" lon="18.655812"><ele>499</ele></trkpt>
      <trkpt lat="48.45987" lon="18.655845"><ele>488</ele></trkpt>
      <trkpt lat="48.459857" lon="18.655671"><ele>498</ele></trkpt>
      <trkpt lat="48.459958" lon="18.655789"><ele>482</ele></trkpt>
      <trkpt lat="48.460028" lon="18.655828"><ele>466</ele></trkpt>
      <trkpt lat="48.46008" lon="18.655831"><ele>462</ele></trkpt>
      <trkpt lat="48.460122" lon="18.655807"><ele>463</ele></trkpt>
      <trkpt lat="48.4602" lon="18.655831"><ele>456</ele></trkpt>
      <trkpt lat="48.460296" lon="18.655881"><ele>453</ele></trkpt>
      <trkpt lat="48.46033" lon="18.655897"><ele>451</ele></trkpt>
      <trkpt lat="48.460359" lon="18.655907"><ele>451</ele></trkpt>
      <trkpt lat="48.460382" lon="18.655913"><ele>451</ele></trkpt>
      <trkpt lat="48.460408" lon="18.655918"><ele>451</ele></trkpt>
      <trkpt lat="48.460437" lon="18.655924"><ele>450</ele></trkpt>
      <trkpt lat="48.460489" lon="18.655962"><ele>449</ele></trkpt>
      <trkpt lat="48.460513" lon="18.655983"><ele>448</ele></trkpt>
      <trkpt lat="48.46056" lon="18.656011"><ele>449</ele></trkpt>
      <trkpt lat="48.460619" lon="18.656021"><ele>450</ele></trkpt>
      <trkpt lat="48.460649" lon="18.656029"><ele>446</ele></trkpt>
      <trkpt lat="48.460676" lon="18.656038"><ele>447</ele></trkpt>
      <trkpt lat="48.460701" lon="18.65605"><ele>447</ele></trkpt>
      <trkpt lat="48.460784" lon="18.656101"><ele>448</ele></trkpt>
      <trkpt lat="48.460844" lon="18.656112"><ele>450</ele></trkpt>
      <trkpt lat="48.46089" lon="18.656161"><ele>454</ele></trkpt>
      <trkpt lat="48.460919" lon="18.656188"><ele>453</ele></trkpt>
      <trkpt lat="48.461012" lon="18.656233"><ele>452</ele></trkpt>
      <trkpt lat="48.461085" lon="18.656292"><ele>453</ele></trkpt>
      <trkpt lat="48.461121" lon="18.656342"><ele>455</ele></trkpt>
      <trkpt lat="48.461176" lon="18.656342"><ele>458</ele></trkpt>
      <trkpt lat="48.461224" lon="18.656341"><ele>459</ele></trkpt>
      <trkpt lat="48.46127" lon="18.656334"><ele>461</ele></trkpt>
      <trkpt lat="48.461319" lon="18.656341"><ele>460</ele></trkpt>
      <trkpt lat="48.461341" lon="18.656343"><ele>460</ele></trkpt>
      <trkpt lat="48.461432" lon="18.656374"><ele>463</ele></trkpt>
      <trkpt lat="48.461461" lon="18.656388"><ele>464</ele></trkpt>
      <trkpt lat="48.461518" lon="18.656401"><ele>465</ele></trkpt>
      <trkpt lat="48.461567" lon="18.656424"><ele>465</ele></trkpt>
      <trkpt lat="48.4616" lon="18.656437"><ele>465</ele></trkpt>
      <trkpt lat="48.461642" lon="18.656452"><ele>462</ele></trkpt>
      <trkpt lat="48.46169" lon="18.656477"><ele>462</ele></trkpt>
      <trkpt lat="48.461749" lon="18.656481"><ele>464</ele></trkpt>
      <trkpt lat="48.461791" lon="18.656522"><ele>465</ele></trkpt>
      <trkpt lat="48.461835" lon="18.656581"><ele>465</ele></trkpt>
      <trkpt lat="48.461857" lon="18.656613"><ele>466</ele></trkpt>
      <trkpt lat="48.461874" lon="18.656641"><ele>467</ele></trkpt>
      <trkpt lat="48.461904" lon="18.656682"><ele>469</ele></trkpt>
      <trkpt lat="48.461931" lon="18.656721"><ele>468</ele></trkpt>
      <trkpt lat="48.461975" lon="18.656812"><ele>465</ele></trkpt>
      <trkpt lat="48.462013" lon="18.656911"><ele>464</ele></trkpt>
      <trkpt lat="48.462037" lon="18.656979"><ele>462</ele></trkpt>
      <trkpt lat="48.462093" lon="18.657118"><ele>461</ele></trkpt>
      <trkpt lat="48.462129" lon="18.657198"><ele>462</ele></trkpt>
      <trkpt lat="48.462165" lon="18.657247"><ele>467</ele></trkpt>
      <trkpt lat="48.46221" lon="18.657302"><ele>468</ele></trkpt>
      <trkpt lat="48.462235" lon="18.657365"><ele>469</ele></trkpt>
      <trkpt lat="48.462261" lon="18.657432"><ele>468</ele></trkpt>
      <trkpt lat="48.462284" lon="18.657493"><ele>473</ele></trkpt>
      <trkpt lat="48.462321" lon="18.657535"><ele>469</ele></trkpt>
      <trkpt lat="48.462369" lon="18.657561"><ele>470</ele></trkpt>
      <trkpt lat="48.462419" lon="18.657563"><ele>472</ele></trkpt>
      <trkpt lat="48.462478" lon="18.657563"><ele>475</ele></trkpt>
      <trkpt lat="48.462542" lon="18.657587"><ele>476</ele></trkpt>
      <trkpt lat="48.462655" lon="18.657641"><ele>476</ele></trkpt>
      <trkpt lat="48.462712" lon="18.657684"><ele>478</ele></trkpt>
      <trkpt lat="48.462739" lon="18.6577"><ele>478</ele></trkpt>
      <trkpt lat="48.462776" lon="18.657744"><ele>478</ele></trkpt>
      <trkpt lat="48.462804" lon="18.657797"><ele>478</ele></trkpt>
      <trkpt lat="48.462827" lon="18.657845"><ele>478</ele></trkpt>
      <trkpt lat="48.462844" lon="18.657917"><ele>478</ele></trkpt>
      <trkpt lat="48.462885" lon="18.657984"><ele>478</ele></trkpt>
      <trkpt lat="48.462937" lon="18.658029"><ele>477</ele></trkpt>
      <trkpt lat="48.463007" lon="18.65808"><ele>478</ele></trkpt>
      <trkpt lat="48.463261" lon="18.658263"><ele>476</ele></trkpt>
      <trkpt lat="48.463308" lon="18.658265"><ele>476</ele></trkpt>
      <trkpt lat="48.46336" lon="18.658345"><ele>474</ele></trkpt>
      <trkpt lat="48.463379" lon="18.658374"><ele>473</ele></trkpt>
      <trkpt lat="48.463422" lon="18.658433"><ele>473</ele></trkpt>
      <trkpt lat="48.463474" lon="18.658521"><ele>473</ele></trkpt>
      <trkpt lat="48.463511" lon="18.658586"><ele>472</ele></trkpt>
      <trkpt lat="48.463569" lon="18.658663"><ele>472</ele></trkpt>
      <trkpt lat="48.463645" lon="18.658674"><ele>474</ele></trkpt>
      <trkpt lat="48.4637" lon="18.658699"><ele>474</ele></trkpt>
      <trkpt lat="48.463745" lon="18.658698"><ele>475</ele></trkpt>
      <trkpt lat="48.463798" lon="18.658701"><ele>477</ele></trkpt>
      <trkpt lat="48.463846" lon="18.658719"><ele>478</ele></trkpt>
      <trkpt lat="48.463903" lon="18.658726"><ele>479</ele></trkpt>
      <trkpt lat="48.463936" lon="18.658731"><ele>479</ele></trkpt>
      <trkpt lat="48.463955" lon="18.658828"><ele>475</ele></trkpt>
      <trkpt lat="48.464031" lon="18.658877"><ele>477</ele></trkpt>
      <trkpt lat="48.464067" lon="18.658829"><ele>477</ele></trkpt>
      <trkpt lat="48.464097" lon="18.65879"><ele>478</ele></trkpt>
      <trkpt lat="48.464187" lon="18.658825"><ele>477</ele></trkpt>
      <trkpt lat="48.464241" lon="18.658921"><ele>477</ele></trkpt>
      <trkpt lat="48.464294" lon="18.659007"><ele>476</ele></trkpt>
      <trkpt lat="48.464385" lon="18.65892"><ele>479</ele></trkpt>
      <trkpt lat="48.464434" lon="18.65892"><ele>480</ele></trkpt>
      <trkpt lat="48.464467" lon="18.658975"><ele>480</ele></trkpt>
      <trkpt lat="48.464483" lon="18.659"><ele>478</ele></trkpt>
      <trkpt lat="48.464509" lon="18.659038"><ele>478</ele></trkpt>
      <trkpt lat="48.464565" lon="18.659103"><ele>476</ele></trkpt>
      <trkpt lat="48.464579" lon="18.659168"><ele>481</ele></trkpt>
      <trkpt lat="48.464592" lon="18.659218"><ele>476</ele></trkpt>
      <trkpt lat="48.464654" lon="18.659277"><ele>476</ele></trkpt>
      <trkpt lat="48.464697" lon="18.659303"><ele>476</ele></trkpt>
      <trkpt lat="48.464736" lon="18.659397"><ele>474</ele></trkpt>
      <trkpt lat="48.464779" lon="18.659427"><ele>477</ele></trkpt>
      <trkpt lat="48.464818" lon="18.659456"><ele>477</ele></trkpt>
      <trkpt lat="48.46485" lon="18.659496"><ele>484</ele></trkpt>
      <trkpt lat="48.464916" lon="18.659521"><ele>488</ele></trkpt>
      <trkpt lat="48.464976" lon="18.659528"><ele>489</ele></trkpt>
      <trkpt lat="48.465009" lon="18.659611"><ele>492</ele></trkpt>
      <trkpt lat="48.465057" lon="18.659718"><ele>493</ele></trkpt>
      <trkpt lat="48.465115" lon="18.659726"><ele>493</ele></trkpt>
      <trkpt lat="48.465164" lon="18.659726"><ele>493</ele></trkpt>
      <trkpt lat="48.465219" lon="18.659743"><ele>495</ele></trkpt>
      <trkpt lat="48.465274" lon="18.659744"><ele>497</ele></trkpt>
      <trkpt lat="48.465306" lon="18.659747"><ele>497</ele></trkpt>
      <trkpt lat="48.465355" lon="18.659768"><ele>499</ele></trkpt>
      <trkpt lat="48.465396" lon="18.65983"><ele>498</ele></trkpt>
      <trkpt lat="48.46543" lon="18.659884"><ele>503</ele></trkpt>
      <trkpt lat="48.465486" lon="18.65989"><ele>504</ele></trkpt>
      <trkpt lat="48.465532" lon="18.659956"><ele>499</ele></trkpt>
      <trkpt lat="48.465573" lon="18.659999"><ele>499</ele></trkpt>
      <trkpt lat="48.465639" lon="18.660081"><ele>500</ele></trkpt>
      <trkpt lat="48.465675" lon="18.660129"><ele>506</ele></trkpt>
      <trkpt lat="48.465699" lon="18.660216"><ele>506</ele></trkpt>
      <trkpt lat="48.465726" lon="18.660288"><ele>507</ele></trkpt>
      <trkpt lat="48.465787" lon="18.660283"><ele>508</ele></trkpt>
      <trkpt lat="48.465821" lon="18.660278"><ele>508</ele></trkpt>
      <trkpt lat="48.465855" lon="18.660274"><ele>509</ele></trkpt>
      <trkpt lat="48.465949" lon="18.660281"><ele>510</ele></trkpt>
      <trkpt lat="48.466044" lon="18.660276"><ele>510</ele></trkpt>
      <trkpt lat="48.466149" lon="18.660267"><ele>511</ele></trkpt>
      <trkpt lat="48.466102" lon="18.660354"><ele>514</ele></trkpt>
      <trkpt lat="48.466174" lon="18.66039"><ele>516</ele></trkpt>
      <trkpt lat="48.46622" lon="18.660395"><ele>517</ele></trkpt>
      <trkpt lat="48.466248" lon="18.660448"><ele>518</ele></trkpt>
      <trkpt lat="48.466276" lon="18.660496"><ele>517</ele></trkpt>
      <trkpt lat="48.466302" lon="18.660559"><ele>518</ele></trkpt>
      <trkpt lat="48.466326" lon="18.660612"><ele>519</ele></trkpt>
      <trkpt lat="48.466382" lon="18.660715"><ele>517</ele></trkpt>
      <trkpt lat="48.466406" lon="18.660754"><ele>518</ele></trkpt>
      <trkpt lat="48.466427" lon="18.660782"><ele>520</ele></trkpt>
      <trkpt lat="48.466488" lon="18.66079"><ele>521</ele></trkpt>
      <trkpt lat="48.466616" lon="18.660869"><ele>519</ele></trkpt>
      <trkpt lat="48.466665" lon="18.660919"><ele>519</ele></trkpt>
      <trkpt lat="48.466676" lon="18.660994"><ele>516</ele></trkpt>
      <trkpt lat="48.46672" lon="18.661063"><ele>516</ele></trkpt>
      <trkpt lat="48.466774" lon="18.661055"><ele>517</ele></trkpt>
      <trkpt lat="48.466828" lon="18.661072"><ele>519</ele></trkpt>
      <trkpt lat="48.466863" lon="18.661118"><ele>520</ele></trkpt>
      <trkpt lat="48.46688" lon="18.661208"><ele>514</ele></trkpt>
      <trkpt lat="48.466929" lon="18.661268"><ele>513</ele></trkpt>
      <trkpt lat="48.466964" lon="18.661327"><ele>513</ele></trkpt>
      <trkpt lat="48.466993" lon="18.661384"><ele>512</ele></trkpt>
      <trkpt lat="48.467111" lon="18.6614"><ele>523</ele></trkpt>
      <trkpt lat="48.467214" lon="18.661433"><ele>521</ele></trkpt>
      <trkpt lat="48.467292" lon="18.661478"><ele>521</ele></trkpt>
      <trkpt lat="48.467357" lon="18.66155"><ele>521</ele></trkpt>
      <trkpt lat="48.467394" lon="18.661589"><ele>522</ele></trkpt>
      <trkpt lat="48.467431" lon="18.661625"><ele>520</ele></trkpt>
      <trkpt lat="48.467516" lon="18.661721"><ele>517</ele></trkpt>
      <trkpt lat="48.467609" lon="18.661748"><ele>520</ele></trkpt>
      <trkpt lat="48.467678" lon="18.661763"><ele>520</ele></trkpt>
      <trkpt lat="48.467761" lon="18.661823"><ele>521</ele></trkpt>
      <trkpt lat="48.46782" lon="18.661838"><ele>521</ele></trkpt>
      <trkpt lat="48.46787" lon="18.661859"><ele>519</ele></trkpt>
      <trkpt lat="48.467897" lon="18.661868"><ele>520</ele></trkpt>
      <trkpt lat="48.467968" lon="18.661833"><ele>521</ele></trkpt>
      <trkpt lat="48.468059" lon="18.66188"><ele>524</ele></trkpt>
      <trkpt lat="48.468117" lon="18.661929"><ele>525</ele></trkpt>
      <trkpt lat="48.46817" lon="18.661954"><ele>528</ele></trkpt>
      <trkpt lat="48.468196" lon="18.661964"><ele>526</ele></trkpt>
      <trkpt lat="48.468255" lon="18.661984"><ele>529</ele></trkpt>
      <trkpt lat="48.468304" lon="18.662011"><ele>531</ele></trkpt>
      <trkpt lat="48.468345" lon="18.662052"><ele>526</ele></trkpt>
      <trkpt lat="48.468432" lon="18.662135"><ele>526</ele></trkpt>
      <trkpt lat="48.468459" lon="18.66216"><ele>527</ele></trkpt>
      <trkpt lat="48.468559" lon="18.662232"><ele>525</ele></trkpt>
      <trkpt lat="48.468586" lon="18.662248"><ele>526</ele></trkpt>
      <trkpt lat="48.468638" lon="18.662268"><ele>528</ele></trkpt>
      <trkpt lat="48.468685" lon="18.662325"><ele>529</ele></trkpt>
      <trkpt lat="48.468712" lon="18.662352"><ele>534</ele></trkpt>
      <trkpt lat="48.468758" lon="18.662409"><ele>531</ele></trkpt>
      <trkpt lat="48.468805" lon="18.662432"><ele>528</ele></trkpt>
      <trkpt lat="48.46885" lon="18.66247"><ele>531</ele></trkpt>
      <trkpt lat="48.4689" lon="18.662497"><ele>536</ele></trkpt>
      <trkpt lat="48.468948" lon="18.662505"><ele>536</ele></trkpt>
      <trkpt lat="48.468989" lon="18.66255"><ele>536</ele></trkpt>
      <trkpt lat="48.469063" lon="18.662661"><ele>536</ele></trkpt>
      <trkpt lat="48.469135" lon="18.662715"><ele>534</ele></trkpt>
      <trkpt lat="48.469177" lon="18.662778"><ele>536</ele></trkpt>
      <trkpt lat="48.469195" lon="18.662803"><ele>535</ele></trkpt>
      <trkpt lat="48.469228" lon="18.662884"><ele>536</ele></trkpt>
      <trkpt lat="48.469265" lon="18.662934"><ele>537</ele></trkpt>
      <trkpt lat="48.469334" lon="18.662995"><ele>537</ele></trkpt>
      <trkpt lat="48.469373" lon="18.663035"><ele>538</ele></trkpt>
      <trkpt lat="48.469401" lon="18.663059"><ele>539</ele></trkpt>
      <trkpt lat="48.469438" lon="18.663117"><ele>536</ele></trkpt>
      <trkpt lat="48.46953" lon="18.663152"><ele>539</ele></trkpt>
      <trkpt lat="48.469593" lon="18.663164"><ele>539</ele></trkpt>
      <trkpt lat="48.469675" lon="18.663184"><ele>540</ele></trkpt>
      <trkpt lat="48.469725" lon="18.663219"><ele>540</ele></trkpt>
      <trkpt lat="48.469799" lon="18.663306"><ele>538</ele></trkpt>
      <trkpt lat="48.469917" lon="18.663369"><ele>538</ele></trkpt>
      <trkpt lat="48.470011" lon="18.663464"><ele>539</ele></trkpt>
      <trkpt lat="48.47007" lon="18.663519"><ele>542</ele></trkpt>
      <trkpt lat="48.469983" lon="18.663232"><ele>542</ele></trkpt>
      <trkpt lat="48.470034" lon="18.663161"><ele>541</ele></trkpt>
      <trkpt lat="48.470098" lon="18.663181"><ele>542</ele></trkpt>
      <trkpt lat="48.47018" lon="18.66322"><ele>538</ele></trkpt>
      <trkpt lat="48.470227" lon="18.663233"><ele>540</ele></trkpt>
      <trkpt lat="48.470297" lon="18.663253"><ele>545</ele></trkpt>
      <trkpt lat="48.470403" lon="18.663354"><ele>547</ele></trkpt>
      <trkpt lat="48.470465" lon="18.663404"><ele>548</ele></trkpt>
      <trkpt lat="48.470543" lon="18.66345"><ele>549</ele></trkpt>
      <trkpt lat="48.470595" lon="18.663451"><ele>551</ele></trkpt>
      <trkpt lat="48.470669" lon="18.663427"><ele>553</ele></trkpt>
      <trkpt lat="48.470723" lon="18.66339"><ele>555</ele></trkpt>
      <trkpt lat="48.470752" lon="18.663368"><ele>554</ele></trkpt>
      <trkpt lat="48.470783" lon="18.663347"><ele>556</ele></trkpt>
      <trkpt lat="48.470841" lon="18.663296"><ele>556</ele></trkpt>
      <trkpt lat="48.470901" lon="18.663281"><ele>558</ele></trkpt>
      <trkpt lat="48.470981" lon="18.663199"><ele>558</ele></trkpt>
      <trkpt lat="48.471061" lon="18.663157"><ele>560</ele></trkpt>
      <trkpt lat="48.4711" lon="18.663121"><ele>560</ele></trkpt>
      <trkpt lat="48.471146" lon="18.663058"><ele>560</ele></trkpt>
      <trkpt lat="48.471191" lon="18.663032"><ele>563</ele></trkpt>
      <trkpt lat="48.47121" lon="18.662968"><ele>563</ele></trkpt>
      <trkpt lat="48.471234" lon="18.662906"><ele>563</ele></trkpt>
      <trkpt lat="48.471254" lon="18.662857"><ele>562</ele></trkpt>
      <trkpt lat="48.471305" lon="18.662799"><ele>562</ele></trkpt>
      <trkpt lat="48.47133" lon="18.662774"><ele>561</ele></trkpt>
      <trkpt lat="48.47137" lon="18.662707"><ele>561</ele></trkpt>
      <trkpt lat="48.471405" lon="18.662613"><ele>563</ele></trkpt>
      <trkpt lat="48.471423" lon="18.662557"><ele>562</ele></trkpt>
      <trkpt lat="48.471512" lon="18.662429"><ele>562</ele></trkpt>
      <trkpt lat="48.471532" lon="18.662396"><ele>563</ele></trkpt>
      <trkpt lat="48.471561" lon="18.662299"><ele>562</ele></trkpt>
      <trkpt lat="48.471596" lon="18.662125"><ele>565</ele></trkpt>
      <trkpt lat="48.471611" lon="18.662063"><ele>562</ele></trkpt>
      <trkpt lat="48.471625" lon="18.662019"><ele>562</ele></trkpt>
      <trkpt lat="48.471638" lon="18.661982"><ele>562</ele></trkpt>
      <trkpt lat="48.471652" lon="18.661942"><ele>561</ele></trkpt>
      <trkpt lat="48.471668" lon="18.661902"><ele>560</ele></trkpt>
      <trkpt lat="48.471691" lon="18.661792"><ele>559</ele></trkpt>
      <trkpt lat="48.471702" lon="18.661746"><ele>559</ele></trkpt>
      <trkpt lat="48.47174" lon="18.661687"><ele>557</ele></trkpt>
      <trkpt lat="48.471828" lon="18.661606"><ele>560</ele></trkpt>
      <trkpt lat="48.471881" lon="18.661571"><ele>560</ele></trkpt>
      <trkpt lat="48.471953" lon="18.66151"><ele>561</ele></trkpt>
      <trkpt lat="48.471962" lon="18.661424"><ele>562</ele></trkpt>
      <trkpt lat="48.471952" lon="18.661265"><ele>559</ele></trkpt>
      <trkpt lat="48.471971" lon="18.661171"><ele>559</ele></trkpt>
      <trkpt lat="48.472012" lon="18.661142"><ele>559</ele></trkpt>
      <trkpt lat="48.472063" lon="18.661158"><ele>559</ele></trkpt>
      <trkpt lat="48.472129" lon="18.661135"><ele>557</ele></trkpt>
      <trkpt lat="48.472202" lon="18.661159"><ele>556</ele></trkpt>
      <trkpt lat="48.472262" lon="18.661175"><ele>553</ele></trkpt>
      <trkpt lat="48.472306" lon="18.661231"><ele>553</ele></trkpt>
      <trkpt lat="48.472411" lon="18.661206"><ele>548</ele></trkpt>
      <trkpt lat="48.47247" lon="18.661154"><ele>549</ele></trkpt>
      <trkpt lat="48.472525" lon="18.661101"><ele>546</ele></trkpt>
      <trkpt lat="48.472556" lon="18.661029"><ele>544</ele></trkpt>
      <trkpt lat="48.472572" lon="18.660984"><ele>545</ele></trkpt>
      <trkpt lat="48.472606" lon="18.660926"><ele>543</ele></trkpt>
      <trkpt lat="48.472654" lon="18.660922"><ele>541</ele></trkpt>
      <trkpt lat="48.472729" lon="18.660793"><ele>540</ele></trkpt>
      <trkpt lat="48.472751" lon="18.660758"><ele>540</ele></trkpt>
      <trkpt lat="48.472811" lon="18.660722"><ele>539</ele></trkpt>
      <trkpt lat="48.472866" lon="18.660709"><ele>539</ele></trkpt>
      <trkpt lat="48.472911" lon="18.66072"><ele>534</ele></trkpt>
      <trkpt lat="48.472978" lon="18.660727"><ele>533</ele></trkpt>
      <trkpt lat="48.473025" lon="18.660738"><ele>535</ele></trkpt>
      <trkpt lat="48.473065" lon="18.66075"><ele>534</ele></trkpt>
      <trkpt lat="48.473113" lon="18.660702"><ele>535</ele></trkpt>
      <trkpt lat="48.473159" lon="18.66072"><ele>536</ele></trkpt>
      <trkpt lat="48.473219" lon="18.660744"><ele>534</ele></trkpt>
      <trkpt lat="48.473265" lon="18.660733"><ele>537</ele></trkpt>
      <trkpt lat="48.473343" lon="18.660764"><ele>534</ele></trkpt>
      <trkpt lat="48.473396" lon="18.660811"><ele>534</ele></trkpt>
      <trkpt lat="48.473448" lon="18.660848"><ele>549</ele></trkpt>
      <trkpt lat="48.473506" lon="18.660814"><ele>541</ele></trkpt>
      <trkpt lat="48.473534" lon="18.660754"><ele>538</ele></trkpt>
      <trkpt lat="48.4736" lon="18.660708"><ele>540</ele></trkpt>
      <trkpt lat="48.473632" lon="18.660688"><ele>542</ele></trkpt>
      <trkpt lat="48.47366" lon="18.660674"><ele>542</ele></trkpt>
      <trkpt lat="48.473725" lon="18.660667"><ele>540</ele></trkpt>
      <trkpt lat="48.473807" lon="18.660698"><ele>537</ele></trkpt>
      <trkpt lat="48.473886" lon="18.660755"><ele>536</ele></trkpt>
      <trkpt lat="48.473967" lon="18.660789"><ele>536</ele></trkpt>
      <trkpt lat="48.474059" lon="18.660825"><ele>536</ele></trkpt>
      <trkpt lat="48.474089" lon="18.660834"><ele>536</ele></trkpt>
      <trkpt lat="48.474121" lon="18.660766"><ele>538</ele></trkpt>
      <trkpt lat="48.474181" lon="18.660727"><ele>550</ele></trkpt>
      <trkpt lat="48.474234" lon="18.660717"><ele>548</ele></trkpt>
      <trkpt lat="48.474321" lon="18.660656"><ele>548</ele></trkpt>
      <trkpt lat="48.474347" lon="18.660642"><ele>547</ele></trkpt>
      <trkpt lat="48.474397" lon="18.660605"><ele>546</ele></trkpt>
      <trkpt lat="48.47442" lon="18.660586"><ele>547</ele></trkpt>
      <trkpt lat="48.47451" lon="18.660506"><ele>547</ele></trkpt>
      <trkpt lat="48.474542" lon="18.660456"><ele>549</ele></trkpt>
      <trkpt lat="48.474585" lon="18.660368"><ele>552</ele></trkpt>
      <trkpt lat="48.474612" lon="18.660307"><ele>553</ele></trkpt>
      <trkpt lat="48.474637" lon="18.660256"><ele>557</ele></trkpt>
      <trkpt lat="48.474697" lon="18.660218"><ele>558</ele></trkpt>
      <trkpt lat="48.474745" lon="18.66017"><ele>563</ele></trkpt>
      <trkpt lat="48.474794" lon="18.660125"><ele>564</ele></trkpt>
      <trkpt lat="48.474858" lon="18.660019"><ele>566</ele></trkpt>
      <trkpt lat="48.475094" lon="18.660346"><ele>563</ele></trkpt>
      <trkpt lat="48.475019" lon="18.66"><ele>561</ele></trkpt>
      <trkpt lat="48.47509" lon="18.659964"><ele>560</ele></trkpt>
      <trkpt lat="48.475149" lon="18.659964"><ele>558</ele></trkpt>
      <trkpt lat="48.475186" lon="18.659897"><ele>557</ele></trkpt>
      <trkpt lat="48.475218" lon="18.659812"><ele>557</ele></trkpt>
      <trkpt lat="48.475303" lon="18.659749"><ele>558</ele></trkpt>
      <trkpt lat="48.475345" lon="18.659709"><ele>559</ele></trkpt>
      <trkpt lat="48.475362" lon="18.659577"><ele>559</ele></trkpt>
      <trkpt lat="48.475402" lon="18.65949"><ele>562</ele></trkpt>
      <trkpt lat="48.475424" lon="18.659415"><ele>562</ele></trkpt>
      <trkpt lat="48.475434" lon="18.659384"><ele>564</ele></trkpt>
      <trkpt lat="48.475491" lon="18.659352"><ele>572</ele></trkpt>
      <trkpt lat="48.475525" lon="18.659337"><ele>576</ele></trkpt>
      <trkpt lat="48.475565" lon="18.6593"><ele>580</ele></trkpt>
      <trkpt lat="48.475614" lon="18.659272"><ele>585</ele></trkpt>
      <trkpt lat="48.47566" lon="18.65923"><ele>585</ele></trkpt>
      <trkpt lat="48.475686" lon="18.659168"><ele>586</ele></trkpt>
      <trkpt lat="48.475757" lon="18.65908"><ele>589</ele></trkpt>
      <trkpt lat="48.475805" lon="18.659083"><ele>590</ele></trkpt>
      <trkpt lat="48.475862" lon="18.659099"><ele>592</ele></trkpt>
      <trkpt lat="48.475926" lon="18.659097"><ele>592</ele></trkpt>
      <trkpt lat="48.475994" lon="18.659072"><ele>593</ele></trkpt>
      <trkpt lat="48.476047" lon="18.65906"><ele>592</ele></trkpt>
      <trkpt lat="48.476074" lon="18.659053"><ele>590</ele></trkpt>
      <trkpt lat="48.476127" lon="18.65905"><ele>590</ele></trkpt>
      <trkpt lat="48.476178" lon="18.65904"><ele>588</ele></trkpt>
      <trkpt lat="48.476225" lon="18.65906"><ele>590</ele></trkpt>
      <trkpt lat="48.476261" lon="18.65908"><ele>590</ele></trkpt>
      <trkpt lat="48.476283" lon="18.659091"><ele>590</ele></trkpt>
      <trkpt lat="48.476325" lon="18.659118"><ele>592</ele></trkpt>
      <trkpt lat="48.476351" lon="18.659132"><ele>593</ele></trkpt>
      <trkpt lat="48.476399" lon="18.659152"><ele>595</ele></trkpt>
      <trkpt lat="48.476422" lon="18.659163"><ele>594</ele></trkpt>
      <trkpt lat="48.476477" lon="18.65918"><ele>591</ele></trkpt>
      <trkpt lat="48.476523" lon="18.659213"><ele>591</ele></trkpt>
      <trkpt lat="48.476555" lon="18.659234"><ele>592</ele></trkpt>
      <trkpt lat="48.476584" lon="18.659254"><ele>593</ele></trkpt>
      <trkpt lat="48.476611" lon="18.659269"><ele>592</ele></trkpt>
      <trkpt lat="48.476635" lon="18.659282"><ele>592</ele></trkpt>
      <trkpt lat="48.476662" lon="18.659298"><ele>592</ele></trkpt>
      <trkpt lat="48.476693" lon="18.659319"><ele>593</ele></trkpt>
      <trkpt lat="48.476721" lon="18.65934"><ele>594</ele></trkpt>
      <trkpt lat="48.476743" lon="18.659356"><ele>593</ele></trkpt>
      <trkpt lat="48.476795" lon="18.659396"><ele>593</ele></trkpt>
      <trkpt lat="48.476828" lon="18.659421"><ele>593</ele></trkpt>
      <trkpt lat="48.476879" lon="18.659444"><ele>592</ele></trkpt>
      <trkpt lat="48.476938" lon="18.659464"><ele>592</ele></trkpt>
      <trkpt lat="48.476992" lon="18.659489"><ele>591</ele></trkpt>
      <trkpt lat="48.477067" lon="18.659492"><ele>591</ele></trkpt>
      <trkpt lat="48.477098" lon="18.659495"><ele>591</ele></trkpt>
      <trkpt lat="48.477167" lon="18.65951"><ele>591</ele></trkpt>
      <trkpt lat="48.477236" lon="18.659495"><ele>590</ele></trkpt>
      <trkpt lat="48.4773" lon="18.659473"><ele>591</ele></trkpt>
      <trkpt lat="48.477352" lon="18.659478"><ele>591</ele></trkpt>
      <trkpt lat="48.477378" lon="18.659482"><ele>590</ele></trkpt>
      <trkpt lat="48.477407" lon="18.659484"><ele>588</ele></trkpt>
      <trkpt lat="48.477462" lon="18.659495"><ele>588</ele></trkpt>
      <trkpt lat="48.477485" lon="18.659501"><ele>587</ele></trkpt>
      <trkpt lat="48.477537" lon="18.659498"><ele>586</ele></trkpt>
      <trkpt lat="48.477607" lon="18.659484"><ele>588</ele></trkpt>
      <trkpt lat="48.477632" lon="18.65948"><ele>589</ele></trkpt>
      <trkpt lat="48.477659" lon="18.659475"><ele>590</ele></trkpt>
      <trkpt lat="48.477733" lon="18.659433"><ele>592</ele></trkpt>
      <trkpt lat="48.477774" lon="18.659393"><ele>592</ele></trkpt>
      <trkpt lat="48.477829" lon="18.65936"><ele>590</ele></trkpt>
      <trkpt lat="48.477859" lon="18.659345"><ele>591</ele></trkpt>
      <trkpt lat="48.477884" lon="18.659333"><ele>590</ele></trkpt>
      <trkpt lat="48.477936" lon="18.659306"><ele>590</ele></trkpt>
      <trkpt lat="48.478001" lon="18.659285"><ele>588</ele></trkpt>
      <trkpt lat="48.478082" lon="18.65925"><ele>588</ele></trkpt>
      <trkpt lat="48.478103" lon="18.65924"><ele>587</ele></trkpt>
      <trkpt lat="48.478144" lon="18.659204"><ele>589</ele></trkpt>
      <trkpt lat="48.478192" lon="18.659168"><ele>588</ele></trkpt>
      <trkpt lat="48.478232" lon="18.659143"><ele>587</ele></trkpt>
      <trkpt lat="48.478256" lon="18.659131"><ele>587</ele></trkpt>
      <trkpt lat="48.478327" lon="18.65908"><ele>588</ele></trkpt>
      <trkpt lat="48.478349" lon="18.659063"><ele>587</ele></trkpt>
      <trkpt lat="48.478371" lon="18.659046"><ele>587</ele></trkpt>
      <trkpt lat="48.478395" lon="18.659023"><ele>588</ele></trkpt>
      <trkpt lat="48.478418" lon="18.659001"><ele>586</ele></trkpt>
      <trkpt lat="48.478451" lon="18.658962"><ele>587</ele></trkpt>
      <trkpt lat="48.47847" lon="18.658935"><ele>587</ele></trkpt>
      <trkpt lat="48.478487" lon="18.658912"><ele>588</ele></trkpt>
      <trkpt lat="48.478542" lon="18.658863"><ele>590</ele></trkpt>
      <trkpt lat="48.478565" lon="18.658842"><ele>590</ele></trkpt>
      <trkpt lat="48.478588" lon="18.658819"><ele>590</ele></trkpt>
      <trkpt lat="48.47861" lon="18.658799"><ele>590</ele></trkpt>
      <trkpt lat="48.478659" lon="18.658767"><ele>590</ele></trkpt>
      <trkpt lat="48.478715" lon="18.65874"><ele>591</ele></trkpt>
      <trkpt lat="48.478737" lon="18.658726"><ele>590</ele></trkpt>
      <trkpt lat="48.478762" lon="18.65871"><ele>590</ele></trkpt>
      <trkpt lat="48.478805" lon="18.658673"><ele>590</ele></trkpt>
      <trkpt lat="48.478828" lon="18.658653"><ele>591</ele></trkpt>
      <trkpt lat="48.478874" lon="18.658607"><ele>593</ele></trkpt>
      <trkpt lat="48.478925" lon="18.65853"><ele>592</ele></trkpt>
      <trkpt lat="48.47894" lon="18.658504"><ele>593</ele></trkpt>
      <trkpt lat="48.478958" lon="18.658473"><ele>593</ele></trkpt>
      <trkpt lat="48.47898" lon="18.658401"><ele>594</ele></trkpt>
      <trkpt lat="48.479003" lon="18.658315"><ele>594</ele></trkpt>
      <trkpt lat="48.479021" lon="18.658257"><ele>595</ele></trkpt>
      <trkpt lat="48.479035" lon="18.658201"><ele>595</ele></trkpt>
      <trkpt lat="48.479054" lon="18.658073"><ele>595</ele></trkpt>
      <trkpt lat="48.479076" lon="18.657975"><ele>597</ele></trkpt>
      <trkpt lat="48.479116" lon="18.657878"><ele>597</ele></trkpt>
      <trkpt lat="48.479128" lon="18.657845"><ele>598</ele></trkpt>
      <trkpt lat="48.47915" lon="18.657776"><ele>598</ele></trkpt>
      <trkpt lat="48.479171" lon="18.657705"><ele>601</ele></trkpt>
      <trkpt lat="48.479194" lon="18.657595"><ele>602</ele></trkpt>
      <trkpt lat="48.479209" lon="18.657517"><ele>603</ele></trkpt>
      <trkpt lat="48.479223" lon="18.657456"><ele>597</ele></trkpt>
      <trkpt lat="48.479241" lon="18.657391"><ele>601</ele></trkpt>
      <trkpt lat="48.479251" lon="18.657345"><ele>598</ele></trkpt>
      <trkpt lat="48.47927" lon="18.657268"><ele>600</ele></trkpt>
      <trkpt lat="48.479286" lon="18.657188"><ele>599</ele></trkpt>
      <trkpt lat="48.479292" lon="18.657151"><ele>597</ele></trkpt>
      <trkpt lat="48.479311" lon="18.657059"><ele>597</ele></trkpt>
      <trkpt lat="48.479325" lon="18.656986"><ele>598</ele></trkpt>
      <trkpt lat="48.479342" lon="18.656921"><ele>599</ele></trkpt>
      <trkpt lat="48.479358" lon="18.656863"><ele>599</ele></trkpt>
      <trkpt lat="48.479378" lon="18.656781"><ele>599</ele></trkpt>
      <trkpt lat="48.479412" lon="18.656707"><ele>599</ele></trkpt>
      <trkpt lat="48.479444" lon="18.656644"><ele>598</ele></trkpt>
      <trkpt lat="48.47946" lon="18.656574"><ele>596</ele></trkpt>
      <trkpt lat="48.479471" lon="18.656529"><ele>597</ele></trkpt>
      <trkpt lat="48.479484" lon="18.656485"><ele>598</ele></trkpt>
      <trkpt lat="48.479509" lon="18.656388"><ele>598</ele></trkpt>
      <trkpt lat="48.479521" lon="18.656346"><ele>599</ele></trkpt>
      <trkpt lat="48.479539" lon="18.656264"><ele>600</ele></trkpt>
      <trkpt lat="48.479548" lon="18.656229"><ele>599</ele></trkpt>
      <trkpt lat="48.479557" lon="18.656189"><ele>602</ele></trkpt>
      <trkpt lat="48.479568" lon="18.65615"><ele>603</ele></trkpt>
      <trkpt lat="48.479586" lon="18.656078"><ele>603</ele></trkpt>
      <trkpt lat="48.479597" lon="18.656038"><ele>602</ele></trkpt>
      <trkpt lat="48.47961" lon="18.655989"><ele>601</ele></trkpt>
      <trkpt lat="48.47962" lon="18.65594"><ele>599</ele></trkpt>
      <trkpt lat="48.47963" lon="18.655879"><ele>600</ele></trkpt>
      <trkpt lat="48.47965" lon="18.655809"><ele>600</ele></trkpt>
      <trkpt lat="48.479666" lon="18.655762"><ele>599</ele></trkpt>
      <trkpt lat="48.479687" lon="18.6557"><ele>597</ele></trkpt>
      <trkpt lat="48.479718" lon="18.65562"><ele>596</ele></trkpt>
      <trkpt lat="48.479734" lon="18.655583"><ele>597</ele></trkpt>
      <trkpt lat="48.479777" lon="18.655475"><ele>600</ele></trkpt>
      <trkpt lat="48.479796" lon="18.655433"><ele>600</ele></trkpt>
      <trkpt lat="48.479809" lon="18.655402"><ele>602</ele></trkpt>
      <trkpt lat="48.479845" lon="18.655321"><ele>602</ele></trkpt>
      <trkpt lat="48.479878" lon="18.655263"><ele>603</ele></trkpt>
      <trkpt lat="48.479913" lon="18.6552"><ele>603</ele></trkpt>
      <trkpt lat="48.479976" lon="18.655119"><ele>604</ele></trkpt>
      <trkpt lat="48.480008" lon="18.65505"><ele>600</ele></trkpt>
      <trkpt lat="48.480025" lon="18.655013"><ele>600</ele></trkpt>
      <trkpt lat="48.480054" lon="18.654939"><ele>600</ele></trkpt>
      <trkpt lat="48.480135" lon="18.654772"><ele>598</ele></trkpt>
      <trkpt lat="48.48015" lon="18.654744"><ele>599</ele></trkpt>
      <trkpt lat="48.480166" lon="18.654718"><ele>598</ele></trkpt>
      <trkpt lat="48.480181" lon="18.654691"><ele>598</ele></trkpt>
      <trkpt lat="48.4802" lon="18.654657"><ele>598</ele></trkpt>
      <trkpt lat="48.480234" lon="18.654588"><ele>599</ele></trkpt>
      <trkpt lat="48.480263" lon="18.6545"><ele>597</ele></trkpt>
      <trkpt lat="48.480274" lon="18.654464"><ele>599</ele></trkpt>
      <trkpt lat="48.480286" lon="18.654431"><ele>600</ele></trkpt>
      <trkpt lat="48.480313" lon="18.654358"><ele>600</ele></trkpt>
      <trkpt lat="48.480326" lon="18.654324"><ele>602</ele></trkpt>
      <trkpt lat="48.48034" lon="18.654294"><ele>602</ele></trkpt>
      <trkpt lat="48.480353" lon="18.654266"><ele>603</ele></trkpt>
      <trkpt lat="48.480392" lon="18.654174"><ele>604</ele></trkpt>
      <trkpt lat="48.480418" lon="18.654119"><ele>604</ele></trkpt>
      <trkpt lat="48.480434" lon="18.654087"><ele>604</ele></trkpt>
      <trkpt lat="48.480449" lon="18.654051"><ele>605</ele></trkpt>
      <trkpt lat="48.480463" lon="18.654013"><ele>606</ele></trkpt>
      <trkpt lat="48.480488" lon="18.653946"><ele>607</ele></trkpt>
      <trkpt lat="48.480514" lon="18.65389"><ele>607</ele></trkpt>
      <trkpt lat="48.480531" lon="18.653857"><ele>607</ele></trkpt>
      <trkpt lat="48.480548" lon="18.653825"><ele>608</ele></trkpt>
      <trkpt lat="48.480575" lon="18.653761"><ele>607</ele></trkpt>
      <trkpt lat="48.48059" lon="18.653724"><ele>606</ele></trkpt>
      <trkpt lat="48.48061" lon="18.653679"><ele>606</ele></trkpt>
      <trkpt lat="48.480641" lon="18.653594"><ele>606</ele></trkpt>
      <trkpt lat="48.480664" lon="18.653507"><ele>605</ele></trkpt>
      <trkpt lat="48.480673" lon="18.653465"><ele>605</ele></trkpt>
      <trkpt lat="48.480683" lon="18.653404"><ele>605</ele></trkpt>
      <trkpt lat="48.48069" lon="18.653327"><ele>606</ele></trkpt>
      <trkpt lat="48.480695" lon="18.653281"><ele>606</ele></trkpt>
      <trkpt lat="48.4807" lon="18.653239"><ele>606</ele></trkpt>
      <trkpt lat="48.480706" lon="18.653203"><ele>606</ele></trkpt>
      <trkpt lat="48.480721" lon="18.653105"><ele>606</ele></trkpt>
      <trkpt lat="48.480726" lon="18.653066"><ele>607</ele></trkpt>
      <trkpt lat="48.48073" lon="18.653008"><ele>606</ele></trkpt>
      <trkpt lat="48.480732" lon="18.652963"><ele>607</ele></trkpt>
      <trkpt lat="48.480726" lon="18.652876"><ele>608</ele></trkpt>
      <trkpt lat="48.480724" lon="18.652786"><ele>608</ele></trkpt>
      <trkpt lat="48.480731" lon="18.652702"><ele>608</ele></trkpt>
      <trkpt lat="48.480735" lon="18.652665"><ele>609</ele></trkpt>
      <trkpt lat="48.48074" lon="18.652629"><ele>610</ele></trkpt>
      <trkpt lat="48.480749" lon="18.652577"><ele>611</ele></trkpt>
      <trkpt lat="48.480758" lon="18.652539"><ele>611</ele></trkpt>
      <trkpt lat="48.480767" lon="18.652491"><ele>611</ele></trkpt>
      <trkpt lat="48.480781" lon="18.652422"><ele>613</ele></trkpt>
      <trkpt lat="48.4808" lon="18.652354"><ele>614</ele></trkpt>
      <trkpt lat="48.480809" lon="18.652286"><ele>613</ele></trkpt>
      <trkpt lat="48.480814" lon="18.652253"><ele>614</ele></trkpt>
      <trkpt lat="48.480843" lon="18.652187"><ele>617</ele></trkpt>
      <trkpt lat="48.480863" lon="18.652089"><ele>620</ele></trkpt>
      <trkpt lat="48.480873" lon="18.652039"><ele>617</ele></trkpt>
      <trkpt lat="48.480895" lon="18.651974"><ele>615</ele></trkpt>
      <trkpt lat="48.48091" lon="18.651888"><ele>617</ele></trkpt>
      <trkpt lat="48.480928" lon="18.651815"><ele>615</ele></trkpt>
      <trkpt lat="48.480969" lon="18.651758"><ele>617</ele></trkpt>
      <trkpt lat="48.481003" lon="18.6516"><ele>617</ele></trkpt>
      <trkpt lat="48.481031" lon="18.651533"><ele>613</ele></trkpt>
      <trkpt lat="48.481044" lon="18.651496"><ele>615</ele></trkpt>
      <trkpt lat="48.481058" lon="18.65145"><ele>613</ele></trkpt>
      <trkpt lat="48.481072" lon="18.651407"><ele>613</ele></trkpt>
      <trkpt lat="48.481099" lon="18.651351"><ele>614</ele></trkpt>
      <trkpt lat="48.481122" lon="18.651285"><ele>620</ele></trkpt>
      <trkpt lat="48.481148" lon="18.651227"><ele>619</ele></trkpt>
      <trkpt lat="48.481169" lon="18.651186"><ele>619</ele></trkpt>
      <trkpt lat="48.481189" lon="18.65111"><ele>619</ele></trkpt>
      <trkpt lat="48.481225" lon="18.651036"><ele>616</ele></trkpt>
      <trkpt lat="48.481246" lon="18.650964"><ele>613</ele></trkpt>
      <trkpt lat="48.481255" lon="18.650932"><ele>613</ele></trkpt>
      <trkpt lat="48.481272" lon="18.650878"><ele>613</ele></trkpt>
      <trkpt lat="48.481287" lon="18.650818"><ele>608</ele></trkpt>
      <trkpt lat="48.481309" lon="18.650755"><ele>608</ele></trkpt>
      <trkpt lat="48.481328" lon="18.650706"><ele>607</ele></trkpt>
      <trkpt lat="48.481347" lon="18.650651"><ele>607</ele></trkpt>
      <trkpt lat="48.481378" lon="18.650597"><ele>608</ele></trkpt>
      <trkpt lat="48.481402" lon="18.650553"><ele>607</ele></trkpt>
      <trkpt lat="48.48143" lon="18.650476"><ele>606</ele></trkpt>
      <trkpt lat="48.481448" lon="18.650426"><ele>605</ele></trkpt>
      <trkpt lat="48.481483" lon="18.650356"><ele>605</ele></trkpt>
      <trkpt lat="48.481506" lon="18.650288"><ele>604</ele></trkpt>
      <trkpt lat="48.481535" lon="18.650232"><ele>604</ele></trkpt>
      <trkpt lat="48.481561" lon="18.650165"><ele>603</ele></trkpt>
      <trkpt lat="48.481594" lon="18.650108"><ele>602</ele></trkpt>
      <trkpt lat="48.481613" lon="18.650071"><ele>601</ele></trkpt>
      <trkpt lat="48.481641" lon="18.650013"><ele>601</ele></trkpt>
      <trkpt lat="48.481677" lon="18.649952"><ele>601</ele></trkpt>
      <trkpt lat="48.481709" lon="18.649901"><ele>601</ele></trkpt>
      <trkpt lat="48.481741" lon="18.649829"><ele>602</ele></trkpt>
      <trkpt lat="48.481748" lon="18.649741"><ele>601</ele></trkpt>
      <trkpt lat="48.481751" lon="18.649695"><ele>601</ele></trkpt>
      <trkpt lat="48.481745" lon="18.649622"><ele>602</ele></trkpt>
      <trkpt lat="48.48174" lon="18.64957"><ele>602</ele></trkpt>
      <trkpt lat="48.481733" lon="18.64951"><ele>601</ele></trkpt>
      <trkpt lat="48.481712" lon="18.649435"><ele>601</ele></trkpt>
      <trkpt lat="48.481698" lon="18.649358"><ele>599</ele></trkpt>
      <trkpt lat="48.481679" lon="18.649285"><ele>598</ele></trkpt>
      <trkpt lat="48.481671" lon="18.649253"><ele>598</ele></trkpt>
      <trkpt lat="48.481655" lon="18.649167"><ele>596</ele></trkpt>
      <trkpt lat="48.48163" lon="18.649111"><ele>596</ele></trkpt>
      <trkpt lat="48.481609" lon="18.649036"><ele>596</ele></trkpt>
      <trkpt lat="48.481581" lon="18.648976"><ele>599</ele></trkpt>
      <trkpt lat="48.481557" lon="18.648893"><ele>596</ele></trkpt>
      <trkpt lat="48.481546" lon="18.648844"><ele>596</ele></trkpt>
      <trkpt lat="48.48152" lon="18.648776"><ele>596</ele></trkpt>
      <trkpt lat="48.481493" lon="18.6487"><ele>596</ele></trkpt>
      <trkpt lat="48.481477" lon="18.648644"><ele>597</ele></trkpt>
      <trkpt lat="48.481455" lon="18.648546"><ele>597</ele></trkpt>
      <trkpt lat="48.481429" lon="18.648468"><ele>597</ele></trkpt>
      <trkpt lat="48.481399" lon="18.648346"><ele>599</ele></trkpt>
      <trkpt lat="48.481366" lon="18.648267"><ele>599</ele></trkpt>
      <trkpt lat="48.481347" lon="18.648224"><ele>598</ele></trkpt>
      <trkpt lat="48.481331" lon="18.648191"><ele>596</ele></trkpt>
      <trkpt lat="48.481314" lon="18.64816"><ele>596</ele></trkpt>
      <trkpt lat="48.481259" lon="18.648076"><ele>599</ele></trkpt>
      <trkpt lat="48.481227" lon="18.648018"><ele>599</ele></trkpt>
      <trkpt lat="48.481192" lon="18.647939"><ele>596</ele></trkpt>
      <trkpt lat="48.481172" lon="18.647896"><ele>595</ele></trkpt>
      <trkpt lat="48.481137" lon="18.647812"><ele>598</ele></trkpt>
      <trkpt lat="48.481107" lon="18.647745"><ele>595</ele></trkpt>
      <trkpt lat="48.481092" lon="18.647717"><ele>594</ele></trkpt>
      <trkpt lat="48.481052" lon="18.647663"><ele>594</ele></trkpt>
      <trkpt lat="48.481007" lon="18.647612"><ele>594</ele></trkpt>
      <trkpt lat="48.480944" lon="18.64751"><ele>595</ele></trkpt>
      <trkpt lat="48.480927" lon="18.647477"><ele>592</ele></trkpt>
      <trkpt lat="48.480911" lon="18.647442"><ele>592</ele></trkpt>
      <trkpt lat="48.480893" lon="18.647405"><ele>591</ele></trkpt>
      <trkpt lat="48.480876" lon="18.647368"><ele>590</ele></trkpt>
      <trkpt lat="48.480857" lon="18.64733"><ele>589</ele></trkpt>
      <trkpt lat="48.480801" lon="18.647221"><ele>587</ele></trkpt>
      <trkpt lat="48.480784" lon="18.647182"><ele>586</ele></trkpt>
      <trkpt lat="48.480764" lon="18.647134"><ele>585</ele></trkpt>
      <trkpt lat="48.480746" lon="18.647089"><ele>595</ele></trkpt>
      <trkpt lat="48.480706" lon="18.647008"><ele>596</ele></trkpt>
      <trkpt lat="48.480687" lon="18.646972"><ele>596</ele></trkpt>
      <trkpt lat="48.480665" lon="18.646937"><ele>593</ele></trkpt>
      <trkpt lat="48.480647" lon="18.646899"><ele>595</ele></trkpt>
      <trkpt lat="48.48063" lon="18.646866"><ele>594</ele></trkpt>
      <trkpt lat="48.480613" lon="18.646834"><ele>596</ele></trkpt>
      <trkpt lat="48.480597" lon="18.646804"><ele>596</ele></trkpt>
      <trkpt lat="48.48058" lon="18.64677"><ele>593</ele></trkpt>
      <trkpt lat="48.480562" lon="18.646726"><ele>590</ele></trkpt>
      <trkpt lat="48.480544" lon="18.646682"><ele>588</ele></trkpt>
      <trkpt lat="48.480528" lon="18.646644"><ele>584</ele></trkpt>
      <trkpt lat="48.480495" lon="18.646576"><ele>584</ele></trkpt>
      <trkpt lat="48.480478" lon="18.646541"><ele>583</ele></trkpt>
      <trkpt lat="48.480461" lon="18.646504"><ele>584</ele></trkpt>
      <trkpt lat="48.48041" lon="18.646389"><ele>582</ele></trkpt>
      <trkpt lat="48.480393" lon="18.646349"><ele>582</ele></trkpt>
      <trkpt lat="48.480349" lon="18.646202"><ele>582</ele></trkpt>
      <trkpt lat="48.480332" lon="18.646105"><ele>581</ele></trkpt>
      <trkpt lat="48.4803" lon="18.646041"><ele>580</ele></trkpt>
      <trkpt lat="48.480259" lon="18.64597"><ele>580</ele></trkpt>
      <trkpt lat="48.480247" lon="18.645878"><ele>581</ele></trkpt>
      <trkpt lat="48.480242" lon="18.645836"><ele>581</ele></trkpt>
      <trkpt lat="48.480209" lon="18.645765"><ele>585</ele></trkpt>
      <trkpt lat="48.48019" lon="18.645729"><ele>585</ele></trkpt>
      <trkpt lat="48.48018" lon="18.64566"><ele>586</ele></trkpt>
      <trkpt lat="48.480151" lon="18.645482"><ele>590</ele></trkpt>
      <trkpt lat="48.480143" lon="18.645439"><ele>593</ele></trkpt>
      <trkpt lat="48.48011" lon="18.645375"><ele>592</ele></trkpt>
      <trkpt lat="48.480083" lon="18.645298"><ele>593</ele></trkpt>
      <trkpt lat="48.480061" lon="18.645169"><ele>597</ele></trkpt>
      <trkpt lat="48.480052" lon="18.645066"><ele>601</ele></trkpt>
      <trkpt lat="48.48005" lon="18.644982"><ele>605</ele></trkpt>
      <trkpt lat="48.480089" lon="18.644865"><ele>608</ele></trkpt>
      <trkpt lat="48.480111" lon="18.644807"><ele>608</ele></trkpt>
      <trkpt lat="48.480128" lon="18.644739"><ele>610</ele></trkpt>
      <trkpt lat="48.48013" lon="18.644561"><ele>605</ele></trkpt>
      <trkpt lat="48.48015" lon="18.644488"><ele>612</ele></trkpt>
      <trkpt lat="48.480193" lon="18.644385"><ele>615</ele></trkpt>
      <trkpt lat="48.480191" lon="18.644306"><ele>617</ele></trkpt>
      <trkpt lat="48.48018" lon="18.644224"><ele>616</ele></trkpt>
      <trkpt lat="48.480186" lon="18.644112"><ele>613</ele></trkpt>
      <trkpt lat="48.480195" lon="18.644028"><ele>614</ele></trkpt>
      <trkpt lat="48.480205" lon="18.643913"><ele>615</ele></trkpt>
      <trkpt lat="48.480201" lon="18.64382"><ele>616</ele></trkpt>
      <trkpt lat="48.4802" lon="18.64374"><ele>616</ele></trkpt>
      <trkpt lat="48.480187" lon="18.643656"><ele>616</ele></trkpt>
      <trkpt lat="48.480183" lon="18.643577"><ele>616</ele></trkpt>
      <trkpt lat="48.480187" lon="18.643505"><ele>619</ele></trkpt>
      <trkpt lat="48.480189" lon="18.643462"><ele>619</ele></trkpt>
      <trkpt lat="48.48019" lon="18.643419"><ele>620</ele></trkpt>
      <trkpt lat="48.480151" lon="18.643295"><ele>621</ele></trkpt>
      <trkpt lat="48.480108" lon="18.643249"><ele>621</ele></trkpt>
      <trkpt lat="48.480086" lon="18.643163"><ele>622</ele></trkpt>
      <trkpt lat="48.480076" lon="18.643093"><ele>625</ele></trkpt>
      <trkpt lat="48.480074" lon="18.642999"><ele>627</ele></trkpt>
      <trkpt lat="48.480069" lon="18.642941"><ele>628</ele></trkpt>
      <trkpt lat="48.480064" lon="18.642891"><ele>627</ele></trkpt>
      <trkpt lat="48.48007" lon="18.642795"><ele>626</ele></trkpt>
      <trkpt lat="48.480087" lon="18.642665"><ele>626</ele></trkpt>
      <trkpt lat="48.480086" lon="18.642553"><ele>628</ele></trkpt>
      <trkpt lat="48.480073" lon="18.64242"><ele>627</ele></trkpt>
      <trkpt lat="48.480073" lon="18.64233"><ele>627</ele></trkpt>
      <trkpt lat="48.480078" lon="18.642201"><ele>624</ele></trkpt>
      <trkpt lat="48.480053" lon="18.642015"><ele>623</ele></trkpt>
      <trkpt lat="48.480039" lon="18.641945"><ele>622</ele></trkpt>
      <trkpt lat="48.480042" lon="18.641812"><ele>622</ele></trkpt>
      <trkpt lat="48.480059" lon="18.641744"><ele>622</ele></trkpt>
      <trkpt lat="48.480065" lon="18.641653"><ele>624</ele></trkpt>
      <trkpt lat="48.480052" lon="18.641527"><ele>625</ele></trkpt>
      <trkpt lat="48.480047" lon="18.641481"><ele>625</ele></trkpt>
      <trkpt lat="48.480023" lon="18.641411"><ele>627</ele></trkpt>
      <trkpt lat="48.479968" lon="18.641358"><ele>628</ele></trkpt>
      <trkpt lat="48.479947" lon="18.641263"><ele>625</ele></trkpt>
      <trkpt lat="48.479938" lon="18.641171"><ele>621</ele></trkpt>
      <trkpt lat="48.47995" lon="18.641057"><ele>617</ele></trkpt>
      <trkpt lat="48.479965" lon="18.640963"><ele>615</ele></trkpt>
      <trkpt lat="48.479966" lon="18.640857"><ele>613</ele></trkpt>
      <trkpt lat="48.479965" lon="18.6408"><ele>614</ele></trkpt>
      <trkpt lat="48.479965" lon="18.640742"><ele>615</ele></trkpt>
      <trkpt lat="48.479969" lon="18.640641"><ele>619</ele></trkpt>
      <trkpt lat="48.47998" lon="18.640563"><ele>619</ele></trkpt>
      <trkpt lat="48.479981" lon="18.640441"><ele>619</ele></trkpt>
      <trkpt lat="48.47998" lon="18.640403"><ele>618</ele></trkpt>
      <trkpt lat="48.479964" lon="18.640303"><ele>619</ele></trkpt>
      <trkpt lat="48.479956" lon="18.640254"><ele>622</ele></trkpt>
      <trkpt lat="48.47996" lon="18.640169"><ele>623</ele></trkpt>
      <trkpt lat="48.479953" lon="18.640075"><ele>621</ele></trkpt>
      <trkpt lat="48.479955" lon="18.640007"><ele>620</ele></trkpt>
      <trkpt lat="48.479954" lon="18.639964"><ele>621</ele></trkpt>
      <trkpt lat="48.479952" lon="18.639928"><ele>621</ele></trkpt>
      <trkpt lat="48.479949" lon="18.63989"><ele>620</ele></trkpt>
      <trkpt lat="48.479939" lon="18.639791"><ele>621</ele></trkpt>
      <trkpt lat="48.479939" lon="18.639714"><ele>623</ele></trkpt>
      <trkpt lat="48.47993" lon="18.639639"><ele>625</ele></trkpt>
      <trkpt lat="48.479923" lon="18.639522"><ele>625</ele></trkpt>
      <trkpt lat="48.479922" lon="18.639477"><ele>625</ele></trkpt>
      <trkpt lat="48.479917" lon="18.63943"><ele>624</ele></trkpt>
      <trkpt lat="48.479917" lon="18.639307"><ele>623</ele></trkpt>
      <trkpt lat="48.479931" lon="18.639202"><ele>625</ele></trkpt>
      <trkpt lat="48.479939" lon="18.639159"><ele>626</ele></trkpt>
      <trkpt lat="48.479931" lon="18.639058"><ele>624</ele></trkpt>
      <trkpt lat="48.479929" lon="18.638927"><ele>623</ele></trkpt>
      <trkpt lat="48.479929" lon="18.638801"><ele>624</ele></trkpt>
      <trkpt lat="48.479896" lon="18.638667"><ele>626</ele></trkpt>
      <trkpt lat="48.479896" lon="18.638588"><ele>627</ele></trkpt>
      <trkpt lat="48.479898" lon="18.638546"><ele>625</ele></trkpt>
      <trkpt lat="48.47991" lon="18.638459"><ele>624</ele></trkpt>
      <trkpt lat="48.479917" lon="18.638421"><ele>626</ele></trkpt>
      <trkpt lat="48.479923" lon="18.638383"><ele>624</ele></trkpt>
      <trkpt lat="48.479929" lon="18.638345"><ele>626</ele></trkpt>
      <trkpt lat="48.479932" lon="18.638262"><ele>627</ele></trkpt>
      <trkpt lat="48.479921" lon="18.638163"><ele>626</ele></trkpt>
      <trkpt lat="48.479915" lon="18.638109"><ele>626</ele></trkpt>
      <trkpt lat="48.479912" lon="18.638054"><ele>626</ele></trkpt>
      <trkpt lat="48.4799" lon="18.637887"><ele>623</ele></trkpt>
      <trkpt lat="48.479868" lon="18.637779"><ele>620</ele></trkpt>
      <trkpt lat="48.479848" lon="18.637724"><ele>618</ele></trkpt>
      <trkpt lat="48.479829" lon="18.637675"><ele>617</ele></trkpt>
      <trkpt lat="48.479783" lon="18.63757"><ele>617</ele></trkpt>
      <trkpt lat="48.47977" lon="18.637542"><ele>616</ele></trkpt>
      <trkpt lat="48.479719" lon="18.637479"><ele>613</ele></trkpt>
      <trkpt lat="48.479657" lon="18.637408"><ele>615</ele></trkpt>
      <trkpt lat="48.479626" lon="18.637378"><ele>613</ele></trkpt>
      <trkpt lat="48.479598" lon="18.63735"><ele>613</ele></trkpt>
      <trkpt lat="48.47952" lon="18.637306"><ele>607</ele></trkpt>
      <trkpt lat="48.47945" lon="18.637264"><ele>606</ele></trkpt>
      <trkpt lat="48.479383" lon="18.637225"><ele>611</ele></trkpt>
      <trkpt lat="48.479318" lon="18.637186"><ele>608</ele></trkpt>
      <trkpt lat="48.479294" lon="18.637168"><ele>606</ele></trkpt>
      <trkpt lat="48.47927" lon="18.637154"><ele>603</ele></trkpt>
      <trkpt lat="48.479245" lon="18.637138"><ele>602</ele></trkpt>
      <trkpt lat="48.47922" lon="18.637124"><ele>602</ele></trkpt>
      <trkpt lat="48.479195" lon="18.637113"><ele>602</ele></trkpt>
      <trkpt lat="48.479168" lon="18.637102"><ele>601</ele></trkpt>
      <trkpt lat="48.47907" lon="18.637029"><ele>600</ele></trkpt>
      <trkpt lat="48.479" lon="18.636979"><ele>599</ele></trkpt>
      <trkpt lat="48.478962" lon="18.636912"><ele>596</ele></trkpt>
      <trkpt lat="48.478945" lon="18.636877"><ele>594</ele></trkpt>
      <trkpt lat="48.4789" lon="18.636815"><ele>592</ele></trkpt>
      <trkpt lat="48.478827" lon="18.636749"><ele>591</ele></trkpt>
      <trkpt lat="48.478782" lon="18.636727"><ele>589</ele></trkpt>
      <trkpt lat="48.478737" lon="18.636715"><ele>588</ele></trkpt>
      <trkpt lat="48.47869" lon="18.636713"><ele>587</ele></trkpt>
      <trkpt lat="48.47864" lon="18.636714"><ele>585</ele></trkpt>
      <trkpt lat="48.478592" lon="18.636716"><ele>591</ele></trkpt>
      <trkpt lat="48.478546" lon="18.636716"><ele>589</ele></trkpt>
      <trkpt lat="48.478505" lon="18.636719"><ele>588</ele></trkpt>
      <trkpt lat="48.478473" lon="18.636723"><ele>587</ele></trkpt>
      <trkpt lat="48.478424" lon="18.636744"><ele>585</ele></trkpt>
      <trkpt lat="48.478391" lon="18.636759"><ele>584</ele></trkpt>
      <trkpt lat="48.478331" lon="18.636753"><ele>583</ele></trkpt>
      <trkpt lat="48.478243" lon="18.636713"><ele>582</ele></trkpt>
      <trkpt lat="48.4782" lon="18.636691"><ele>582</ele></trkpt>
      <trkpt lat="48.478146" lon="18.636674"><ele>582</ele></trkpt>
      <trkpt lat="48.478091" lon="18.636654"><ele>581</ele></trkpt>
      <trkpt lat="48.478041" lon="18.63664"><ele>581</ele></trkpt>
      <trkpt lat="48.477998" lon="18.636626"><ele>580</ele></trkpt>
      <trkpt lat="48.477959" lon="18.636618"><ele>578</ele></trkpt>
      <trkpt lat="48.477868" lon="18.636615"><ele>578</ele></trkpt>
      <trkpt lat="48.477822" lon="18.636615"><ele>580</ele></trkpt>
      <trkpt lat="48.477782" lon="18.636615"><ele>580</ele></trkpt>
      <trkpt lat="48.47775" lon="18.636612"><ele>581</ele></trkpt>
      <trkpt lat="48.477722" lon="18.636611"><ele>581</ele></trkpt>
      <trkpt lat="48.477698" lon="18.636609"><ele>581</ele></trkpt>
      <trkpt lat="48.477618" lon="18.636605"><ele>579</ele></trkpt>
      <trkpt lat="48.477587" lon="18.636606"><ele>577</ele></trkpt>
      <trkpt lat="48.477558" lon="18.636607"><ele>577</ele></trkpt>
      <trkpt lat="48.477507" lon="18.636622"><ele>578</ele></trkpt>
      <trkpt lat="48.477459" lon="18.636688"><ele>574</ele></trkpt>
      <trkpt lat="48.477428" lon="18.636732"><ele>574</ele></trkpt>
      <trkpt lat="48.47737" lon="18.636787"><ele>575</ele></trkpt>
      <trkpt lat="48.477322" lon="18.636778"><ele>573</ele></trkpt>
      <trkpt lat="48.477249" lon="18.636753"><ele>572</ele></trkpt>
      <trkpt lat="48.47721" lon="18.636737"><ele>572</ele></trkpt>
      <trkpt lat="48.477169" lon="18.636725"><ele>572</ele></trkpt>
      <trkpt lat="48.477136" lon="18.636716"><ele>573</ele></trkpt>
      <trkpt lat="48.477048" lon="18.636718"><ele>575</ele></trkpt>
      <trkpt lat="48.477006" lon="18.636724"><ele>574</ele></trkpt>
      <trkpt lat="48.476965" lon="18.636733"><ele>573</ele></trkpt>
      <trkpt lat="48.476887" lon="18.63673"><ele>572</ele></trkpt>
      <trkpt lat="48.47684" lon="18.636724"><ele>571</ele></trkpt>
      <trkpt lat="48.476747" lon="18.636706"><ele>569</ele></trkpt>
      <trkpt lat="48.476627" lon="18.636697"><ele>567</ele></trkpt>
      <trkpt lat="48.476578" lon="18.636711"><ele>569</ele></trkpt>
      <trkpt lat="48.476546" lon="18.636759"><ele>567</ele></trkpt>
      <trkpt lat="48.476494" lon="18.636804"><ele>565</ele></trkpt>
      <trkpt lat="48.47641" lon="18.636847"><ele>561</ele></trkpt>
      <trkpt lat="48.476385" lon="18.63686"><ele>569</ele></trkpt>
      <trkpt lat="48.476328" lon="18.636918"><ele>559</ele></trkpt>
      <trkpt lat="48.476258" lon="18.636922"><ele>554</ele></trkpt>
      <trkpt lat="48.476221" lon="18.636834"><ele>554</ele></trkpt>
      <trkpt lat="48.476211" lon="18.636711"><ele>548</ele></trkpt>
      <trkpt lat="48.47627" lon="18.636524"><ele>547</ele></trkpt>
      <trkpt lat="48.476262" lon="18.636456"><ele>553</ele></trkpt>
      <trkpt lat="48.476285" lon="18.636395"><ele>547</ele></trkpt>
      <trkpt lat="48.47633" lon="18.636371"><ele>545</ele></trkpt>
      <trkpt lat="48.476367" lon="18.636312"><ele>548</ele></trkpt>
      <trkpt lat="48.476417" lon="18.636268"><ele>545</ele></trkpt>
      <trkpt lat="48.476517" lon="18.636202"><ele>544</ele></trkpt>
      <trkpt lat="48.476598" lon="18.636078"><ele>541</ele></trkpt>
      <trkpt lat="48.476631" lon="18.636"><ele>540</ele></trkpt>
      <trkpt lat="48.476665" lon="18.635922"><ele>539</ele></trkpt>
      <trkpt lat="48.476701" lon="18.63585"><ele>538</ele></trkpt>
      <trkpt lat="48.476742" lon="18.635781"><ele>536</ele></trkpt>
      <trkpt lat="48.476845" lon="18.635654"><ele>534</ele></trkpt>
      <trkpt lat="48.476938" lon="18.635615"><ele>529</ele></trkpt>
      <trkpt lat="48.476986" lon="18.635555"><ele>529</ele></trkpt>
      <trkpt lat="48.477051" lon="18.635462"><ele>525</ele></trkpt>
      <trkpt lat="48.477158" lon="18.635348"><ele>523</ele></trkpt>
      <trkpt lat="48.477193" lon="18.635317"><ele>524</ele></trkpt>
      <trkpt lat="48.477266" lon="18.635252"><ele>526</ele></trkpt>
      <trkpt lat="48.477335" lon="18.635186"><ele>525</ele></trkpt>
      <trkpt lat="48.477489" lon="18.635107"><ele>525</ele></trkpt>
      <trkpt lat="48.477532" lon="18.635086"><ele>525</ele></trkpt>
      <trkpt lat="48.477625" lon="18.634994"><ele>525</ele></trkpt>
      <trkpt lat="48.477648" lon="18.634975"><ele>525</ele></trkpt>
      <trkpt lat="48.477691" lon="18.634929"><ele>525</ele></trkpt>
      <trkpt lat="48.477734" lon="18.634896"><ele>525</ele></trkpt>
      <trkpt lat="48.477768" lon="18.634869"><ele>524</ele></trkpt>
      <trkpt lat="48.477841" lon="18.634806"><ele>523</ele></trkpt>
      <trkpt lat="48.477888" lon="18.634753"><ele>523</ele></trkpt>
      <trkpt lat="48.477934" lon="18.634753"><ele>522</ele></trkpt>
      <trkpt lat="48.477988" lon="18.634727"><ele>522</ele></trkpt>
      <trkpt lat="48.478015" lon="18.634711"><ele>522</ele></trkpt>
      <trkpt lat="48.478119" lon="18.634616"><ele>522</ele></trkpt>
      <trkpt lat="48.47818" lon="18.63457"><ele>523</ele></trkpt>
      <trkpt lat="48.478234" lon="18.634516"><ele>522</ele></trkpt>
      <trkpt lat="48.478344" lon="18.634456"><ele>520</ele></trkpt>
      <trkpt lat="48.478404" lon="18.634401"><ele>521</ele></trkpt>
      <trkpt lat="48.478521" lon="18.634359"><ele>513</ele></trkpt>
      <trkpt lat="48.478591" lon="18.634349"><ele>512</ele></trkpt>
      <trkpt lat="48.478663" lon="18.634317"><ele>511</ele></trkpt>
      <trkpt lat="48.478776" lon="18.634273"><ele>527</ele></trkpt>
      <trkpt lat="48.478859" lon="18.634201"><ele>519</ele></trkpt>
      <trkpt lat="48.478926" lon="18.634129"><ele>516</ele></trkpt>
      <trkpt lat="48.478952" lon="18.6341"><ele>514</ele></trkpt>
      <trkpt lat="48.479016" lon="18.634027"><ele>513</ele></trkpt>
      <trkpt lat="48.479092" lon="18.633973"><ele>509</ele></trkpt>
      <trkpt lat="48.479135" lon="18.633948"><ele>509</ele></trkpt>
      <trkpt lat="48.479187" lon="18.633924"><ele>508</ele></trkpt>
      <trkpt lat="48.479316" lon="18.633865"><ele>508</ele></trkpt>
      <trkpt lat="48.479388" lon="18.633852"><ele>509</ele></trkpt>
      <trkpt lat="48.479455" lon="18.633814"><ele>511</ele></trkpt>
      <trkpt lat="48.479517" lon="18.633823"><ele>513</ele></trkpt>
      <trkpt lat="48.479554" lon="18.633829"><ele>516</ele></trkpt>
      <trkpt lat="48.479633" lon="18.633851"><ele>516</ele></trkpt>
      <trkpt lat="48.47968" lon="18.633828"><ele>518</ele></trkpt>
      <trkpt lat="48.479726" lon="18.633752"><ele>542</ele></trkpt>
      <trkpt lat="48.479744" lon="18.633665"><ele>535</ele></trkpt>
      <trkpt lat="48.479752" lon="18.633618"><ele>536</ele></trkpt>
      <trkpt lat="48.479758" lon="18.633517"><ele>536</ele></trkpt>
      <trkpt lat="48.479759" lon="18.63346"><ele>536</ele></trkpt>
      <trkpt lat="48.479763" lon="18.633404"><ele>531</ele></trkpt>
      <trkpt lat="48.479768" lon="18.633348"><ele>531</ele></trkpt>
      <trkpt lat="48.479769" lon="18.633296"><ele>532</ele></trkpt>
      <trkpt lat="48.479772" lon="18.633251"><ele>531</ele></trkpt>
      <trkpt lat="48.479788" lon="18.633152"><ele>531</ele></trkpt>
      <trkpt lat="48.479796" lon="18.633093"><ele>531</ele></trkpt>
      <trkpt lat="48.479802" lon="18.633043"><ele>533</ele></trkpt>
      <trkpt lat="48.479803" lon="18.632956"><ele>534</ele></trkpt>
      <trkpt lat="48.479781" lon="18.632795"><ele>531</ele></trkpt>
      <trkpt lat="48.479759" lon="18.632708"><ele>529</ele></trkpt>
      <trkpt lat="48.479731" lon="18.63264"><ele>529</ele></trkpt>
      <trkpt lat="48.479636" lon="18.632547"><ele>527</ele></trkpt>
      <trkpt lat="48.479506" lon="18.63251"><ele>524</ele></trkpt>
      <trkpt lat="48.479444" lon="18.632495"><ele>524</ele></trkpt>
      <trkpt lat="48.47935" lon="18.632446"><ele>526</ele></trkpt>
      <trkpt lat="48.479301" lon="18.632436"><ele>525</ele></trkpt>
      <trkpt lat="48.479244" lon="18.632464"><ele>525</ele></trkpt>
      <trkpt lat="48.479187" lon="18.632452"><ele>523</ele></trkpt>
      <trkpt lat="48.479128" lon="18.632434"><ele>522</ele></trkpt>
      <trkpt lat="48.479095" lon="18.632423"><ele>522</ele></trkpt>
      <trkpt lat="48.47904" lon="18.632388"><ele>522</ele></trkpt>
      <trkpt lat="48.478978" lon="18.63234"><ele>523</ele></trkpt>
      <trkpt lat="48.478926" lon="18.632317"><ele>524</ele></trkpt>
      <trkpt lat="48.478898" lon="18.632308"><ele>524</ele></trkpt>
      <trkpt lat="48.478851" lon="18.632298"><ele>522</ele></trkpt>
      <trkpt lat="48.478827" lon="18.632291"><ele>522</ele></trkpt>
      <trkpt lat="48.478802" lon="18.632282"><ele>522</ele></trkpt>
      <trkpt lat="48.47878" lon="18.632272"><ele>520</ele></trkpt>
      <trkpt lat="48.478734" lon="18.632259"><ele>520</ele></trkpt>
      <trkpt lat="48.478657" lon="18.63223"><ele>521</ele></trkpt>
      <trkpt lat="48.478613" lon="18.632245"><ele>523</ele></trkpt>
      <trkpt lat="48.478587" lon="18.632254"><ele>524</ele></trkpt>
      <trkpt lat="48.478525" lon="18.632261"><ele>524</ele></trkpt>
      <trkpt lat="48.478443" lon="18.63222"><ele>527</ele></trkpt>
      <trkpt lat="48.478403" lon="18.632203"><ele>528</ele></trkpt>
      <trkpt lat="48.478342" lon="18.632171"><ele>529</ele></trkpt>
      <trkpt lat="48.478293" lon="18.632124"><ele>527</ele></trkpt>
      <trkpt lat="48.478261" lon="18.632067"><ele>528</ele></trkpt>
      <trkpt lat="48.478174" lon="18.631968"><ele>531</ele></trkpt>
      <trkpt lat="48.4781" lon="18.631901"><ele>532</ele></trkpt>
      <trkpt lat="48.478071" lon="18.631879"><ele>532</ele></trkpt>
      <trkpt lat="48.478036" lon="18.63183"><ele>535</ele></trkpt>
      <trkpt lat="48.47803" lon="18.631754"><ele>535</ele></trkpt>
      <trkpt lat="48.478039" lon="18.631667"><ele>534</ele></trkpt>
      <trkpt lat="48.478061" lon="18.631561"><ele>533</ele></trkpt>
      <trkpt lat="48.478084" lon="18.631494"><ele>532</ele></trkpt>
      <trkpt lat="48.478086" lon="18.631406"><ele>527</ele></trkpt>
      <trkpt lat="48.47809" lon="18.631323"><ele>524</ele></trkpt>
      <trkpt lat="48.478103" lon="18.631251"><ele>523</ele></trkpt>
      <trkpt lat="48.47811" lon="18.631197"><ele>524</ele></trkpt>
      <trkpt lat="48.478117" lon="18.631161"><ele>523</ele></trkpt>
      <trkpt lat="48.478138" lon="18.631092"><ele>523</ele></trkpt>
      <trkpt lat="48.478165" lon="18.631012"><ele>524</ele></trkpt>
      <trkpt lat="48.478231" lon="18.63092"><ele>526</ele></trkpt>
      <trkpt lat="48.478328" lon="18.63084"><ele>524</ele></trkpt>
      <trkpt lat="48.478463" lon="18.630798"><ele>526</ele></trkpt>
      <trkpt lat="48.478501" lon="18.63076"><ele>527</ele></trkpt>
      <trkpt lat="48.478546" lon="18.630695"><ele>528</ele></trkpt>
      <trkpt lat="48.478574" lon="18.630633"><ele>528</ele></trkpt>
      <trkpt lat="48.478588" lon="18.63056"><ele>528</ele></trkpt>
      <trkpt lat="48.478605" lon="18.630443"><ele>528</ele></trkpt>
      <trkpt lat="48.478639" lon="18.630279"><ele>529</ele></trkpt>
      <trkpt lat="48.478624" lon="18.630195"><ele>530</ele></trkpt>
      <trkpt lat="48.478597" lon="18.630108"><ele>529</ele></trkpt>
      <trkpt lat="48.478584" lon="18.630072"><ele>530</ele></trkpt>
      <trkpt lat="48.478572" lon="18.630042"><ele>531</ele></trkpt>
      <trkpt lat="48.478558" lon="18.630011"><ele>531</ele></trkpt>
      <trkpt lat="48.478542" lon="18.629977"><ele>530</ele></trkpt>
      <trkpt lat="48.478519" lon="18.629932"><ele>531</ele></trkpt>
      <trkpt lat="48.478501" lon="18.629896"><ele>532</ele></trkpt>
      <trkpt lat="48.478449" lon="18.629818"><ele>535</ele></trkpt>
      <trkpt lat="48.47843" lon="18.629789"><ele>535</ele></trkpt>
      <trkpt lat="48.478413" lon="18.62976"><ele>536</ele></trkpt>
      <trkpt lat="48.478368" lon="18.629716"><ele>535</ele></trkpt>
      <trkpt lat="48.478263" lon="18.629711"><ele>536</ele></trkpt>
      <trkpt lat="48.478185" lon="18.629698"><ele>535</ele></trkpt>
      <trkpt lat="48.478144" lon="18.62965"><ele>537</ele></trkpt>
      <trkpt lat="48.478105" lon="18.629606"><ele>533</ele></trkpt>
      <trkpt lat="48.478072" lon="18.62955"><ele>531</ele></trkpt>
      <trkpt lat="48.478032" lon="18.629511"><ele>528</ele></trkpt>
      <trkpt lat="48.478009" lon="18.629493"><ele>527</ele></trkpt>
      <trkpt lat="48.477985" lon="18.629473"><ele>526</ele></trkpt>
      <trkpt lat="48.477922" lon="18.629447"><ele>526</ele></trkpt>
      <trkpt lat="48.477845" lon="18.629434"><ele>525</ele></trkpt>
      <trkpt lat="48.477799" lon="18.629423"><ele>526</ele></trkpt>
      <trkpt lat="48.477754" lon="18.629404"><ele>525</ele></trkpt>
      <trkpt lat="48.477664" lon="18.629361"><ele>525</ele></trkpt>
      <trkpt lat="48.477623" lon="18.629345"><ele>526</ele></trkpt>
      <trkpt lat="48.47758" lon="18.629328"><ele>525</ele></trkpt>
      <trkpt lat="48.47754" lon="18.629311"><ele>525</ele></trkpt>
      <trkpt lat="48.477506" lon="18.629294"><ele>525</ele></trkpt>
      <trkpt lat="48.477477" lon="18.629278"><ele>526</ele></trkpt>
      <trkpt lat="48.477391" lon="18.629188"><ele>524</ele></trkpt>
      <trkpt lat="48.477357" lon="18.62913"><ele>526</ele></trkpt>
      <trkpt lat="48.477348" lon="18.629044"><ele>526</ele></trkpt>
      <trkpt lat="48.477341" lon="18.628982"><ele>525</ele></trkpt>
      <trkpt lat="48.477337" lon="18.628948"><ele>525</ele></trkpt>
      <trkpt lat="48.477346" lon="18.628839"><ele>524</ele></trkpt>
      <trkpt lat="48.477376" lon="18.628768"><ele>524</ele></trkpt>
      <trkpt lat="48.477391" lon="18.628731"><ele>524</ele></trkpt>
      <trkpt lat="48.477406" lon="18.628653"><ele>523</ele></trkpt>
      <trkpt lat="48.477412" lon="18.628569"><ele>525</ele></trkpt>
      <trkpt lat="48.477442" lon="18.628498"><ele>528</ele></trkpt>
      <trkpt lat="48.477489" lon="18.628415"><ele>522</ele></trkpt>
      <trkpt lat="48.477524" lon="18.62833"><ele>519</ele></trkpt>
      <trkpt lat="48.477549" lon="18.628279"><ele>519</ele></trkpt>
      <trkpt lat="48.477596" lon="18.62822"><ele>518</ele></trkpt>
      <trkpt lat="48.477607" lon="18.62815"><ele>519</ele></trkpt>
      <trkpt lat="48.477597" lon="18.628031"><ele>516</ele></trkpt>
      <trkpt lat="48.477615" lon="18.627878"><ele>514</ele></trkpt>
      <trkpt lat="48.47765" lon="18.627719"><ele>510</ele></trkpt>
      <trkpt lat="48.477663" lon="18.627623"><ele>510</ele></trkpt>
      <trkpt lat="48.477721" lon="18.62744"><ele>509</ele></trkpt>
      <trkpt lat="48.477741" lon="18.627375"><ele>508</ele></trkpt>
      <trkpt lat="48.477778" lon="18.627289"><ele>512</ele></trkpt>
      <trkpt lat="48.477859" lon="18.627191"><ele>515</ele></trkpt>
      <trkpt lat="48.477891" lon="18.627159"><ele>516</ele></trkpt>
      <trkpt lat="48.477943" lon="18.627094"><ele>516</ele></trkpt>
      <trkpt lat="48.477973" lon="18.62705"><ele>517</ele></trkpt>
      <trkpt lat="48.478029" lon="18.626911"><ele>519</ele></trkpt>
      <trkpt lat="48.478041" lon="18.626875"><ele>520</ele></trkpt>
      <trkpt lat="48.478053" lon="18.626833"><ele>519</ele></trkpt>
      <trkpt lat="48.478064" lon="18.626792"><ele>517</ele></trkpt>
      <trkpt lat="48.478078" lon="18.626747"><ele>516</ele></trkpt>
      <trkpt lat="48.478086" lon="18.626632"><ele>512</ele></trkpt>
      <trkpt lat="48.478086" lon="18.626582"><ele>512</ele></trkpt>
      <trkpt lat="48.478104" lon="18.62648"><ele>510</ele></trkpt>
      <trkpt lat="48.478135" lon="18.626386"><ele>515</ele></trkpt>
      <trkpt lat="48.47815" lon="18.626344"><ele>514</ele></trkpt>
      <trkpt lat="48.478171" lon="18.626269"><ele>516</ele></trkpt>
      <trkpt lat="48.478185" lon="18.626217"><ele>517</ele></trkpt>
      <trkpt lat="48.478198" lon="18.626163"><ele>517</ele></trkpt>
      <trkpt lat="48.47821" lon="18.626118"><ele>517</ele></trkpt>
      <trkpt lat="48.478222" lon="18.626077"><ele>517</ele></trkpt>
      <trkpt lat="48.478262" lon="18.625998"><ele>516</ele></trkpt>
      <trkpt lat="48.478283" lon="18.625954"><ele>517</ele></trkpt>
      <trkpt lat="48.478312" lon="18.625869"><ele>518</ele></trkpt>
      <trkpt lat="48.478333" lon="18.625774"><ele>516</ele></trkpt>
      <trkpt lat="48.478342" lon="18.625729"><ele>516</ele></trkpt>
      <trkpt lat="48.478354" lon="18.625675"><ele>515</ele></trkpt>
      <trkpt lat="48.478367" lon="18.625603"><ele>515</ele></trkpt>
      <trkpt lat="48.478412" lon="18.625523"><ele>517</ele></trkpt>
      <trkpt lat="48.478444" lon="18.625429"><ele>516</ele></trkpt>
      <trkpt lat="48.478481" lon="18.62524"><ele>513</ele></trkpt>
      <trkpt lat="48.478505" lon="18.625178"><ele>510</ele></trkpt>
      <trkpt lat="48.478524" lon="18.625126"><ele>510</ele></trkpt>
      <trkpt lat="48.478543" lon="18.62508"><ele>509</ele></trkpt>
      <trkpt lat="48.478599" lon="18.624999"><ele>509</ele></trkpt>
      <trkpt lat="48.478624" lon="18.624964"><ele>509</ele></trkpt>
      <trkpt lat="48.478652" lon="18.624926"><ele>510</ele></trkpt>
      <trkpt lat="48.478681" lon="18.624881"><ele>511</ele></trkpt>
      <trkpt lat="48.478712" lon="18.624801"><ele>510</ele></trkpt>
      <trkpt lat="48.478716" lon="18.624724"><ele>510</ele></trkpt>
      <trkpt lat="48.478708" lon="18.624618"><ele>511</ele></trkpt>
      <trkpt lat="48.478704" lon="18.624498"><ele>512</ele></trkpt>
      <trkpt lat="48.478721" lon="18.62443"><ele>513</ele></trkpt>
      <trkpt lat="48.478731" lon="18.624393"><ele>513</ele></trkpt>
      <trkpt lat="48.478714" lon="18.624311"><ele>514</ele></trkpt>
      <trkpt lat="48.478687" lon="18.624247"><ele>511</ele></trkpt>
      <trkpt lat="48.478652" lon="18.624169"><ele>503</ele></trkpt>
      <trkpt lat="48.478609" lon="18.624109"><ele>502</ele></trkpt>
      <trkpt lat="48.478563" lon="18.624085"><ele>504</ele></trkpt>
      <trkpt lat="48.478518" lon="18.624076"><ele>501</ele></trkpt>
      <trkpt lat="48.478474" lon="18.624088"><ele>504</ele></trkpt>
      <trkpt lat="48.478407" lon="18.624122"><ele>504</ele></trkpt>
      <trkpt lat="48.478336" lon="18.62414"><ele>508</ele></trkpt>
      <trkpt lat="48.478276" lon="18.624129"><ele>509</ele></trkpt>
      <trkpt lat="48.478176" lon="18.624146"><ele>509</ele></trkpt>
      <trkpt lat="48.478119" lon="18.624144"><ele>509</ele></trkpt>
      <trkpt lat="48.478058" lon="18.624164"><ele>510</ele></trkpt>
      <trkpt lat="48.477988" lon="18.624151"><ele>510</ele></trkpt>
      <trkpt lat="48.477909" lon="18.624165"><ele>511</ele></trkpt>
      <trkpt lat="48.477864" lon="18.624213"><ele>515</ele></trkpt>
      <trkpt lat="48.477779" lon="18.62428"><ele>515</ele></trkpt>
      <trkpt lat="48.477698" lon="18.624293"><ele>516</ele></trkpt>
      <trkpt lat="48.47766" lon="18.624299"><ele>516</ele></trkpt>
      <trkpt lat="48.47765" lon="18.624285"><ele>516</ele></trkpt>
      <trkpt lat="48.477597" lon="18.624264"><ele>515</ele></trkpt>
      <trkpt lat="48.477541" lon="18.624315"><ele>516</ele></trkpt>
      <trkpt lat="48.477492" lon="18.624329"><ele>517</ele></trkpt>
      <trkpt lat="48.477465" lon="18.624338"><ele>518</ele></trkpt>
      <trkpt lat="48.47735" lon="18.6244"><ele>519</ele></trkpt>
      <trkpt lat="48.477327" lon="18.624414"><ele>519</ele></trkpt>
      <trkpt lat="48.477277" lon="18.624466"><ele>520</ele></trkpt>
      <trkpt lat="48.477226" lon="18.624517"><ele>522</ele></trkpt>
      <trkpt lat="48.47715" lon="18.624578"><ele>522</ele></trkpt>
      <trkpt lat="48.477084" lon="18.624614"><ele>523</ele></trkpt>
      <trkpt lat="48.477036" lon="18.624612"><ele>527</ele></trkpt>
      <trkpt lat="48.477012" lon="18.624573"><ele>526</ele></trkpt>
      <trkpt lat="48.476956" lon="18.624576"><ele>524</ele></trkpt>
      <trkpt lat="48.47691" lon="18.624586"><ele>522</ele></trkpt>
      <trkpt lat="48.476852" lon="18.624635"><ele>523</ele></trkpt>
      <trkpt lat="48.476823" lon="18.6247"><ele>519</ele></trkpt>
      <trkpt lat="48.476743" lon="18.624674"><ele>521</ele></trkpt>
      <trkpt lat="48.476696" lon="18.624673"><ele>519</ele></trkpt>
      <trkpt lat="48.476641" lon="18.624645"><ele>515</ele></trkpt>
      <trkpt lat="48.476568" lon="18.62466"><ele>516</ele></trkpt>
      <trkpt lat="48.476535" lon="18.624668"><ele>517</ele></trkpt>
      <trkpt lat="48.476475" lon="18.624676"><ele>516</ele></trkpt>
      <trkpt lat="48.47643" lon="18.624711"><ele>523</ele></trkpt>
      <trkpt lat="48.476408" lon="18.624732"><ele>526</ele></trkpt>
      <trkpt lat="48.476359" lon="18.624742"><ele>526</ele></trkpt>
      <trkpt lat="48.476314" lon="18.624738"><ele>528</ele></trkpt>
      <trkpt lat="48.476267" lon="18.624746"><ele>531</ele></trkpt>
      <trkpt lat="48.476215" lon="18.624716"><ele>539</ele></trkpt>
      <trkpt lat="48.47617" lon="18.624697"><ele>540</ele></trkpt>
      <trkpt lat="48.476121" lon="18.62465"><ele>539</ele></trkpt>
      <trkpt lat="48.476062" lon="18.62463"><ele>541</ele></trkpt>
      <trkpt lat="48.476027" lon="18.624621"><ele>541</ele></trkpt>
      <trkpt lat="48.476" lon="18.624612"><ele>542</ele></trkpt>
      <trkpt lat="48.475943" lon="18.624611"><ele>543</ele></trkpt>
      <trkpt lat="48.4759" lon="18.624632"><ele>544</ele></trkpt>
      <trkpt lat="48.475853" lon="18.624613"><ele>548</ele></trkpt>
      <trkpt lat="48.475798" lon="18.624609"><ele>549</ele></trkpt>
      <trkpt lat="48.47575" lon="18.624619"><ele>553</ele></trkpt>
      <trkpt lat="48.475724" lon="18.624621"><ele>554</ele></trkpt>
      <trkpt lat="48.475679" lon="18.624609"><ele>553</ele></trkpt>
      <trkpt lat="48.475654" lon="18.624603"><ele>554</ele></trkpt>
      <trkpt lat="48.475611" lon="18.624595"><ele>554</ele></trkpt>
      <trkpt lat="48.475545" lon="18.624604"><ele>553</ele></trkpt>
      <trkpt lat="48.475475" lon="18.624593"><ele>549</ele></trkpt>
      <trkpt lat="48.475439" lon="18.624638"><ele>558</ele></trkpt>
      <trkpt lat="48.475384" lon="18.624614"><ele>557</ele></trkpt>
      <trkpt lat="48.475348" lon="18.62457"><ele>558</ele></trkpt>
      <trkpt lat="48.475297" lon="18.624581"><ele>558</ele></trkpt>
      <trkpt lat="48.475226" lon="18.624589"><ele>558</ele></trkpt>
      <trkpt lat="48.475169" lon="18.624611"><ele>561</ele></trkpt>
      <trkpt lat="48.475125" lon="18.624623"><ele>562</ele></trkpt>
      <trkpt lat="48.4751" lon="18.624633"><ele>562</ele></trkpt>
      <trkpt lat="48.47504" lon="18.624673"><ele>564</ele></trkpt>
      <trkpt lat="48.474953" lon="18.624736"><ele>561</ele></trkpt>
      <trkpt lat="48.474902" lon="18.62471"><ele>561</ele></trkpt>
      <trkpt lat="48.474868" lon="18.624652"><ele>567</ele></trkpt>
      <trkpt lat="48.47479" lon="18.624628"><ele>567</ele></trkpt>
      <trkpt lat="48.474727" lon="18.624616"><ele>568</ele></trkpt>
      <trkpt lat="48.474681" lon="18.624635"><ele>566</ele></trkpt>
      <trkpt lat="48.474655" lon="18.624646"><ele>565</ele></trkpt>
      <trkpt lat="48.474621" lon="18.62466"><ele>567</ele></trkpt>
      <trkpt lat="48.474574" lon="18.624702"><ele>567</ele></trkpt>
      <trkpt lat="48.474522" lon="18.624707"><ele>564</ele></trkpt>
      <trkpt lat="48.474497" lon="18.624706"><ele>564</ele></trkpt>
      <trkpt lat="48.474426" lon="18.624721"><ele>562</ele></trkpt>
      <trkpt lat="48.474397" lon="18.624727"><ele>562</ele></trkpt>
      <trkpt lat="48.474363" lon="18.624731"><ele>561</ele></trkpt>
      <trkpt lat="48.474313" lon="18.624725"><ele>563</ele></trkpt>
      <trkpt lat="48.474267" lon="18.624727"><ele>562</ele></trkpt>
      <trkpt lat="48.474206" lon="18.624752"><ele>561</ele></trkpt>
      <trkpt lat="48.474147" lon="18.62479"><ele>563</ele></trkpt>
      <trkpt lat="48.474103" lon="18.624812"><ele>563</ele></trkpt>
      <trkpt lat="48.474068" lon="18.624833"><ele>563</ele></trkpt>
      <trkpt lat="48.474033" lon="18.624855"><ele>563</ele></trkpt>
      <trkpt lat="48.473981" lon="18.624874"><ele>562</ele></trkpt>
      <trkpt lat="48.473949" lon="18.624889"><ele>562</ele></trkpt>
      <trkpt lat="48.473915" lon="18.624902"><ele>562</ele></trkpt>
      <trkpt lat="48.473866" lon="18.624932"><ele>562</ele></trkpt>
      <trkpt lat="48.473824" lon="18.62498"><ele>563</ele></trkpt>
      <trkpt lat="48.473773" lon="18.625026"><ele>563</ele></trkpt>
      <trkpt lat="48.473742" lon="18.625056"><ele>563</ele></trkpt>
      <trkpt lat="48.473682" lon="18.625119"><ele>563</ele></trkpt>
      <trkpt lat="48.473654" lon="18.625149"><ele>563</ele></trkpt>
      <trkpt lat="48.473627" lon="18.625182"><ele>562</ele></trkpt>
      <trkpt lat="48.473599" lon="18.625212"><ele>561</ele></trkpt>
      <trkpt lat="48.473572" lon="18.625239"><ele>562</ele></trkpt>
      <trkpt lat="48.473526" lon="18.625269"><ele>560</ele></trkpt>
      <trkpt lat="48.473479" lon="18.625304"><ele>556</ele></trkpt>
      <trkpt lat="48.473441" lon="18.625373"><ele>556</ele></trkpt>
      <trkpt lat="48.473399" lon="18.625403"><ele>555</ele></trkpt>
      <trkpt lat="48.47337" lon="18.625458"><ele>556</ele></trkpt>
      <trkpt lat="48.473332" lon="18.625538"><ele>555</ele></trkpt>
      <trkpt lat="48.473287" lon="18.625582"><ele>551</ele></trkpt>
      <trkpt lat="48.473214" lon="18.625688"><ele>548</ele></trkpt>
      <trkpt lat="48.473137" lon="18.625791"><ele>548</ele></trkpt>
      <trkpt lat="48.473094" lon="18.625836"><ele>548</ele></trkpt>
      <trkpt lat="48.473052" lon="18.625877"><ele>550</ele></trkpt>
      <trkpt lat="48.473009" lon="18.625921"><ele>549</ele></trkpt>
      <trkpt lat="48.472972" lon="18.625972"><ele>548</ele></trkpt>
      <trkpt lat="48.472937" lon="18.626018"><ele>548</ele></trkpt>
      <trkpt lat="48.472898" lon="18.626062"><ele>546</ele></trkpt>
      <trkpt lat="48.472858" lon="18.626097"><ele>548</ele></trkpt>
      <trkpt lat="48.472794" lon="18.626171"><ele>548</ele></trkpt>
      <trkpt lat="48.472747" lon="18.626248"><ele>547</ele></trkpt>
      <trkpt lat="48.472729" lon="18.626277"><ele>547</ele></trkpt>
      <trkpt lat="48.47269" lon="18.626316"><ele>547</ele></trkpt>
      <trkpt lat="48.472632" lon="18.626357"><ele>545</ele></trkpt>
      <trkpt lat="48.472558" lon="18.626362"><ele>546</ele></trkpt>
      <trkpt lat="48.472508" lon="18.626333"><ele>548</ele></trkpt>
      <trkpt lat="48.47245" lon="18.626284"><ele>548</ele></trkpt>
      <trkpt lat="48.472425" lon="18.62626"><ele>549</ele></trkpt>
      <trkpt lat="48.472395" lon="18.626232"><ele>550</ele></trkpt>
      <trkpt lat="48.472376" lon="18.626211"><ele>549</ele></trkpt>
      <trkpt lat="48.472353" lon="18.626186"><ele>550</ele></trkpt>
      <trkpt lat="48.472332" lon="18.626159"><ele>549</ele></trkpt>
      <trkpt lat="48.47229" lon="18.626126"><ele>550</ele></trkpt>
      <trkpt lat="48.472249" lon="18.626099"><ele>549</ele></trkpt>
      <trkpt lat="48.472204" lon="18.626054"><ele>549</ele></trkpt>
      <trkpt lat="48.472142" lon="18.626048"><ele>545</ele></trkpt>
      <trkpt lat="48.472115" lon="18.626047"><ele>546</ele></trkpt>
      <trkpt lat="48.472056" lon="18.626041"><ele>544</ele></trkpt>
      <trkpt lat="48.472031" lon="18.626039"><ele>543</ele></trkpt>
      <trkpt lat="48.471965" lon="18.626056"><ele>538</ele></trkpt>
      <trkpt lat="48.471811" lon="18.626071"><ele>537</ele></trkpt>
      <trkpt lat="48.471748" lon="18.626093"><ele>537</ele></trkpt>
      <trkpt lat="48.471719" lon="18.626106"><ele>536</ele></trkpt>
      <trkpt lat="48.471657" lon="18.626145"><ele>537</ele></trkpt>
      <trkpt lat="48.471631" lon="18.626159"><ele>537</ele></trkpt>
      <trkpt lat="48.471589" lon="18.626209"><ele>538</ele></trkpt>
      <trkpt lat="48.471555" lon="18.626248"><ele>539</ele></trkpt>
      <trkpt lat="48.471535" lon="18.626267"><ele>539</ele></trkpt>
      <trkpt lat="48.47147" lon="18.626307"><ele>541</ele></trkpt>
      <trkpt lat="48.471415" lon="18.626347"><ele>541</ele></trkpt>
      <trkpt lat="48.471389" lon="18.62637"><ele>543</ele></trkpt>
      <trkpt lat="48.471348" lon="18.626414"><ele>542</ele></trkpt>
      <trkpt lat="48.471273" lon="18.626464"><ele>539</ele></trkpt>
      <trkpt lat="48.471249" lon="18.62648"><ele>539</ele></trkpt>
      <trkpt lat="48.471191" lon="18.626512"><ele>533</ele></trkpt>
      <trkpt lat="48.471138" lon="18.626546"><ele>532</ele></trkpt>
      <trkpt lat="48.471102" lon="18.626566"><ele>532</ele></trkpt>
      <trkpt lat="48.471053" lon="18.626562"><ele>532</ele></trkpt>
      <trkpt lat="48.471001" lon="18.626556"><ele>533</ele></trkpt>
      <trkpt lat="48.470952" lon="18.626565"><ele>534</ele></trkpt>
      <trkpt lat="48.470886" lon="18.626582"><ele>538</ele></trkpt>
      <trkpt lat="48.470861" lon="18.62659"><ele>537</ele></trkpt>
      <trkpt lat="48.470833" lon="18.626601"><ele>535</ele></trkpt>
      <trkpt lat="48.470761" lon="18.626646"><ele>533</ele></trkpt>
      <trkpt lat="48.470737" lon="18.626663"><ele>533</ele></trkpt>
      <trkpt lat="48.470685" lon="18.626727"><ele>530</ele></trkpt>
      <trkpt lat="48.470623" lon="18.626736"><ele>528</ele></trkpt>
      <trkpt lat="48.470579" lon="18.626745"><ele>527</ele></trkpt>
      <trkpt lat="48.47052" lon="18.626779"><ele>524</ele></trkpt>
      <trkpt lat="48.470442" lon="18.626855"><ele>523</ele></trkpt>
      <trkpt lat="48.470352" lon="18.62693"><ele>521</ele></trkpt>
      <trkpt lat="48.470138" lon="18.627022"><ele>520</ele></trkpt>
      <trkpt lat="48.470061" lon="18.627015"><ele>528</ele></trkpt>
      <trkpt lat="48.470004" lon="18.627051"><ele>522</ele></trkpt>
      <trkpt lat="48.469946" lon="18.62709"><ele>519</ele></trkpt>
      <trkpt lat="48.469864" lon="18.627089"><ele>517</ele></trkpt>
      <trkpt lat="48.469824" lon="18.627088"><ele>516</ele></trkpt>
      <trkpt lat="48.469766" lon="18.627105"><ele>524</ele></trkpt>
      <trkpt lat="48.469725" lon="18.627141"><ele>517</ele></trkpt>
      <trkpt lat="48.469703" lon="18.627203"><ele>515</ele></trkpt>
      <trkpt lat="48.469661" lon="18.627248"><ele>509</ele></trkpt>
      <trkpt lat="48.469524" lon="18.627333"><ele>506</ele></trkpt>
      <trkpt lat="48.469485" lon="18.627359"><ele>505</ele></trkpt>
      <trkpt lat="48.469444" lon="18.627388"><ele>504</ele></trkpt>
      <trkpt lat="48.469399" lon="18.627406"><ele>503</ele></trkpt>
      <trkpt lat="48.469362" lon="18.627422"><ele>502</ele></trkpt>
      <trkpt lat="48.469296" lon="18.627445"><ele>500</ele></trkpt>
      <trkpt lat="48.469258" lon="18.627461"><ele>500</ele></trkpt>
      <trkpt lat="48.469129" lon="18.627494"><ele>497</ele></trkpt>
      <trkpt lat="48.469006" lon="18.627559"><ele>495</ele></trkpt>
      <trkpt lat="48.468828" lon="18.627763"><ele>492</ele></trkpt>
      <trkpt lat="48.46875" lon="18.627871"><ele>513</ele></trkpt>
      <trkpt lat="48.468726" lon="18.627908"><ele>507</ele></trkpt>
      <trkpt lat="48.468733" lon="18.627987"><ele>500</ele></trkpt>
      <trkpt lat="48.468715" lon="18.628051"><ele>498</ele></trkpt>
      <trkpt lat="48.468703" lon="18.628101"><ele>491</ele></trkpt>
      <trkpt lat="48.468655" lon="18.628227"><ele>488</ele></trkpt>
      <trkpt lat="48.468613" lon="18.628257"><ele>488</ele></trkpt>
      <trkpt lat="48.468562" lon="18.628283"><ele>488</ele></trkpt>
      <trkpt lat="48.468501" lon="18.628304"><ele>488</ele></trkpt>
      <trkpt lat="48.468441" lon="18.628323"><ele>488</ele></trkpt>
      <trkpt lat="48.468392" lon="18.628339"><ele>490</ele></trkpt>
      <trkpt lat="48.468351" lon="18.62835"><ele>491</ele></trkpt>
      <trkpt lat="48.468308" lon="18.628363"><ele>492</ele></trkpt>
      <trkpt lat="48.46822" lon="18.628385"><ele>491</ele></trkpt>
      <trkpt lat="48.468137" lon="18.628391"><ele>490</ele></trkpt>
      <trkpt lat="48.468063" lon="18.628405"><ele>491</ele></trkpt>
      <trkpt lat="48.468005" lon="18.62843"><ele>493</ele></trkpt>
      <trkpt lat="48.467945" lon="18.628473"><ele>501</ele></trkpt>
      <trkpt lat="48.467922" lon="18.628493"><ele>500</ele></trkpt>
      <trkpt lat="48.467892" lon="18.628551"><ele>495</ele></trkpt>
      <trkpt lat="48.467865" lon="18.62863"><ele>491</ele></trkpt>
      <trkpt lat="48.467868" lon="18.628718"><ele>487</ele></trkpt>
      <trkpt lat="48.467908" lon="18.628805"><ele>500</ele></trkpt>
      <trkpt lat="48.467984" lon="18.628902"><ele>494</ele></trkpt>
      <trkpt lat="48.468034" lon="18.628938"><ele>490</ele></trkpt>
      <trkpt lat="48.46806" lon="18.628957"><ele>487</ele></trkpt>
      <trkpt lat="48.468084" lon="18.628971"><ele>486</ele></trkpt>
      <trkpt lat="48.468107" lon="18.628982"><ele>486</ele></trkpt>
      <trkpt lat="48.468134" lon="18.628993"><ele>485</ele></trkpt>
      <trkpt lat="48.468199" lon="18.628995"><ele>480</ele></trkpt>
      <trkpt lat="48.468256" lon="18.628999"><ele>478</ele></trkpt>
      <trkpt lat="48.468341" lon="18.629028"><ele>477</ele></trkpt>
      <trkpt lat="48.468401" lon="18.629066"><ele>477</ele></trkpt>
      <trkpt lat="48.46845" lon="18.629106"><ele>476</ele></trkpt>
      <trkpt lat="48.468475" lon="18.629203"><ele>472</ele></trkpt>
      <trkpt lat="48.468512" lon="18.629405"><ele>470</ele></trkpt>
      <trkpt lat="48.468518" lon="18.629444"><ele>503</ele></trkpt>
      <trkpt lat="48.468525" lon="18.62953"><ele>493</ele></trkpt>
      <trkpt lat="48.468526" lon="18.629573"><ele>487</ele></trkpt>
      <trkpt lat="48.468515" lon="18.629668"><ele>481</ele></trkpt>
      <trkpt lat="48.46851" lon="18.629711"><ele>479</ele></trkpt>
      <trkpt lat="48.468506" lon="18.629809"><ele>477</ele></trkpt>
      <trkpt lat="48.468505" lon="18.62985"><ele>474</ele></trkpt>
      <trkpt lat="48.468504" lon="18.629895"><ele>473</ele></trkpt>
      <trkpt lat="48.468513" lon="18.629994"><ele>472</ele></trkpt>
      <trkpt lat="48.468533" lon="18.630096"><ele>468</ele></trkpt>
      <trkpt lat="48.468542" lon="18.630144"><ele>465</ele></trkpt>
      <trkpt lat="48.468551" lon="18.630199"><ele>463</ele></trkpt>
      <trkpt lat="48.468561" lon="18.630274"><ele>461</ele></trkpt>
      <trkpt lat="48.468587" lon="18.630423"><ele>460</ele></trkpt>
      <trkpt lat="48.46861" lon="18.630618"><ele>455</ele></trkpt>
      <trkpt lat="48.468613" lon="18.630708"><ele>455</ele></trkpt>
      <trkpt lat="48.468594" lon="18.630785"><ele>453</ele></trkpt>
      <trkpt lat="48.468562" lon="18.630852"><ele>453</ele></trkpt>
      <trkpt lat="48.468559" lon="18.630922"><ele>449</ele></trkpt>
      <trkpt lat="48.468517" lon="18.630962"><ele>451</ele></trkpt>
      <trkpt lat="48.468489" lon="18.631017"><ele>449</ele></trkpt>
      <trkpt lat="48.468475" lon="18.63105"><ele>449</ele></trkpt>
      <trkpt lat="48.468458" lon="18.631084"><ele>450</ele></trkpt>
      <trkpt lat="48.46842" lon="18.631142"><ele>449</ele></trkpt>
      <trkpt lat="48.468357" lon="18.631181"><ele>450</ele></trkpt>
      <trkpt lat="48.468273" lon="18.63119"><ele>451</ele></trkpt>
      <trkpt lat="48.468166" lon="18.631165"><ele>452</ele></trkpt>
      <trkpt lat="48.46816" lon="18.631147"><ele>449</ele></trkpt>
      <trkpt lat="48.468078" lon="18.631182"><ele>445</ele></trkpt>
      <trkpt lat="48.468011" lon="18.631208"><ele>444</ele></trkpt>
      <trkpt lat="48.467948" lon="18.631242"><ele>443</ele></trkpt>
      <trkpt lat="48.467895" lon="18.631277"><ele>444</ele></trkpt>
      <trkpt lat="48.467851" lon="18.631317"><ele>443</ele></trkpt>
      <trkpt lat="48.467786" lon="18.631407"><ele>439</ele></trkpt>
      <trkpt lat="48.467755" lon="18.63145"><ele>439</ele></trkpt>
      <trkpt lat="48.46772" lon="18.631493"><ele>437</ele></trkpt>
      <trkpt lat="48.467682" lon="18.63153"><ele>439</ele></trkpt>
      <trkpt lat="48.467607" lon="18.631593"><ele>438</ele></trkpt>
      <trkpt lat="48.46757" lon="18.631623"><ele>436</ele></trkpt>
      <trkpt lat="48.467541" lon="18.63165"><ele>438</ele></trkpt>
      <trkpt lat="48.467509" lon="18.631675"><ele>437</ele></trkpt>
      <trkpt lat="48.467473" lon="18.631701"><ele>436</ele></trkpt>
      <trkpt lat="48.467413" lon="18.631735"><ele>435</ele></trkpt>
      <trkpt lat="48.467354" lon="18.631762"><ele>435</ele></trkpt>
      <trkpt lat="48.467268" lon="18.631836"><ele>435</ele></trkpt>
      <trkpt lat="48.467234" lon="18.631892"><ele>436</ele></trkpt>
      <trkpt lat="48.467185" lon="18.631918"><ele>438</ele></trkpt>
      <trkpt lat="48.467138" lon="18.631955"><ele>438</ele></trkpt>
      <trkpt lat="48.467052" lon="18.632024"><ele>439</ele></trkpt>
      <trkpt lat="48.467008" lon="18.632085"><ele>439</ele></trkpt>
      <trkpt lat="48.466987" lon="18.63211"><ele>438</ele></trkpt>
      <trkpt lat="48.466872" lon="18.632204"><ele>434</ele></trkpt>
      <trkpt lat="48.466817" lon="18.632259"><ele>433</ele></trkpt>
      <trkpt lat="48.466673" lon="18.632392"><ele>432</ele></trkpt>
      <trkpt lat="48.466633" lon="18.632422"><ele>432</ele></trkpt>
      <trkpt lat="48.466555" lon="18.632505"><ele>432</ele></trkpt>
      <trkpt lat="48.466513" lon="18.632568"><ele>433</ele></trkpt>
      <trkpt lat="48.466484" lon="18.632655"><ele>430</ele></trkpt>
      <trkpt lat="48.466449" lon="18.632742"><ele>433</ele></trkpt>
      <trkpt lat="48.46639" lon="18.632799"><ele>432</ele></trkpt>
      <trkpt lat="48.46632" lon="18.632829"><ele>430</ele></trkpt>
      <trkpt lat="48.46629" lon="18.632839"><ele>430</ele></trkpt>
      <trkpt lat="48.466262" lon="18.632847"><ele>431</ele></trkpt>
      <trkpt lat="48.466211" lon="18.632853"><ele>430</ele></trkpt>
      <trkpt lat="48.466176" lon="18.632854"><ele>432</ele></trkpt>
      <trkpt lat="48.466103" lon="18.632855"><ele>428</ele></trkpt>
      <trkpt lat="48.466031" lon="18.632835"><ele>429</ele></trkpt>
      <trkpt lat="48.465967" lon="18.632815"><ele>429</ele></trkpt>
      <trkpt lat="48.465907" lon="18.632796"><ele>429</ele></trkpt>
      <trkpt lat="48.465867" lon="18.632786"><ele>429</ele></trkpt>
      <trkpt lat="48.465825" lon="18.632772"><ele>430</ele></trkpt>
      <trkpt lat="48.465784" lon="18.632756"><ele>430</ele></trkpt>
      <trkpt lat="48.465748" lon="18.632742"><ele>429</ele></trkpt>
      <trkpt lat="48.465716" lon="18.632728"><ele>428</ele></trkpt>
      <trkpt lat="48.465686" lon="18.632713"><ele>430</ele></trkpt>
      <trkpt lat="48.465651" lon="18.632694"><ele>430</ele></trkpt>
      <trkpt lat="48.465614" lon="18.632671"><ele>431</ele></trkpt>
      <trkpt lat="48.465579" lon="18.632651"><ele>430</ele></trkpt>
      <trkpt lat="48.465546" lon="18.632633"><ele>430</ele></trkpt>
      <trkpt lat="48.465519" lon="18.632614"><ele>430</ele></trkpt>
      <trkpt lat="48.465494" lon="18.632598"><ele>431</ele></trkpt>
      <trkpt lat="48.465445" lon="18.63256"><ele>430</ele></trkpt>
      <trkpt lat="48.465421" lon="18.632543"><ele>429</ele></trkpt>
      <trkpt lat="48.465392" lon="18.632528"><ele>428</ele></trkpt>
      <trkpt lat="48.465333" lon="18.632508"><ele>431</ele></trkpt>
      <trkpt lat="48.465292" lon="18.632472"><ele>428</ele></trkpt>
      <trkpt lat="48.465245" lon="18.63241"><ele>426</ele></trkpt>
      <trkpt lat="48.465218" lon="18.632372"><ele>425</ele></trkpt>
      <trkpt lat="48.4652" lon="18.632346"><ele>430</ele></trkpt>
      <trkpt lat="48.465158" lon="18.632308"><ele>430</ele></trkpt>
      <trkpt lat="48.465102" lon="18.632259"><ele>427</ele></trkpt>
      <trkpt lat="48.465056" lon="18.632234"><ele>425</ele></trkpt>
      <trkpt lat="48.465008" lon="18.632219"><ele>423</ele></trkpt>
      <trkpt lat="48.464964" lon="18.632196"><ele>422</ele></trkpt>
      <trkpt lat="48.464856" lon="18.632097"><ele>427</ele></trkpt>
      <trkpt lat="48.464822" lon="18.63206"><ele>427</ele></trkpt>
      <trkpt lat="48.46479" lon="18.632024"><ele>424</ele></trkpt>
      <trkpt lat="48.464658" lon="18.631846"><ele>422</ele></trkpt>
      <trkpt lat="48.464628" lon="18.631804"><ele>422</ele></trkpt>
      <trkpt lat="48.464579" lon="18.631714"><ele>422</ele></trkpt>
      <trkpt lat="48.464563" lon="18.631682"><ele>421</ele></trkpt>
      <trkpt lat="48.464551" lon="18.631653"><ele>420</ele></trkpt>
      <trkpt lat="48.464502" lon="18.631563"><ele>418</ele></trkpt>
      <trkpt lat="48.464478" lon="18.631517"><ele>418</ele></trkpt>
      <trkpt lat="48.464456" lon="18.631479"><ele>418</ele></trkpt>
      <trkpt lat="48.464431" lon="18.63144"><ele>417</ele></trkpt>
      <trkpt lat="48.464401" lon="18.631395"><ele>414</ele></trkpt>
      <trkpt lat="48.464372" lon="18.631343"><ele>412</ele></trkpt>
      <trkpt lat="48.464287" lon="18.631202"><ele>410</ele></trkpt>
      <trkpt lat="48.464243" lon="18.631104"><ele>410</ele></trkpt>
      <trkpt lat="48.464188" lon="18.631005"><ele>407</ele></trkpt>
      <trkpt lat="48.464162" lon="18.630955"><ele>406</ele></trkpt>
      <trkpt lat="48.464142" lon="18.630919"><ele>406</ele></trkpt>
      <trkpt lat="48.464098" lon="18.630878"><ele>407</ele></trkpt>
      <trkpt lat="48.464053" lon="18.630811"><ele>406</ele></trkpt>
      <trkpt lat="48.464031" lon="18.630775"><ele>406</ele></trkpt>
      <trkpt lat="48.463982" lon="18.6307"><ele>407</ele></trkpt>
      <trkpt lat="48.463951" lon="18.630653"><ele>407</ele></trkpt>
      <trkpt lat="48.463924" lon="18.630615"><ele>407</ele></trkpt>
      <trkpt lat="48.463897" lon="18.630581"><ele>407</ele></trkpt>
      <trkpt lat="48.463869" lon="18.630551"><ele>406</ele></trkpt>
      <trkpt lat="48.463843" lon="18.630522"><ele>406</ele></trkpt>
      <trkpt lat="48.463817" lon="18.630496"><ele>405</ele></trkpt>
      <trkpt lat="48.463766" lon="18.630448"><ele>405</ele></trkpt>
      <trkpt lat="48.463736" lon="18.630422"><ele>404</ele></trkpt>
      <trkpt lat="48.46371" lon="18.630398"><ele>403</ele></trkpt>
      <trkpt lat="48.463658" lon="18.630344"><ele>401</ele></trkpt>
      <trkpt lat="48.463627" lon="18.630316"><ele>399</ele></trkpt>
      <trkpt lat="48.4636" lon="18.630287"><ele>398</ele></trkpt>
      <trkpt lat="48.463553" lon="18.630223"><ele>396</ele></trkpt>
      <trkpt lat="48.463491" lon="18.630171"><ele>397</ele></trkpt>
      <trkpt lat="48.463396" lon="18.630151"><ele>396</ele></trkpt>
      <trkpt lat="48.463318" lon="18.630167"><ele>396</ele></trkpt>
      <trkpt lat="48.463289" lon="18.630172"><ele>396</ele></trkpt>
      <trkpt lat="48.463239" lon="18.630171"><ele>396</ele></trkpt>
      <trkpt lat="48.463185" lon="18.630161"><ele>394</ele></trkpt>
      <trkpt lat="48.46312" lon="18.630177"><ele>395</ele></trkpt>
      <trkpt lat="48.463059" lon="18.630211"><ele>396</ele></trkpt>
      <trkpt lat="48.463007" lon="18.630259"><ele>394</ele></trkpt>
      <trkpt lat="48.462987" lon="18.630276"><ele>410</ele></trkpt>
      <trkpt lat="48.462924" lon="18.630315"><ele>402</ele></trkpt>
      <trkpt lat="48.462884" lon="18.630336"><ele>399</ele></trkpt>
      <trkpt lat="48.462841" lon="18.630358"><ele>397</ele></trkpt>
      <trkpt lat="48.462796" lon="18.63038"><ele>395</ele></trkpt>
      <trkpt lat="48.46271" lon="18.630419"><ele>394</ele></trkpt>
      <trkpt lat="48.462666" lon="18.630446"><ele>394</ele></trkpt>
      <trkpt lat="48.462608" lon="18.630496"><ele>404</ele></trkpt>
      <trkpt lat="48.462535" lon="18.630537"><ele>396</ele></trkpt>
      <trkpt lat="48.462497" lon="18.630555"><ele>393</ele></trkpt>
      <trkpt lat="48.462463" lon="18.630572"><ele>393</ele></trkpt>
      <trkpt lat="48.462407" lon="18.630596"><ele>392</ele></trkpt>
      <trkpt lat="48.46238" lon="18.630606"><ele>394</ele></trkpt>
      <trkpt lat="48.462333" lon="18.63063"><ele>393</ele></trkpt>
      <trkpt lat="48.462265" lon="18.630647"><ele>395</ele></trkpt>
      <trkpt lat="48.462207" lon="18.630655"><ele>395</ele></trkpt>
      <trkpt lat="48.462163" lon="18.630675"><ele>392</ele></trkpt>
      <trkpt lat="48.462107" lon="18.630711"><ele>393</ele></trkpt>
      <trkpt lat="48.462054" lon="18.630736"><ele>393</ele></trkpt>
      <trkpt lat="48.462002" lon="18.630769"><ele>394</ele></trkpt>
      <trkpt lat="48.46194" lon="18.630797"><ele>395</ele></trkpt>
      <trkpt lat="48.461911" lon="18.630808"><ele>393</ele></trkpt>
      <trkpt lat="48.461877" lon="18.630822"><ele>393</ele></trkpt>
      <trkpt lat="48.4618" lon="18.630854"><ele>395</ele></trkpt>
      <trkpt lat="48.461753" lon="18.630865"><ele>395</ele></trkpt>
      <trkpt lat="48.461709" lon="18.630876"><ele>396</ele></trkpt>
      <trkpt lat="48.461669" lon="18.630886"><ele>395</ele></trkpt>
      <trkpt lat="48.461626" lon="18.630894"><ele>394</ele></trkpt>
      <trkpt lat="48.461583" lon="18.6309"><ele>393</ele></trkpt>
      <trkpt lat="48.461538" lon="18.630906"><ele>391</ele></trkpt>
      <trkpt lat="48.461464" lon="18.630913"><ele>389</ele></trkpt>
      <trkpt lat="48.461406" lon="18.630929"><ele>391</ele></trkpt>
      <trkpt lat="48.461355" lon="18.630941"><ele>390</ele></trkpt>
      <trkpt lat="48.461328" lon="18.630951"><ele>391</ele></trkpt>
      <trkpt lat="48.461277" lon="18.630969"><ele>393</ele></trkpt>
      <trkpt lat="48.461219" lon="18.631"><ele>394</ele></trkpt>
      <trkpt lat="48.461195" lon="18.63101"><ele>395</ele></trkpt>
      <trkpt lat="48.461173" lon="18.63102"><ele>396</ele></trkpt>
      <trkpt lat="48.461148" lon="18.631031"><ele>396</ele></trkpt>
      <trkpt lat="48.461119" lon="18.631048"><ele>396</ele></trkpt>
      <trkpt lat="48.461098" lon="18.631062"><ele>396</ele></trkpt>
      <trkpt lat="48.461045" lon="18.631095"><ele>395</ele></trkpt>
      <trkpt lat="48.460964" lon="18.631132"><ele>393</ele></trkpt>
      <trkpt lat="48.460924" lon="18.63115"><ele>392</ele></trkpt>
      <trkpt lat="48.460845" lon="18.631174"><ele>405</ele></trkpt>
      <trkpt lat="48.460759" lon="18.631201"><ele>403</ele></trkpt>
      <trkpt lat="48.460722" lon="18.631213"><ele>400</ele></trkpt>
      <trkpt lat="48.460659" lon="18.631246"><ele>396</ele></trkpt>
      <trkpt lat="48.460627" lon="18.631263"><ele>396</ele></trkpt>
      <trkpt lat="48.460558" lon="18.631284"><ele>395</ele></trkpt>
      <trkpt lat="48.460517" lon="18.631291"><ele>394</ele></trkpt>
      <trkpt lat="48.460482" lon="18.631293"><ele>394</ele></trkpt>
      <trkpt lat="48.460447" lon="18.631294"><ele>394</ele></trkpt>
      <trkpt lat="48.460418" lon="18.631296"><ele>394</ele></trkpt>
      <trkpt lat="48.460362" lon="18.631305"><ele>394</ele></trkpt>
      <trkpt lat="48.460333" lon="18.631305"><ele>395</ele></trkpt>
      <trkpt lat="48.460304" lon="18.631306"><ele>394</ele></trkpt>
      <trkpt lat="48.460281" lon="18.631305"><ele>394</ele></trkpt>
      <trkpt lat="48.460258" lon="18.631306"><ele>394</ele></trkpt>
      <trkpt lat="48.460233" lon="18.631311"><ele>395</ele></trkpt>
      <trkpt lat="48.460165" lon="18.631339"><ele>396</ele></trkpt>
      <trkpt lat="48.460102" lon="18.631374"><ele>397</ele></trkpt>
      <trkpt lat="48.460058" lon="18.631386"><ele>398</ele></trkpt>
      <trkpt lat="48.460035" lon="18.631393"><ele>398</ele></trkpt>
      <trkpt lat="48.460008" lon="18.631404"><ele>399</ele></trkpt>
      <trkpt lat="48.459982" lon="18.631416"><ele>399</ele></trkpt>
      <trkpt lat="48.459961" lon="18.631427"><ele>400</ele></trkpt>
      <trkpt lat="48.459921" lon="18.631454"><ele>401</ele></trkpt>
      <trkpt lat="48.459892" lon="18.631471"><ele>401</ele></trkpt>
      <trkpt lat="48.459823" lon="18.631493"><ele>401</ele></trkpt>
      <trkpt lat="48.45979" lon="18.631498"><ele>402</ele></trkpt>
      <trkpt lat="48.459759" lon="18.631502"><ele>402</ele></trkpt>
      <trkpt lat="48.459721" lon="18.631506"><ele>401</ele></trkpt>
      <trkpt lat="48.459645" lon="18.631507"><ele>400</ele></trkpt>
      <trkpt lat="48.459621" lon="18.631505"><ele>399</ele></trkpt>
      <trkpt lat="48.459595" lon="18.631504"><ele>398</ele></trkpt>
      <trkpt lat="48.459553" lon="18.631504"><ele>399</ele></trkpt>
      <trkpt lat="48.459519" lon="18.631508"><ele>399</ele></trkpt>
      <trkpt lat="48.45949" lon="18.631513"><ele>398</ele></trkpt>
      <trkpt lat="48.459458" lon="18.631522"><ele>398</ele></trkpt>
      <trkpt lat="48.459431" lon="18.631534"><ele>399</ele></trkpt>
      <trkpt lat="48.459405" lon="18.631545"><ele>399</ele></trkpt>
      <trkpt lat="48.45938" lon="18.631553"><ele>398</ele></trkpt>
      <trkpt lat="48.459356" lon="18.631557"><ele>398</ele></trkpt>
      <trkpt lat="48.459328" lon="18.631565"><ele>398</ele></trkpt>
      <trkpt lat="48.459265" lon="18.631578"><ele>399</ele></trkpt>
      <trkpt lat="48.45921" lon="18.631571"><ele>399</ele></trkpt>
      <trkpt lat="48.45918" lon="18.631567"><ele>399</ele></trkpt>
      <trkpt lat="48.459148" lon="18.631564"><ele>399</ele></trkpt>
      <trkpt lat="48.459115" lon="18.631563"><ele>399</ele></trkpt>
      <trkpt lat="48.45909" lon="18.631562"><ele>400</ele></trkpt>
      <trkpt lat="48.45906" lon="18.63156"><ele>399</ele></trkpt>
      <trkpt lat="48.458968" lon="18.631558"><ele>398</ele></trkpt>
      <trkpt lat="48.45894" lon="18.631555"><ele>398</ele></trkpt>
      <trkpt lat="48.45889" lon="18.631541"><ele>398</ele></trkpt>
      <trkpt lat="48.458819" lon="18.631536"><ele>395</ele></trkpt>
      <trkpt lat="48.45879" lon="18.631531"><ele>394</ele></trkpt>
      <trkpt lat="48.458755" lon="18.631524"><ele>394</ele></trkpt>
      <trkpt lat="48.458722" lon="18.631515"><ele>394</ele></trkpt>
      <trkpt lat="48.458663" lon="18.631496"><ele>395</ele></trkpt>
      <trkpt lat="48.458637" lon="18.631484"><ele>395</ele></trkpt>
      <trkpt lat="48.458609" lon="18.631475"><ele>395</ele></trkpt>
      <trkpt lat="48.458574" lon="18.631468"><ele>396</ele></trkpt>
      <trkpt lat="48.458537" lon="18.631464"><ele>396</ele></trkpt>
      <trkpt lat="48.458503" lon="18.631462"><ele>396</ele></trkpt>
      <trkpt lat="48.458434" lon="18.63147"><ele>395</ele></trkpt>
      <trkpt lat="48.45839" lon="18.631471"><ele>394</ele></trkpt>
      <trkpt lat="48.458352" lon="18.631469"><ele>392</ele></trkpt>
      <trkpt lat="48.458322" lon="18.631468"><ele>390</ele></trkpt>
      <trkpt lat="48.458221" lon="18.631466"><ele>388</ele></trkpt>
      <trkpt lat="48.458175" lon="18.631456"><ele>388</ele></trkpt>
      <trkpt lat="48.458136" lon="18.631451"><ele>389</ele></trkpt>
      <trkpt lat="48.458099" lon="18.631451"><ele>386</ele></trkpt>
      <trkpt lat="48.458074" lon="18.631451"><ele>388</ele></trkpt>
      <trkpt lat="48.458048" lon="18.63145"><ele>387</ele></trkpt>
      <trkpt lat="48.45799" lon="18.631435"><ele>387</ele></trkpt>
      <trkpt lat="48.457959" lon="18.631428"><ele>387</ele></trkpt>
      <trkpt lat="48.457922" lon="18.631423"><ele>386</ele></trkpt>
      <trkpt lat="48.457807" lon="18.631426"><ele>383</ele></trkpt>
      <trkpt lat="48.457777" lon="18.631425"><ele>383</ele></trkpt>
      <trkpt lat="48.457747" lon="18.631423"><ele>383</ele></trkpt>
      <trkpt lat="48.457714" lon="18.631423"><ele>381</ele></trkpt>
      <trkpt lat="48.457609" lon="18.631435"><ele>377</ele></trkpt>
      <trkpt lat="48.45758" lon="18.631437"><ele>376</ele></trkpt>
      <trkpt lat="48.457552" lon="18.631438"><ele>375</ele></trkpt>
      <trkpt lat="48.457489" lon="18.631433"><ele>376</ele></trkpt>
      <trkpt lat="48.457451" lon="18.631429"><ele>374</ele></trkpt>
      <trkpt lat="48.457415" lon="18.631425"><ele>375</ele></trkpt>
      <trkpt lat="48.457331" lon="18.631419"><ele>374</ele></trkpt>
      <trkpt lat="48.457278" lon="18.631429"><ele>374</ele></trkpt>
      <trkpt lat="48.457215" lon="18.63146"><ele>391</ele></trkpt>
      <trkpt lat="48.45715" lon="18.631525"><ele>381</ele></trkpt>
      <trkpt lat="48.457111" lon="18.63161"><ele>377</ele></trkpt>
      <trkpt lat="48.457091" lon="18.631647"><ele>376</ele></trkpt>
      <trkpt lat="48.457067" lon="18.631687"><ele>376</ele></trkpt>
      <trkpt lat="48.457043" lon="18.631723"><ele>374</ele></trkpt>
      <trkpt lat="48.457018" lon="18.631767"><ele>375</ele></trkpt>
      <trkpt lat="48.456996" lon="18.63181"><ele>374</ele></trkpt>
      <trkpt lat="48.456969" lon="18.631857"><ele>372</ele></trkpt>
      <trkpt lat="48.45694" lon="18.631908"><ele>370</ele></trkpt>
      <trkpt lat="48.456915" lon="18.631951"><ele>370</ele></trkpt>
      <trkpt lat="48.45687" lon="18.632026"><ele>371</ele></trkpt>
      <trkpt lat="48.456848" lon="18.632063"><ele>371</ele></trkpt>
      <trkpt lat="48.456821" lon="18.632104"><ele>370</ele></trkpt>
      <trkpt lat="48.456788" lon="18.632153"><ele>368</ele></trkpt>
      <trkpt lat="48.456756" lon="18.6322"><ele>367</ele></trkpt>
      <trkpt lat="48.456729" lon="18.632238"><ele>366</ele></trkpt>
      <trkpt lat="48.456705" lon="18.632277"><ele>366</ele></trkpt>
      <trkpt lat="48.456681" lon="18.632315"><ele>366</ele></trkpt>
      <trkpt lat="48.456612" lon="18.63246"><ele>362</ele></trkpt>
      <trkpt lat="48.456581" lon="18.632547"><ele>362</ele></trkpt>
      <trkpt lat="48.45657" lon="18.632581"><ele>362</ele></trkpt>
      <trkpt lat="48.456559" lon="18.632616"><ele>362</ele></trkpt>
      <trkpt lat="48.456541" lon="18.632686"><ele>363</ele></trkpt>
      <trkpt lat="48.456524" lon="18.632766"><ele>362</ele></trkpt>
      <trkpt lat="48.45646" lon="18.632895"><ele>364</ele></trkpt>
      <trkpt lat="48.456412" lon="18.632956"><ele>362</ele></trkpt>
      <trkpt lat="48.456391" lon="18.63298"><ele>361</ele></trkpt>
      <trkpt lat="48.456338" lon="18.633062"><ele>360</ele></trkpt>
      <trkpt lat="48.456285" lon="18.63311"><ele>358</ele></trkpt>
      <trkpt lat="48.456259" lon="18.633131"><ele>359</ele></trkpt>
      <trkpt lat="48.456203" lon="18.633193"><ele>362</ele></trkpt>
      <trkpt lat="48.456182" lon="18.63322"><ele>363</ele></trkpt>
      <trkpt lat="48.456138" lon="18.633285"><ele>363</ele></trkpt>
      <trkpt lat="48.456114" lon="18.633317"><ele>363</ele></trkpt>
      <trkpt lat="48.456088" lon="18.633352"><ele>360</ele></trkpt>
      <trkpt lat="48.456062" lon="18.633384"><ele>360</ele></trkpt>
      <trkpt lat="48.456036" lon="18.633424"><ele>359</ele></trkpt>
      <trkpt lat="48.456007" lon="18.633463"><ele>359</ele></trkpt>
      <trkpt lat="48.455985" lon="18.633492"><ele>360</ele></trkpt>
      <trkpt lat="48.455967" lon="18.633517"><ele>359</ele></trkpt>
      <trkpt lat="48.455923" lon="18.633564"><ele>360</ele></trkpt>
      <trkpt lat="48.455897" lon="18.633595"><ele>360</ele></trkpt>
      <trkpt lat="48.455873" lon="18.633626"><ele>362</ele></trkpt>
      <trkpt lat="48.455847" lon="18.633659"><ele>362</ele></trkpt>
      <trkpt lat="48.455795" lon="18.633726"><ele>363</ele></trkpt>
      <trkpt lat="48.455771" lon="18.63376"><ele>365</ele></trkpt>
      <trkpt lat="48.455745" lon="18.633793"><ele>365</ele></trkpt>
      <trkpt lat="48.455715" lon="18.633832"><ele>363</ele></trkpt>
      <trkpt lat="48.455685" lon="18.633868"><ele>362</ele></trkpt>
      <trkpt lat="48.455657" lon="18.633902"><ele>363</ele></trkpt>
      <trkpt lat="48.455613" lon="18.633964"><ele>363</ele></trkpt>
      <trkpt lat="48.45556" lon="18.634021"><ele>362</ele></trkpt>
      <trkpt lat="48.455503" lon="18.634121"><ele>360</ele></trkpt>
      <trkpt lat="48.455461" lon="18.634224"><ele>361</ele></trkpt>
      <trkpt lat="48.455425" lon="18.634277"><ele>360</ele></trkpt>
      <trkpt lat="48.45537" lon="18.63433"><ele>362</ele></trkpt>
      <trkpt lat="48.455349" lon="18.634351"><ele>361</ele></trkpt>
      <trkpt lat="48.455303" lon="18.634336"><ele>361</ele></trkpt>
      <trkpt lat="48.455265" lon="18.634274"><ele>361</ele></trkpt>
      <trkpt lat="48.455247" lon="18.634244"><ele>360</ele></trkpt>
      <trkpt lat="48.455203" lon="18.634187"><ele>360</ele></trkpt>
      <trkpt lat="48.455184" lon="18.634166"><ele>359</ele></trkpt>
      <trkpt lat="48.455138" lon="18.634127"><ele>358</ele></trkpt>
      <trkpt lat="48.455076" lon="18.634147"><ele>374</ele></trkpt>
      <trkpt lat="48.455022" lon="18.634209"><ele>367</ele></trkpt>
      <trkpt lat="48.454939" lon="18.634267"><ele>365</ele></trkpt>
      <trkpt lat="48.45488" lon="18.634315"><ele>364</ele></trkpt>
      <trkpt lat="48.454859" lon="18.634329"><ele>364</ele></trkpt>
      <trkpt lat="48.454838" lon="18.634343"><ele>365</ele></trkpt>
      <trkpt lat="48.45481" lon="18.634363"><ele>365</ele></trkpt>
      <trkpt lat="48.454776" lon="18.634384"><ele>365</ele></trkpt>
      <trkpt lat="48.454719" lon="18.634431"><ele>367</ele></trkpt>
      <trkpt lat="48.454693" lon="18.634457"><ele>367</ele></trkpt>
      <trkpt lat="48.454666" lon="18.634488"><ele>367</ele></trkpt>
      <trkpt lat="48.454642" lon="18.634518"><ele>369</ele></trkpt>
      <trkpt lat="48.454581" lon="18.63457"><ele>371</ele></trkpt>
      <trkpt lat="48.454555" lon="18.634595"><ele>371</ele></trkpt>
      <trkpt lat="48.454529" lon="18.634623"><ele>371</ele></trkpt>
      <trkpt lat="48.454503" lon="18.634651"><ele>371</ele></trkpt>
      <trkpt lat="48.454471" lon="18.634682"><ele>371</ele></trkpt>
      <trkpt lat="48.454438" lon="18.63471"><ele>371</ele></trkpt>
      <trkpt lat="48.454408" lon="18.634734"><ele>370</ele></trkpt>
      <trkpt lat="48.454382" lon="18.634759"><ele>371</ele></trkpt>
      <trkpt lat="48.454349" lon="18.634806"><ele>388</ele></trkpt>
      <trkpt lat="48.45432" lon="18.634849"><ele>383</ele></trkpt>
      <trkpt lat="48.454282" lon="18.634885"><ele>381</ele></trkpt>
      <trkpt lat="48.454258" lon="18.634905"><ele>380</ele></trkpt>
      <trkpt lat="48.454215" lon="18.634955"><ele>376</ele></trkpt>
      <trkpt lat="48.45419" lon="18.634983"><ele>377</ele></trkpt>
      <trkpt lat="48.454144" lon="18.635006"><ele>377</ele></trkpt>
      <trkpt lat="48.454045" lon="18.634991"><ele>374</ele></trkpt>
      <trkpt lat="48.453975" lon="18.635003"><ele>371</ele></trkpt>
      <trkpt lat="48.453942" lon="18.635012"><ele>370</ele></trkpt>
      <trkpt lat="48.453916" lon="18.63502"><ele>369</ele></trkpt>
      <trkpt lat="48.453893" lon="18.635029"><ele>370</ele></trkpt>
      <trkpt lat="48.453863" lon="18.635037"><ele>371</ele></trkpt>
      <trkpt lat="48.453831" lon="18.635049"><ele>371</ele></trkpt>
      <trkpt lat="48.453799" lon="18.635062"><ele>372</ele></trkpt>
      <trkpt lat="48.453714" lon="18.63513"><ele>371</ele></trkpt>
      <trkpt lat="48.453688" lon="18.635155"><ele>371</ele></trkpt>
      <trkpt lat="48.453655" lon="18.635217"><ele>369</ele></trkpt>
      <trkpt lat="48.453635" lon="18.635311"><ele>361</ele></trkpt>
      <trkpt lat="48.45361" lon="18.635385"><ele>359</ele></trkpt>
      <trkpt lat="48.453599" lon="18.63548"><ele>359</ele></trkpt>
      <trkpt lat="48.453596" lon="18.635585"><ele>357</ele></trkpt>
      <trkpt lat="48.453594" lon="18.63563"><ele>359</ele></trkpt>
      <trkpt lat="48.453591" lon="18.635673"><ele>359</ele></trkpt>
      <trkpt lat="48.453588" lon="18.635714"><ele>359</ele></trkpt>
      <trkpt lat="48.453584" lon="18.635757"><ele>359</ele></trkpt>
      <trkpt lat="48.453594" lon="18.635836"><ele>357</ele></trkpt>
      <trkpt lat="48.453646" lon="18.636"><ele>354</ele></trkpt>
      <trkpt lat="48.453701" lon="18.636164"><ele>355</ele></trkpt>
      <trkpt lat="48.453737" lon="18.636275"><ele>354</ele></trkpt>
      <trkpt lat="48.453754" lon="18.636324"><ele>354</ele></trkpt>
      <trkpt lat="48.45377" lon="18.636365"><ele>354</ele></trkpt>
      <trkpt lat="48.453801" lon="18.636442"><ele>352</ele></trkpt>
      <trkpt lat="48.453816" lon="18.636482"><ele>352</ele></trkpt>
      <trkpt lat="48.45383" lon="18.636522"><ele>352</ele></trkpt>
      <trkpt lat="48.453845" lon="18.636562"><ele>352</ele></trkpt>
      <trkpt lat="48.45386" lon="18.636603"><ele>352</ele></trkpt>
      <trkpt lat="48.453874" lon="18.636645"><ele>351</ele></trkpt>
      <trkpt lat="48.453886" lon="18.636681"><ele>351</ele></trkpt>
      <trkpt lat="48.453898" lon="18.636719"><ele>351</ele></trkpt>
      <trkpt lat="48.453924" lon="18.636798"><ele>350</ele></trkpt>
      <trkpt lat="48.453937" lon="18.636838"><ele>350</ele></trkpt>
      <trkpt lat="48.453949" lon="18.636878"><ele>350</ele></trkpt>
      <trkpt lat="48.453961" lon="18.636921"><ele>350</ele></trkpt>
      <trkpt lat="48.453972" lon="18.63696"><ele>349</ele></trkpt>
      <trkpt lat="48.453986" lon="18.63703"><ele>348</ele></trkpt>
      <trkpt lat="48.453994" lon="18.637076"><ele>347</ele></trkpt>
      <trkpt lat="48.454003" lon="18.637117"><ele>347</ele></trkpt>
    </trkseg>
  </trk>
  <trk>
    <name>Trasa 1</name>
    <trkseg>
      <trkpt lat="48.453819" lon="18.63832"><ele>0</ele></trkpt>
      <trkpt lat="48.453847" lon="18.638123"><ele>360</ele></trkpt>
      <trkpt lat="48.45389" lon="18.638099"><ele>360</ele></trkpt>
      <trkpt lat="48.453916" lon="18.638082"><ele>359</ele></trkpt>
      <trkpt lat="48.45394" lon="18.638064"><ele>359</ele></trkpt>
      <trkpt lat="48.453961" lon="18.638045"><ele>357</ele></trkpt>
      <trkpt lat="48.453996" lon="18.638015"><ele>356</ele></trkpt>
      <trkpt lat="48.454034" lon="18.637974"><ele>358</ele></trkpt>
      <trkpt lat="48.454069" lon="18.637921"><ele>360</ele></trkpt>
      <trkpt lat="48.454087" lon="18.637896"><ele>360</ele></trkpt>
      <trkpt lat="48.454138" lon="18.637812"><ele>360</ele></trkpt>
      <trkpt lat="48.454161" lon="18.637779"><ele>360</ele></trkpt>
      <trkpt lat="48.454178" lon="18.637755"><ele>361</ele></trkpt>
      <trkpt lat="48.45421" lon="18.637691"><ele>361</ele></trkpt>
      <trkpt lat="48.454213" lon="18.637616"><ele>363</ele></trkpt>
      <trkpt lat="48.454208" lon="18.637537"><ele>364</ele></trkpt>
      <trkpt lat="48.454223" lon="18.637435"><ele>364</ele></trkpt>
      <trkpt lat="48.454241" lon="18.637311"><ele>364</ele></trkpt>
      <trkpt lat="48.454287" lon="18.637226"><ele>365</ele></trkpt>
      <trkpt lat="48.454359" lon="18.63718"><ele>363</ele></trkpt>
      <trkpt lat="48.454436" lon="18.637151"><ele>365</ele></trkpt>
      <trkpt lat="48.45447" lon="18.637138"><ele>365</ele></trkpt>
      <trkpt lat="48.454503" lon="18.637123"><ele>366</ele></trkpt>
      <trkpt lat="48.454582" lon="18.637082"><ele>362</ele></trkpt>
      <trkpt lat="48.454612" lon="18.637066"><ele>362</ele></trkpt>
      <trkpt lat="48.454667" lon="18.63705"><ele>362</ele></trkpt>
      <trkpt lat="48.454695" lon="18.637044"><ele>362</ele></trkpt>
      <trkpt lat="48.454728" lon="18.637033"><ele>359</ele></trkpt>
      <trkpt lat="48.45476" lon="18.637019"><ele>360</ele></trkpt>
      <trkpt lat="48.45479" lon="18.637006"><ele>360</ele></trkpt>
      <trkpt lat="48.454817" lon="18.636994"><ele>361</ele></trkpt>
      <trkpt lat="48.45484" lon="18.636983"><ele>362</ele></trkpt>
      <trkpt lat="48.454866" lon="18.636974"><ele>363</ele></trkpt>
      <trkpt lat="48.454924" lon="18.63696"><ele>364</ele></trkpt>
      <trkpt lat="48.454995" lon="18.63695"><ele>365</ele></trkpt>
      <trkpt lat="48.455048" lon="18.636927"><ele>365</ele></trkpt>
      <trkpt lat="48.455101" lon="18.636897"><ele>363</ele></trkpt>
      <trkpt lat="48.455185" lon="18.636868"><ele>362</ele></trkpt>
      <trkpt lat="48.455235" lon="18.636838"><ele>361</ele></trkpt>
      <trkpt lat="48.4553" lon="18.636778"><ele>358</ele></trkpt>
      <trkpt lat="48.455389" lon="18.636725"><ele>354</ele></trkpt>
      <trkpt lat="48.455423" lon="18.636708"><ele>354</ele></trkpt>
      <trkpt lat="48.455482" lon="18.636678"><ele>355</ele></trkpt>
      <trkpt lat="48.455511" lon="18.636662"><ele>354</ele></trkpt>
      <trkpt lat="48.455542" lon="18.636645"><ele>354</ele></trkpt>
      <trkpt lat="48.455597" lon="18.636612"><ele>355</ele></trkpt>
      <trkpt lat="48.455622" lon="18.636596"><ele>354</ele></trkpt>
      <trkpt lat="48.455646" lon="18.636579"><ele>354</ele></trkpt>
      <trkpt lat="48.455698" lon="18.636538"><ele>351</ele></trkpt>
      <trkpt lat="48.455786" lon="18.63647"><ele>348</ele></trkpt>
      <trkpt lat="48.455813" lon="18.63645"><ele>348</ele></trkpt>
      <trkpt lat="48.455869" lon="18.63641"><ele>347</ele></trkpt>
      <trkpt lat="48.455896" lon="18.636391"><ele>348</ele></trkpt>
      <trkpt lat="48.455925" lon="18.63637"><ele>349</ele></trkpt>
      <trkpt lat="48.455952" lon="18.636348"><ele>349</ele></trkpt>
      <trkpt lat="48.455978" lon="18.636324"><ele>348</ele></trkpt>
      <trkpt lat="48.455998" lon="18.636304"><ele>349</ele></trkpt>
      <trkpt lat="48.456017" lon="18.636284"><ele>349</ele></trkpt>
      <trkpt lat="48.456042" lon="18.636257"><ele>348</ele></trkpt>
      <trkpt lat="48.456133" lon="18.636177"><ele>351</ele></trkpt>
      <trkpt lat="48.456176" lon="18.636146"><ele>350</ele></trkpt>
      <trkpt lat="48.456225" lon="18.636108"><ele>350</ele></trkpt>
      <trkpt lat="48.456277" lon="18.636053"><ele>350</ele></trkpt>
      <trkpt lat="48.456314" lon="18.635993"><ele>353</ele></trkpt>
      <trkpt lat="48.45635" lon="18.635916"><ele>353</ele></trkpt>
      <trkpt lat="48.456373" lon="18.635848"><ele>351</ele></trkpt>
      <trkpt lat="48.456387" lon="18.635781"><ele>350</ele></trkpt>
      <trkpt lat="48.456386" lon="18.635662"><ele>349</ele></trkpt>
      <trkpt lat="48.456349" lon="18.635562"><ele>349</ele></trkpt>
      <trkpt lat="48.456324" lon="18.635505"><ele>352</ele></trkpt>
      <trkpt lat="48.45631" lon="18.635475"><ele>352</ele></trkpt>
      <trkpt lat="48.456291" lon="18.635438"><ele>352</ele></trkpt>
      <trkpt lat="48.456256" lon="18.635392"><ele>352</ele></trkpt>
      <trkpt lat="48.456161" lon="18.635409"><ele>356</ele></trkpt>
      <trkpt lat="48.456093" lon="18.635389"><ele>360</ele></trkpt>
      <trkpt lat="48.456057" lon="18.635316"><ele>360</ele></trkpt>
      <trkpt lat="48.455998" lon="18.635309"><ele>362</ele></trkpt>
      <trkpt lat="48.455956" lon="18.635308"><ele>364</ele></trkpt>
      <trkpt lat="48.455928" lon="18.635304"><ele>362</ele></trkpt>
      <trkpt lat="48.45589" lon="18.635299"><ele>362</ele></trkpt>
      <trkpt lat="48.455843" lon="18.635274"><ele>361</ele></trkpt>
      <trkpt lat="48.455734" lon="18.635181"><ele>362</ele></trkpt>
      <trkpt lat="48.455635" lon="18.635067"><ele>360</ele></trkpt>
      <trkpt lat="48.455581" lon="18.635025"><ele>359</ele></trkpt>
      <trkpt lat="48.45553" lon="18.634998"><ele>358</ele></trkpt>
      <trkpt lat="48.455432" lon="18.634788"><ele>356</ele></trkpt>
      <trkpt lat="48.455418" lon="18.634724"><ele>356</ele></trkpt>
      <trkpt lat="48.455403" lon="18.634657"><ele>356</ele></trkpt>
      <trkpt lat="48.455388" lon="18.634597"><ele>356</ele></trkpt>
      <trkpt lat="48.455354" lon="18.634504"><ele>357</ele></trkpt>
      <trkpt lat="48.455318" lon="18.634435"><ele>357</ele></trkpt>
      <trkpt lat="48.455263" lon="18.6343"><ele>357</ele></trkpt>
      <trkpt lat="48.455243" lon="18.634247"><ele>357</ele></trkpt>
      <trkpt lat="48.455227" lon="18.634197"><ele>357</ele></trkpt>
      <trkpt lat="48.455212" lon="18.634155"><ele>357</ele></trkpt>
      <trkpt lat="48.455198" lon="18.634123"><ele>357</ele></trkpt>
      <trkpt lat="48.455047" lon="18.634221"><ele>350</ele></trkpt>
      <trkpt lat="48.454992" lon="18.634278"><ele>350</ele></trkpt>
      <trkpt lat="48.454972" lon="18.634299"><ele>352</ele></trkpt>
      <trkpt lat="48.454924" lon="18.634342"><ele>352</ele></trkpt>
      <trkpt lat="48.454896" lon="18.634366"><ele>351</ele></trkpt>
      <trkpt lat="48.454872" lon="18.634388"><ele>352</ele></trkpt>
      <trkpt lat="48.454848" lon="18.634411"><ele>352</ele></trkpt>
      <trkpt lat="48.454825" lon="18.634432"><ele>353</ele></trkpt>
      <trkpt lat="48.454767" lon="18.634471"><ele>351</ele></trkpt>
      <trkpt lat="48.454736" lon="18.634488"><ele>351</ele></trkpt>
      <trkpt lat="48.454708" lon="18.634503"><ele>352</ele></trkpt>
      <trkpt lat="48.454683" lon="18.634518"><ele>351</ele></trkpt>
      <trkpt lat="48.454645" lon="18.634576"><ele>351</ele></trkpt>
      <trkpt lat="48.454597" lon="18.634632"><ele>351</ele></trkpt>
      <trkpt lat="48.454533" lon="18.634689"><ele>351</ele></trkpt>
      <trkpt lat="48.454502" lon="18.634712"><ele>350</ele></trkpt>
      <trkpt lat="48.454468" lon="18.634735"><ele>349</ele></trkpt>
      <trkpt lat="48.454409" lon="18.63478"><ele>349</ele></trkpt>
      <trkpt lat="48.454381" lon="18.6348"><ele>349</ele></trkpt>
      <trkpt lat="48.454354" lon="18.634821"><ele>349</ele></trkpt>
      <trkpt lat="48.454306" lon="18.634869"><ele>351</ele></trkpt>
      <trkpt lat="48.454249" lon="18.634887"><ele>351</ele></trkpt>
      <trkpt lat="48.45421" lon="18.634899"><ele>351</ele></trkpt>
      <trkpt lat="48.454169" lon="18.634912"><ele>352</ele></trkpt>
      <trkpt lat="48.454136" lon="18.634921"><ele>350</ele></trkpt>
      <trkpt lat="48.454113" lon="18.634925"><ele>351</ele></trkpt>
      <trkpt lat="48.454089" lon="18.634929"><ele>354</ele></trkpt>
      <trkpt lat="48.454064" lon="18.634934"><ele>354</ele></trkpt>
      <trkpt lat="48.454011" lon="18.634952"><ele>354</ele></trkpt>
      <trkpt lat="48.453986" lon="18.634961"><ele>355</ele></trkpt>
      <trkpt lat="48.453963" lon="18.634972"><ele>357</ele></trkpt>
      <trkpt lat="48.453935" lon="18.634981"><ele>358</ele></trkpt>
      <trkpt lat="48.453878" lon="18.634985"><ele>358</ele></trkpt>
      <trkpt lat="48.453833" lon="18.634979"><ele>357</ele></trkpt>
      <trkpt lat="48.453743" lon="18.635028"><ele>357</ele></trkpt>
      <trkpt lat="48.45369" lon="18.635085"><ele>356</ele></trkpt>
      <trkpt lat="48.453652" lon="18.63514"><ele>354</ele></trkpt>
      <trkpt lat="48.45363" lon="18.635223"><ele>353</ele></trkpt>
      <trkpt lat="48.453631" lon="18.63532"><ele>354</ele></trkpt>
      <trkpt lat="48.453633" lon="18.63536"><ele>352</ele></trkpt>
      <trkpt lat="48.453635" lon="18.6354"><ele>351</ele></trkpt>
      <trkpt lat="48.453635" lon="18.635446"><ele>352</ele></trkpt>
      <trkpt lat="48.453636" lon="18.635492"><ele>353</ele></trkpt>
      <trkpt lat="48.453634" lon="18.635537"><ele>352</ele></trkpt>
      <trkpt lat="48.453632" lon="18.635579"><ele>351</ele></trkpt>
      <trkpt lat="48.453615" lon="18.635649"><ele>351</ele></trkpt>
      <trkpt lat="48.453577" lon="18.635734"><ele>353</ele></trkpt>
      <trkpt lat="48.453534" lon="18.635808"><ele>354</ele></trkpt>
      <trkpt lat="48.453516" lon="18.63584"><ele>354</ele></trkpt>
      <trkpt lat="48.453502" lon="18.635867"><ele>353</ele></trkpt>
      <trkpt lat="48.453485" lon="18.635938"><ele>354</ele></trkpt>
      <trkpt lat="48.453492" lon="18.636052"><ele>354</ele></trkpt>
      <trkpt lat="48.453495" lon="18.63609"><ele>354</ele></trkpt>
      <trkpt lat="48.453497" lon="18.636125"><ele>354</ele></trkpt>
      <trkpt lat="48.453496" lon="18.636196"><ele>354</ele></trkpt>
      <trkpt lat="48.453493" lon="18.63624"><ele>354</ele></trkpt>
      <trkpt lat="48.453474" lon="18.636326"><ele>354</ele></trkpt>
      <trkpt lat="48.453462" lon="18.636373"><ele>355</ele></trkpt>
      <trkpt lat="48.453448" lon="18.636417"><ele>355</ele></trkpt>
      <trkpt lat="48.453423" lon="18.636486"><ele>353</ele></trkpt>
      <trkpt lat="48.453404" lon="18.636544"><ele>353</ele></trkpt>
      <trkpt lat="48.453394" lon="18.636578"><ele>352</ele></trkpt>
      <trkpt lat="48.453378" lon="18.636629"><ele>353</ele></trkpt>
      <trkpt lat="48.453365" lon="18.636702"><ele>352</ele></trkpt>
      <trkpt lat="48.45335" lon="18.636779"><ele>352</ele></trkpt>
      <trkpt lat="48.453336" lon="18.636867"><ele>353</ele></trkpt>
      <trkpt lat="48.453328" lon="18.636917"><ele>352</ele></trkpt>
      <trkpt lat="48.453321" lon="18.636978"><ele>352</ele></trkpt>
      <trkpt lat="48.453316" lon="18.63703"><ele>352</ele></trkpt>
      <trkpt lat="48.453313" lon="18.63707"><ele>351</ele></trkpt>
      <trkpt lat="48.453319" lon="18.637177"><ele>351</ele></trkpt>
      <trkpt lat="48.453306" lon="18.637275"><ele>351</ele></trkpt>
      <trkpt lat="48.45327" lon="18.637357"><ele>347</ele></trkpt>
      <trkpt lat="48.453191" lon="18.637467"><ele>345</ele></trkpt>
      <trkpt lat="48.453166" lon="18.637507"><ele>343</ele></trkpt>
      <trkpt lat="48.453145" lon="18.637544"><ele>343</ele></trkpt>
      <trkpt lat="48.453121" lon="18.637587"><ele>342</ele></trkpt>
      <trkpt lat="48.453095" lon="18.63763"><ele>342</ele></trkpt>
      <trkpt lat="48.453071" lon="18.637671"><ele>339</ele></trkpt>
      <trkpt lat="48.453046" lon="18.637705"><ele>339</ele></trkpt>
      <trkpt lat="48.452997" lon="18.637746"><ele>341</ele></trkpt>
      <trkpt lat="48.452931" lon="18.637807"><ele>337</ele></trkpt>
      <trkpt lat="48.452877" lon="18.63789"><ele>339</ele></trkpt>
      <trkpt lat="48.45286" lon="18.637917"><ele>339</ele></trkpt>
      <trkpt lat="48.452802" lon="18.637976"><ele>339</ele></trkpt>
      <trkpt lat="48.452734" lon="18.638019"><ele>338</ele></trkpt>
      <trkpt lat="48.452654" lon="18.638058"><ele>337</ele></trkpt>
      <trkpt lat="48.452594" lon="18.638078"><ele>338</ele></trkpt>
      <trkpt lat="48.45253" lon="18.638086"><ele>339</ele></trkpt>
      <trkpt lat="48.452478" lon="18.638101"><ele>339</ele></trkpt>
      <trkpt lat="48.452374" lon="18.638146"><ele>338</ele></trkpt>
      <trkpt lat="48.452341" lon="18.638159"><ele>344</ele></trkpt>
      <trkpt lat="48.452309" lon="18.63817"><ele>344</ele></trkpt>
      <trkpt lat="48.452282" lon="18.638182"><ele>343</ele></trkpt>
      <trkpt lat="48.452254" lon="18.638193"><ele>342</ele></trkpt>
      <trkpt lat="48.452201" lon="18.638215"><ele>342</ele></trkpt>
      <trkpt lat="48.452171" lon="18.638228"><ele>342</ele></trkpt>
      <trkpt lat="48.452141" lon="18.638239"><ele>343</ele></trkpt>
      <trkpt lat="48.452114" lon="18.638247"><ele>343</ele></trkpt>
      <trkpt lat="48.452089" lon="18.638255"><ele>342</ele></trkpt>
      <trkpt lat="48.452059" lon="18.638266"><ele>341</ele></trkpt>
      <trkpt lat="48.452028" lon="18.638278"><ele>341</ele></trkpt>
      <trkpt lat="48.452003" lon="18.63829"><ele>341</ele></trkpt>
      <trkpt lat="48.451965" lon="18.638311"><ele>341</ele></trkpt>
      <trkpt lat="48.451941" lon="18.638322"><ele>340</ele></trkpt>
      <trkpt lat="48.451918" lon="18.638334"><ele>340</ele></trkpt>
      <trkpt lat="48.451863" lon="18.638351"><ele>338</ele></trkpt>
      <trkpt lat="48.45183" lon="18.638361"><ele>339</ele></trkpt>
      <trkpt lat="48.451795" lon="18.63837"><ele>339</ele></trkpt>
      <trkpt lat="48.451736" lon="18.638394"><ele>337</ele></trkpt>
      <trkpt lat="48.451688" lon="18.638431"><ele>337</ele></trkpt>
      <trkpt lat="48.451636" lon="18.638489"><ele>333</ele></trkpt>
      <trkpt lat="48.451593" lon="18.638533"><ele>332</ele></trkpt>
      <trkpt lat="48.451486" lon="18.638575"><ele>330</ele></trkpt>
      <trkpt lat="48.451442" lon="18.63859"><ele>329</ele></trkpt>
      <trkpt lat="48.451389" lon="18.638628"><ele>326</ele></trkpt>
      <trkpt lat="48.451366" lon="18.638648"><ele>326</ele></trkpt>
      <trkpt lat="48.451283" lon="18.638709"><ele>320</ele></trkpt>
      <trkpt lat="48.451221" lon="18.63874"><ele>323</ele></trkpt>
      <trkpt lat="48.451158" lon="18.638761"><ele>323</ele></trkpt>
      <trkpt lat="48.45113" lon="18.638774"><ele>324</ele></trkpt>
      <trkpt lat="48.451081" lon="18.638784"><ele>322</ele></trkpt>
      <trkpt lat="48.451054" lon="18.638791"><ele>322</ele></trkpt>
      <trkpt lat="48.450987" lon="18.638827"><ele>322</ele></trkpt>
      <trkpt lat="48.450952" lon="18.638847"><ele>322</ele></trkpt>
      <trkpt lat="48.450918" lon="18.638865"><ele>322</ele></trkpt>
      <trkpt lat="48.450884" lon="18.638885"><ele>321</ele></trkpt>
      <trkpt lat="48.450845" lon="18.638909"><ele>321</ele></trkpt>
      <trkpt lat="48.450808" lon="18.638935"><ele>321</ele></trkpt>
      <trkpt lat="48.450733" lon="18.639002"><ele>322</ele></trkpt>
      <trkpt lat="48.450701" lon="18.639032"><ele>323</ele></trkpt>
      <trkpt lat="48.450645" lon="18.6391"><ele>324</ele></trkpt>
      <trkpt lat="48.450579" lon="18.639222"><ele>326</ele></trkpt>
      <trkpt lat="48.450554" lon="18.639267"><ele>326</ele></trkpt>
      <trkpt lat="48.450502" lon="18.639336"><ele>327</ele></trkpt>
      <trkpt lat="48.450472" lon="18.639382"><ele>326</ele></trkpt>
      <trkpt lat="48.450446" lon="18.639418"><ele>336</ele></trkpt>
      <trkpt lat="48.450419" lon="18.639451"><ele>334</ele></trkpt>
      <trkpt lat="48.450396" lon="18.639478"><ele>332</ele></trkpt>
      <trkpt lat="48.45035" lon="18.639496"><ele>332</ele></trkpt>
      <trkpt lat="48.450306" lon="18.639538"><ele>332</ele></trkpt>
      <trkpt lat="48.450257" lon="18.639592"><ele>333</ele></trkpt>
      <trkpt lat="48.4502" lon="18.63963"><ele>333</ele></trkpt>
      <trkpt lat="48.450174" lon="18.639652"><ele>333</ele></trkpt>
      <trkpt lat="48.450137" lon="18.639685"><ele>334</ele></trkpt>
      <trkpt lat="48.450113" lon="18.639708"><ele>333</ele></trkpt>
      <trkpt lat="48.45005" lon="18.639768"><ele>334</ele></trkpt>
      <trkpt lat="48.450014" lon="18.639817"><ele>334</ele></trkpt>
      <trkpt lat="48.449967" lon="18.639842"><ele>332</ele></trkpt>
      <trkpt lat="48.44994" lon="18.639855"><ele>333</ele></trkpt>
      <trkpt lat="48.449875" lon="18.6399"><ele>339</ele></trkpt>
      <trkpt lat="48.449852" lon="18.639915"><ele>338</ele></trkpt>
      <trkpt lat="48.449802" lon="18.639934"><ele>335</ele></trkpt>
      <trkpt lat="48.449724" lon="18.639946"><ele>334</ele></trkpt>
      <trkpt lat="48.449683" lon="18.639956"><ele>333</ele></trkpt>
      <trkpt lat="48.44963" lon="18.639956"><ele>336</ele></trkpt>
      <trkpt lat="48.449603" lon="18.639954"><ele>338</ele></trkpt>
      <trkpt lat="48.449556" lon="18.639964"><ele>338</ele></trkpt>
      <trkpt lat="48.449533" lon="18.639966"><ele>338</ele></trkpt>
      <trkpt lat="48.449475" lon="18.639978"><ele>338</ele></trkpt>
      <trkpt lat="48.44945" lon="18.639983"><ele>338</ele></trkpt>
      <trkpt lat="48.449411" lon="18.639995"><ele>338</ele></trkpt>
      <trkpt lat="48.449359" lon="18.640018"><ele>337</ele></trkpt>
      <trkpt lat="48.449336" lon="18.640025"><ele>337</ele></trkpt>
      <trkpt lat="48.449306" lon="18.640032"><ele>336</ele></trkpt>
      <trkpt lat="48.449272" lon="18.640038"><ele>337</ele></trkpt>
      <trkpt lat="48.449242" lon="18.640045"><ele>338</ele></trkpt>
      <trkpt lat="48.449214" lon="18.640053"><ele>338</ele></trkpt>
      <trkpt lat="48.449115" lon="18.640069"><ele>341</ele></trkpt>
      <trkpt lat="48.449065" lon="18.640098"><ele>342</ele></trkpt>
      <trkpt lat="48.449024" lon="18.640131"><ele>346</ele></trkpt>
      <trkpt lat="48.448972" lon="18.64015"><ele>347</ele></trkpt>
      <trkpt lat="48.448899" lon="18.640187"><ele>349</ele></trkpt>
      <trkpt lat="48.448872" lon="18.640202"><ele>348</ele></trkpt>
      <trkpt lat="48.448824" lon="18.640241"><ele>349</ele></trkpt>
      <trkpt lat="48.448783" lon="18.640287"><ele>349</ele></trkpt>
      <trkpt lat="48.448754" lon="18.640316"><ele>350</ele></trkpt>
      <trkpt lat="48.4487" lon="18.640359"><ele>352</ele></trkpt>
      <trkpt lat="48.448662" lon="18.640412"><ele>352</ele></trkpt>
      <trkpt lat="48.448635" lon="18.640444"><ele>352</ele></trkpt>
      <trkpt lat="48.448592" lon="18.640481"><ele>353</ele></trkpt>
      <trkpt lat="48.448548" lon="18.640526"><ele>354</ele></trkpt>
      <trkpt lat="48.448501" lon="18.640559"><ele>353</ele></trkpt>
      <trkpt lat="48.448446" lon="18.640592"><ele>353</ele></trkpt>
      <trkpt lat="48.448388" lon="18.640632"><ele>353</ele></trkpt>
      <trkpt lat="48.448368" lon="18.640648"><ele>353</ele></trkpt>
      <trkpt lat="48.448347" lon="18.640663"><ele>352</ele></trkpt>
      <trkpt lat="48.448291" lon="18.640715"><ele>350</ele></trkpt>
      <trkpt lat="48.448263" lon="18.640742"><ele>348</ele></trkpt>
      <trkpt lat="48.448203" lon="18.640773"><ele>344</ele></trkpt>
      <trkpt lat="48.44816" lon="18.640754"><ele>350</ele></trkpt>
      <trkpt lat="48.448114" lon="18.640762"><ele>347</ele></trkpt>
      <trkpt lat="48.448062" lon="18.640713"><ele>347</ele></trkpt>
      <trkpt lat="48.448044" lon="18.640691"><ele>345</ele></trkpt>
      <trkpt lat="48.447996" lon="18.640667"><ele>345</ele></trkpt>
      <trkpt lat="48.447943" lon="18.640723"><ele>347</ele></trkpt>
      <trkpt lat="48.447906" lon="18.64076"><ele>349</ele></trkpt>
      <trkpt lat="48.447845" lon="18.640786"><ele>351</ele></trkpt>
      <trkpt lat="48.447801" lon="18.640811"><ele>353</ele></trkpt>
      <trkpt lat="48.447749" lon="18.640833"><ele>354</ele></trkpt>
      <trkpt lat="48.44771" lon="18.640853"><ele>356</ele></trkpt>
      <trkpt lat="48.447657" lon="18.640859"><ele>356</ele></trkpt>
      <trkpt lat="48.447632" lon="18.640861"><ele>356</ele></trkpt>
      <trkpt lat="48.447594" lon="18.640862"><ele>355</ele></trkpt>
      <trkpt lat="48.44757" lon="18.640863"><ele>356</ele></trkpt>
      <trkpt lat="48.447522" lon="18.640872"><ele>356</ele></trkpt>
      <trkpt lat="48.447471" lon="18.640883"><ele>355</ele></trkpt>
      <trkpt lat="48.447445" lon="18.640889"><ele>356</ele></trkpt>
      <trkpt lat="48.447409" lon="18.640902"><ele>355</ele></trkpt>
      <trkpt lat="48.447368" lon="18.640911"><ele>353</ele></trkpt>
      <trkpt lat="48.447338" lon="18.640916"><ele>355</ele></trkpt>
      <trkpt lat="48.447292" lon="18.64094"><ele>356</ele></trkpt>
      <trkpt lat="48.447198" lon="18.640984"><ele>354</ele></trkpt>
      <trkpt lat="48.447172" lon="18.640995"><ele>354</ele></trkpt>
      <trkpt lat="48.44711" lon="18.641012"><ele>354</ele></trkpt>
      <trkpt lat="48.447064" lon="18.641031"><ele>355</ele></trkpt>
      <trkpt lat="48.447033" lon="18.641093"><ele>358</ele></trkpt>
      <trkpt lat="48.447057" lon="18.641164"><ele>359</ele></trkpt>
      <trkpt lat="48.447096" lon="18.641223"><ele>360</ele></trkpt>
      <trkpt lat="48.447163" lon="18.641285"><ele>363</ele></trkpt>
      <trkpt lat="48.447231" lon="18.641335"><ele>361</ele></trkpt>
      <trkpt lat="48.447276" lon="18.641393"><ele>362</ele></trkpt>
      <trkpt lat="48.447311" lon="18.641457"><ele>362</ele></trkpt>
      <trkpt lat="48.447334" lon="18.641519"><ele>363</ele></trkpt>
      <trkpt lat="48.447338" lon="18.641629"><ele>363</ele></trkpt>
      <trkpt lat="48.447367" lon="18.641691"><ele>359</ele></trkpt>
      <trkpt lat="48.447381" lon="18.641721"><ele>359</ele></trkpt>
      <trkpt lat="48.447425" lon="18.641792"><ele>359</ele></trkpt>
      <trkpt lat="48.447444" lon="18.641824"><ele>357</ele></trkpt>
      <trkpt lat="48.447486" lon="18.641876"><ele>356</ele></trkpt>
      <trkpt lat="48.447507" lon="18.641904"><ele>355</ele></trkpt>
      <trkpt lat="48.447557" lon="18.641986"><ele>355</ele></trkpt>
      <trkpt lat="48.447579" lon="18.64202"><ele>354</ele></trkpt>
      <trkpt lat="48.447629" lon="18.642074"><ele>353</ele></trkpt>
      <trkpt lat="48.447651" lon="18.642095"><ele>353</ele></trkpt>
      <trkpt lat="48.447719" lon="18.642153"><ele>357</ele></trkpt>
      <trkpt lat="48.447789" lon="18.64218"><ele>361</ele></trkpt>
      <trkpt lat="48.447819" lon="18.642193"><ele>363</ele></trkpt>
      <trkpt lat="48.447868" lon="18.642213"><ele>364</ele></trkpt>
      <trkpt lat="48.447894" lon="18.642221"><ele>364</ele></trkpt>
      <trkpt lat="48.447977" lon="18.6422"><ele>370</ele></trkpt>
      <trkpt lat="48.44807" lon="18.642209"><ele>371</ele></trkpt>
      <trkpt lat="48.448115" lon="18.642226"><ele>370</ele></trkpt>
      <trkpt lat="48.448288" lon="18.642276"><ele>371</ele></trkpt>
      <trkpt lat="48.44839" lon="18.642364"><ele>370</ele></trkpt>
      <trkpt lat="48.448416" lon="18.642387"><ele>371</ele></trkpt>
      <trkpt lat="48.448445" lon="18.642407"><ele>371</ele></trkpt>
      <trkpt lat="48.448476" lon="18.642427"><ele>371</ele></trkpt>
      <trkpt lat="48.448504" lon="18.642443"><ele>371</ele></trkpt>
      <trkpt lat="48.448558" lon="18.64248"><ele>372</ele></trkpt>
      <trkpt lat="48.448598" lon="18.642505"><ele>371</ele></trkpt>
      <trkpt lat="48.448658" lon="18.642522"><ele>372</ele></trkpt>
      <trkpt lat="48.448729" lon="18.642497"><ele>363</ele></trkpt>
      <trkpt lat="48.448779" lon="18.642464"><ele>367</ele></trkpt>
      <trkpt lat="48.448828" lon="18.642482"><ele>366</ele></trkpt>
      <trkpt lat="48.448878" lon="18.642465"><ele>365</ele></trkpt>
      <trkpt lat="48.448935" lon="18.64246"><ele>368</ele></trkpt>
      <trkpt lat="48.449022" lon="18.642517"><ele>372</ele></trkpt>
      <trkpt lat="48.449083" lon="18.642566"><ele>368</ele></trkpt>
      <trkpt lat="48.449113" lon="18.642588"><ele>371</ele></trkpt>
      <trkpt lat="48.449166" lon="18.642631"><ele>373</ele></trkpt>
      <trkpt lat="48.449192" lon="18.642654"><ele>374</ele></trkpt>
      <trkpt lat="48.449218" lon="18.642677"><ele>375</ele></trkpt>
      <trkpt lat="48.449259" lon="18.642729"><ele>377</ele></trkpt>
      <trkpt lat="48.449351" lon="18.642791"><ele>375</ele></trkpt>
      <trkpt lat="48.449413" lon="18.642823"><ele>375</ele></trkpt>
      <trkpt lat="48.449464" lon="18.642866"><ele>375</ele></trkpt>
      <trkpt lat="48.449511" lon="18.642919"><ele>376</ele></trkpt>
      <trkpt lat="48.44954" lon="18.64295"><ele>375</ele></trkpt>
      <trkpt lat="48.449561" lon="18.642974"><ele>369</ele></trkpt>
      <trkpt lat="48.449598" lon="18.643015"><ele>373</ele></trkpt>
      <trkpt lat="48.449622" lon="18.643044"><ele>372</ele></trkpt>
      <trkpt lat="48.449647" lon="18.643069"><ele>373</ele></trkpt>
      <trkpt lat="48.449669" lon="18.643089"><ele>374</ele></trkpt>
      <trkpt lat="48.44969" lon="18.643106"><ele>375</ele></trkpt>
      <trkpt lat="48.44971" lon="18.643123"><ele>376</ele></trkpt>
      <trkpt lat="48.449735" lon="18.643143"><ele>375</ele></trkpt>
      <trkpt lat="48.44976" lon="18.643159"><ele>375</ele></trkpt>
      <trkpt lat="48.449813" lon="18.643162"><ele>369</ele></trkpt>
      <trkpt lat="48.449853" lon="18.643163"><ele>371</ele></trkpt>
      <trkpt lat="48.449908" lon="18.64319"><ele>373</ele></trkpt>
      <trkpt lat="48.449955" lon="18.643244"><ele>375</ele></trkpt>
      <trkpt lat="48.449996" lon="18.643298"><ele>374</ele></trkpt>
      <trkpt lat="48.450065" lon="18.643375"><ele>375</ele></trkpt>
      <trkpt lat="48.45009" lon="18.643403"><ele>376</ele></trkpt>
      <trkpt lat="48.450116" lon="18.643433"><ele>377</ele></trkpt>
      <trkpt lat="48.450137" lon="18.643454"><ele>379</ele></trkpt>
      <trkpt lat="48.450208" lon="18.643487"><ele>378</ele></trkpt>
      <trkpt lat="48.45026" lon="18.643509"><ele>378</ele></trkpt>
      <trkpt lat="48.450317" lon="18.643542"><ele>378</ele></trkpt>
      <trkpt lat="48.450339" lon="18.643554"><ele>378</ele></trkpt>
      <trkpt lat="48.450416" lon="18.643595"><ele>376</ele></trkpt>
      <trkpt lat="48.450492" lon="18.643661"><ele>375</ele></trkpt>
      <trkpt lat="48.450544" lon="18.643684"><ele>372</ele></trkpt>
      <trkpt lat="48.450597" lon="18.643684"><ele>372</ele></trkpt>
      <trkpt lat="48.450642" lon="18.643713"><ele>371</ele></trkpt>
      <trkpt lat="48.450745" lon="18.64378"><ele>370</ele></trkpt>
      <trkpt lat="48.450792" lon="18.643791"><ele>373</ele></trkpt>
      <trkpt lat="48.450863" lon="18.643796"><ele>374</ele></trkpt>
      <trkpt lat="48.450949" lon="18.643823"><ele>376</ele></trkpt>
      <trkpt lat="48.451002" lon="18.64382"><ele>375</ele></trkpt>
      <trkpt lat="48.451047" lon="18.64383"><ele>373</ele></trkpt>
      <trkpt lat="48.451114" lon="18.643852"><ele>376</ele></trkpt>
      <trkpt lat="48.451161" lon="18.643852"><ele>376</ele></trkpt>
      <trkpt lat="48.451206" lon="18.643868"><ele>378</ele></trkpt>
      <trkpt lat="48.451253" lon="18.643895"><ele>379</ele></trkpt>
      <trkpt lat="48.451276" lon="18.643911"><ele>381</ele></trkpt>
      <trkpt lat="48.451358" lon="18.643985"><ele>381</ele></trkpt>
      <trkpt lat="48.451381" lon="18.644004"><ele>381</ele></trkpt>
      <trkpt lat="48.451404" lon="18.644024"><ele>382</ele></trkpt>
      <trkpt lat="48.451428" lon="18.644042"><ele>381</ele></trkpt>
      <trkpt lat="48.451478" lon="18.644066"><ele>380</ele></trkpt>
      <trkpt lat="48.451501" lon="18.644075"><ele>380</ele></trkpt>
      <trkpt lat="48.451541" lon="18.644126"><ele>380</ele></trkpt>
      <trkpt lat="48.451573" lon="18.644184"><ele>379</ele></trkpt>
      <trkpt lat="48.451609" lon="18.644231"><ele>379</ele></trkpt>
      <trkpt lat="48.45167" lon="18.644291"><ele>380</ele></trkpt>
      <trkpt lat="48.451693" lon="18.644316"><ele>380</ele></trkpt>
      <trkpt lat="48.451714" lon="18.644338"><ele>381</ele></trkpt>
      <trkpt lat="48.451754" lon="18.644375"><ele>381</ele></trkpt>
      <trkpt lat="48.451807" lon="18.644413"><ele>383</ele></trkpt>
      <trkpt lat="48.451835" lon="18.644435"><ele>385</ele></trkpt>
      <trkpt lat="48.45188" lon="18.64447"><ele>388</ele></trkpt>
      <trkpt lat="48.451925" lon="18.644504"><ele>385</ele></trkpt>
      <trkpt lat="48.451954" lon="18.644529"><ele>386</ele></trkpt>
      <trkpt lat="48.452017" lon="18.644565"><ele>388</ele></trkpt>
      <trkpt lat="48.452041" lon="18.644577"><ele>381</ele></trkpt>
      <trkpt lat="48.452098" lon="18.644621"><ele>376</ele></trkpt>
      <trkpt lat="48.452139" lon="18.644657"><ele>377</ele></trkpt>
      <trkpt lat="48.452161" lon="18.644676"><ele>378</ele></trkpt>
      <trkpt lat="48.452214" lon="18.644732"><ele>377</ele></trkpt>
      <trkpt lat="48.452268" lon="18.644803"><ele>380</ele></trkpt>
      <trkpt lat="48.452285" lon="18.644829"><ele>380</ele></trkpt>
      <trkpt lat="48.452301" lon="18.644857"><ele>379</ele></trkpt>
      <trkpt lat="48.452317" lon="18.644889"><ele>380</ele></trkpt>
      <trkpt lat="48.452346" lon="18.644946"><ele>378</ele></trkpt>
      <trkpt lat="48.45238" lon="18.645038"><ele>379</ele></trkpt>
      <trkpt lat="48.452411" lon="18.645241"><ele>374</ele></trkpt>
      <trkpt lat="48.452413" lon="18.645312"><ele>376</ele></trkpt>
      <trkpt lat="48.452413" lon="18.645353"><ele>377</ele></trkpt>
      <trkpt lat="48.452416" lon="18.6454"><ele>378</ele></trkpt>
      <trkpt lat="48.452421" lon="18.645485"><ele>381</ele></trkpt>
      <trkpt lat="48.45244" lon="18.645603"><ele>382</ele></trkpt>
      <trkpt lat="48.452459" lon="18.645685"><ele>382</ele></trkpt>
      <trkpt lat="48.452474" lon="18.645746"><ele>384</ele></trkpt>
      <trkpt lat="48.452475" lon="18.645825"><ele>387</ele></trkpt>
      <trkpt lat="48.452474" lon="18.645915"><ele>391</ele></trkpt>
      <trkpt lat="48.452493" lon="18.646007"><ele>394</ele></trkpt>
      <trkpt lat="48.452514" lon="18.646073"><ele>397</ele></trkpt>
      <trkpt lat="48.452507" lon="18.646147"><ele>400</ele></trkpt>
      <trkpt lat="48.452504" lon="18.646222"><ele>401</ele></trkpt>
      <trkpt lat="48.452476" lon="18.646367"><ele>386</ele></trkpt>
      <trkpt lat="48.452454" lon="18.646449"><ele>389</ele></trkpt>
      <trkpt lat="48.45238" lon="18.646567"><ele>393</ele></trkpt>
      <trkpt lat="48.452336" lon="18.646624"><ele>396</ele></trkpt>
      <trkpt lat="48.452311" lon="18.646659"><ele>396</ele></trkpt>
      <trkpt lat="48.452261" lon="18.646695"><ele>398</ele></trkpt>
      <trkpt lat="48.452235" lon="18.646712"><ele>402</ele></trkpt>
      <trkpt lat="48.452178" lon="18.646748"><ele>406</ele></trkpt>
      <trkpt lat="48.452122" lon="18.646762"><ele>408</ele></trkpt>
      <trkpt lat="48.452092" lon="18.646773"><ele>409</ele></trkpt>
      <trkpt lat="48.452064" lon="18.646779"><ele>411</ele></trkpt>
      <trkpt lat="48.452011" lon="18.646816"><ele>412</ele></trkpt>
      <trkpt lat="48.451973" lon="18.646866"><ele>412</ele></trkpt>
      <trkpt lat="48.451934" lon="18.646913"><ele>395</ele></trkpt>
      <trkpt lat="48.451876" lon="18.646964"><ele>404</ele></trkpt>
      <trkpt lat="48.451847" lon="18.646993"><ele>408</ele></trkpt>
      <trkpt lat="48.451812" lon="18.647059"><ele>412</ele></trkpt>
      <trkpt lat="48.451783" lon="18.647114"><ele>413</ele></trkpt>
      <trkpt lat="48.451726" lon="18.647153"><ele>416</ele></trkpt>
      <trkpt lat="48.451677" lon="18.647153"><ele>419</ele></trkpt>
      <trkpt lat="48.451613" lon="18.647179"><ele>417</ele></trkpt>
      <trkpt lat="48.451565" lon="18.647209"><ele>414</ele></trkpt>
      <trkpt lat="48.451508" lon="18.647262"><ele>416</ele></trkpt>
      <trkpt lat="48.451459" lon="18.647294"><ele>414</ele></trkpt>
      <trkpt lat="48.451435" lon="18.647307"><ele>415</ele></trkpt>
      <trkpt lat="48.451414" lon="18.647318"><ele>416</ele></trkpt>
      <trkpt lat="48.451349" lon="18.647378"><ele>417</ele></trkpt>
      <trkpt lat="48.451291" lon="18.647393"><ele>421</ele></trkpt>
      <trkpt lat="48.451252" lon="18.647401"><ele>422</ele></trkpt>
      <trkpt lat="48.451178" lon="18.647429"><ele>423</ele></trkpt>
      <trkpt lat="48.451144" lon="18.647441"><ele>424</ele></trkpt>
      <trkpt lat="48.451111" lon="18.647452"><ele>424</ele></trkpt>
      <trkpt lat="48.451039" lon="18.647468"><ele>427</ele></trkpt>
      <trkpt lat="48.450982" lon="18.647501"><ele>430</ele></trkpt>
      <trkpt lat="48.450922" lon="18.64751"><ele>427</ele></trkpt>
      <trkpt lat="48.450889" lon="18.647512"><ele>429</ele></trkpt>
      <trkpt lat="48.450843" lon="18.647511"><ele>428</ele></trkpt>
      <trkpt lat="48.450801" lon="18.647506"><ele>428</ele></trkpt>
      <trkpt lat="48.450768" lon="18.647506"><ele>429</ele></trkpt>
      <trkpt lat="48.450731" lon="18.647509"><ele>428</ele></trkpt>
      <trkpt lat="48.450685" lon="18.647507"><ele>419</ele></trkpt>
      <trkpt lat="48.450661" lon="18.647505"><ele>420</ele></trkpt>
      <trkpt lat="48.450618" lon="18.647474"><ele>410</ele></trkpt>
      <trkpt lat="48.450584" lon="18.647428"><ele>419</ele></trkpt>
      <trkpt lat="48.450564" lon="18.647404"><ele>420</ele></trkpt>
      <trkpt lat="48.450515" lon="18.64738"><ele>408</ele></trkpt>
      <trkpt lat="48.450469" lon="18.647364"><ele>418</ele></trkpt>
      <trkpt lat="48.450443" lon="18.647358"><ele>423</ele></trkpt>
      <trkpt lat="48.450388" lon="18.647369"><ele>427</ele></trkpt>
      <trkpt lat="48.450329" lon="18.647357"><ele>421</ele></trkpt>
      <trkpt lat="48.45027" lon="18.647351"><ele>424</ele></trkpt>
      <trkpt lat="48.450215" lon="18.647356"><ele>426</ele></trkpt>
      <trkpt lat="48.450152" lon="18.647341"><ele>418</ele></trkpt>
      <trkpt lat="48.450091" lon="18.647327"><ele>425</ele></trkpt>
      <trkpt lat="48.450056" lon="18.64732"><ele>426</ele></trkpt>
      <trkpt lat="48.450002" lon="18.647317"><ele>429</ele></trkpt>
      <trkpt lat="48.449936" lon="18.647295"><ele>430</ele></trkpt>
      <trkpt lat="48.449906" lon="18.647284"><ele>430</ele></trkpt>
      <trkpt lat="48.449883" lon="18.647277"><ele>432</ele></trkpt>
      <trkpt lat="48.449852" lon="18.647267"><ele>432</ele></trkpt>
      <trkpt lat="48.449817" lon="18.647253"><ele>432</ele></trkpt>
      <trkpt lat="48.449786" lon="18.647241"><ele>431</ele></trkpt>
      <trkpt lat="48.449721" lon="18.647232"><ele>431</ele></trkpt>
      <trkpt lat="48.449698" lon="18.647229"><ele>431</ele></trkpt>
      <trkpt lat="48.44965" lon="18.647197"><ele>435</ele></trkpt>
      <trkpt lat="48.449622" lon="18.647174"><ele>434</ele></trkpt>
      <trkpt lat="48.449579" lon="18.647151"><ele>434</ele></trkpt>
      <trkpt lat="48.44955" lon="18.647134"><ele>434</ele></trkpt>
      <trkpt lat="48.449506" lon="18.647096"><ele>435</ele></trkpt>
      <trkpt lat="48.44947" lon="18.647068"><ele>435</ele></trkpt>
      <trkpt lat="48.449409" lon="18.647045"><ele>435</ele></trkpt>
      <trkpt lat="48.449357" lon="18.647057"><ele>439</ele></trkpt>
      <trkpt lat="48.449312" lon="18.647065"><ele>433</ele></trkpt>
      <trkpt lat="48.449266" lon="18.647104"><ele>439</ele></trkpt>
      <trkpt lat="48.44924" lon="18.647122"><ele>441</ele></trkpt>
      <trkpt lat="48.449186" lon="18.647129"><ele>448</ele></trkpt>
      <trkpt lat="48.449134" lon="18.647107"><ele>454</ele></trkpt>
      <trkpt lat="48.449104" lon="18.647096"><ele>454</ele></trkpt>
      <trkpt lat="48.449068" lon="18.647086"><ele>452</ele></trkpt>
      <trkpt lat="48.449019" lon="18.647086"><ele>452</ele></trkpt>
      <trkpt lat="48.448969" lon="18.647062"><ele>439</ele></trkpt>
      <trkpt lat="48.448929" lon="18.647041"><ele>442</ele></trkpt>
      <trkpt lat="48.448907" lon="18.647034"><ele>449</ele></trkpt>
      <trkpt lat="48.448852" lon="18.647037"><ele>448</ele></trkpt>
      <trkpt lat="48.44881" lon="18.647041"><ele>449</ele></trkpt>
      <trkpt lat="48.448769" lon="18.647043"><ele>447</ele></trkpt>
      <trkpt lat="48.448701" lon="18.647026"><ele>451</ele></trkpt>
      <trkpt lat="48.448671" lon="18.647017"><ele>451</ele></trkpt>
      <trkpt lat="48.448617" lon="18.646973"><ele>452</ele></trkpt>
      <trkpt lat="48.448571" lon="18.646919"><ele>453</ele></trkpt>
      <trkpt lat="48.448526" lon="18.646893"><ele>450</ele></trkpt>
      <trkpt lat="48.448479" lon="18.6469"><ele>452</ele></trkpt>
      <trkpt lat="48.448426" lon="18.646894"><ele>454</ele></trkpt>
      <trkpt lat="48.448381" lon="18.646861"><ele>453</ele></trkpt>
      <trkpt lat="48.448355" lon="18.646838"><ele>454</ele></trkpt>
      <trkpt lat="48.448308" lon="18.646807"><ele>455</ele></trkpt>
      <trkpt lat="48.448268" lon="18.646779"><ele>452</ele></trkpt>
      <trkpt lat="48.448218" lon="18.646771"><ele>451</ele></trkpt>
      <trkpt lat="48.448148" lon="18.64674"><ele>454</ele></trkpt>
      <trkpt lat="48.44812" lon="18.646729"><ele>454</ele></trkpt>
      <trkpt lat="48.448053" lon="18.646723"><ele>454</ele></trkpt>
      <trkpt lat="48.448002" lon="18.646733"><ele>455</ele></trkpt>
      <trkpt lat="48.447957" lon="18.646745"><ele>455</ele></trkpt>
      <trkpt lat="48.447899" lon="18.646765"><ele>455</ele></trkpt>
      <trkpt lat="48.447865" lon="18.646777"><ele>455</ele></trkpt>
      <trkpt lat="48.447833" lon="18.646789"><ele>456</ele></trkpt>
      <trkpt lat="48.447771" lon="18.64678"><ele>454</ele></trkpt>
      <trkpt lat="48.447723" lon="18.64678"><ele>454</ele></trkpt>
      <trkpt lat="48.44769" lon="18.646781"><ele>454</ele></trkpt>
      <trkpt lat="48.447632" lon="18.646785"><ele>455</ele></trkpt>
      <trkpt lat="48.447583" lon="18.646763"><ele>455</ele></trkpt>
      <trkpt lat="48.447533" lon="18.646762"><ele>456</ele></trkpt>
      <trkpt lat="48.447469" lon="18.646791"><ele>437</ele></trkpt>
      <trkpt lat="48.447417" lon="18.646828"><ele>448</ele></trkpt>
      <trkpt lat="48.447388" lon="18.646844"><ele>452</ele></trkpt>
      <trkpt lat="48.447306" lon="18.646847"><ele>458</ele></trkpt>
      <trkpt lat="48.44726" lon="18.64684"><ele>460</ele></trkpt>
      <trkpt lat="48.447232" lon="18.646836"><ele>461</ele></trkpt>
      <trkpt lat="48.447168" lon="18.646838"><ele>460</ele></trkpt>
      <trkpt lat="48.447117" lon="18.646812"><ele>466</ele></trkpt>
      <trkpt lat="48.447061" lon="18.646809"><ele>465</ele></trkpt>
      <trkpt lat="48.447014" lon="18.646798"><ele>465</ele></trkpt>
      <trkpt lat="48.446966" lon="18.646777"><ele>429</ele></trkpt>
      <trkpt lat="48.446912" lon="18.646771"><ele>443</ele></trkpt>
      <trkpt lat="48.446887" lon="18.646768"><ele>445</ele></trkpt>
      <trkpt lat="48.446839" lon="18.64675"><ele>453</ele></trkpt>
      <trkpt lat="48.44678" lon="18.646713"><ele>460</ele></trkpt>
      <trkpt lat="48.446757" lon="18.646696"><ele>460</ele></trkpt>
      <trkpt lat="48.446735" lon="18.646682"><ele>461</ele></trkpt>
      <trkpt lat="48.446692" lon="18.646661"><ele>444</ele></trkpt>
      <trkpt lat="48.446632" lon="18.646641"><ele>450</ele></trkpt>
      <trkpt lat="48.446592" lon="18.64663"><ele>451</ele></trkpt>
      <trkpt lat="48.446511" lon="18.646628"><ele>457</ele></trkpt>
      <trkpt lat="48.446472" lon="18.64663"><ele>457</ele></trkpt>
      <trkpt lat="48.446423" lon="18.646608"><ele>459</ele></trkpt>
      <trkpt lat="48.446376" lon="18.646609"><ele>460</ele></trkpt>
      <trkpt lat="48.446346" lon="18.64661"><ele>459</ele></trkpt>
      <trkpt lat="48.446324" lon="18.64655"><ele>456</ele></trkpt>
      <trkpt lat="48.446246" lon="18.646578"><ele>458</ele></trkpt>
      <trkpt lat="48.44622" lon="18.646588"><ele>463</ele></trkpt>
      <trkpt lat="48.446165" lon="18.646572"><ele>464</ele></trkpt>
      <trkpt lat="48.446122" lon="18.646542"><ele>434</ele></trkpt>
      <trkpt lat="48.446076" lon="18.646505"><ele>447</ele></trkpt>
      <trkpt lat="48.44603" lon="18.646497"><ele>452</ele></trkpt>
      <trkpt lat="48.445946" lon="18.646443"><ele>438</ele></trkpt>
      <trkpt lat="48.445892" lon="18.646431"><ele>453</ele></trkpt>
      <trkpt lat="48.44587" lon="18.646423"><ele>458</ele></trkpt>
      <trkpt lat="48.44583" lon="18.646404"><ele>462</ele></trkpt>
      <trkpt lat="48.445804" lon="18.646391"><ele>464</ele></trkpt>
      <trkpt lat="48.445772" lon="18.646376"><ele>466</ele></trkpt>
      <trkpt lat="48.445692" lon="18.646299"><ele>468</ele></trkpt>
      <trkpt lat="48.445635" lon="18.646262"><ele>471</ele></trkpt>
      <trkpt lat="48.44561" lon="18.646246"><ele>471</ele></trkpt>
      <trkpt lat="48.44559" lon="18.646231"><ele>472</ele></trkpt>
      <trkpt lat="48.445525" lon="18.646171"><ele>476</ele></trkpt>
      <trkpt lat="48.445504" lon="18.646111"><ele>484</ele></trkpt>
      <trkpt lat="48.445485" lon="18.646064"><ele>485</ele></trkpt>
      <trkpt lat="48.445433" lon="18.646023"><ele>484</ele></trkpt>
      <trkpt lat="48.445383" lon="18.645994"><ele>484</ele></trkpt>
      <trkpt lat="48.445323" lon="18.645927"><ele>485</ele></trkpt>
      <trkpt lat="48.445266" lon="18.64588"><ele>483</ele></trkpt>
      <trkpt lat="48.445221" lon="18.645823"><ele>485</ele></trkpt>
      <trkpt lat="48.445185" lon="18.64574"><ele>484</ele></trkpt>
      <trkpt lat="48.44517" lon="18.645707"><ele>484</ele></trkpt>
      <trkpt lat="48.445136" lon="18.64566"><ele>485</ele></trkpt>
      <trkpt lat="48.445096" lon="18.645611"><ele>486</ele></trkpt>
      <trkpt lat="48.445058" lon="18.645564"><ele>484</ele></trkpt>
      <trkpt lat="48.444997" lon="18.645544"><ele>484</ele></trkpt>
      <trkpt lat="48.444972" lon="18.645539"><ele>485</ele></trkpt>
      <trkpt lat="48.444942" lon="18.645528"><ele>484</ele></trkpt>
      <trkpt lat="48.444909" lon="18.645516"><ele>481</ele></trkpt>
      <trkpt lat="48.444841" lon="18.645483"><ele>482</ele></trkpt>
      <trkpt lat="48.444781" lon="18.64542"><ele>480</ele></trkpt>
      <trkpt lat="48.444708" lon="18.645373"><ele>481</ele></trkpt>
      <trkpt lat="48.444622" lon="18.645335"><ele>480</ele></trkpt>
      <trkpt lat="48.444598" lon="18.645322"><ele>481</ele></trkpt>
      <trkpt lat="48.444551" lon="18.645289"><ele>482</ele></trkpt>
      <trkpt lat="48.444507" lon="18.645267"><ele>482</ele></trkpt>
      <trkpt lat="48.444462" lon="18.645243"><ele>481</ele></trkpt>
      <trkpt lat="48.444397" lon="18.645165"><ele>481</ele></trkpt>
      <trkpt lat="48.44433" lon="18.645101"><ele>477</ele></trkpt>
      <trkpt lat="48.444265" lon="18.64505"><ele>479</ele></trkpt>
      <trkpt lat="48.444231" lon="18.645024"><ele>479</ele></trkpt>
      <trkpt lat="48.444148" lon="18.644977"><ele>475</ele></trkpt>
      <trkpt lat="48.444104" lon="18.644948"><ele>473</ele></trkpt>
      <trkpt lat="48.444067" lon="18.644921"><ele>475</ele></trkpt>
      <trkpt lat="48.444002" lon="18.644854"><ele>473</ele></trkpt>
      <trkpt lat="48.443938" lon="18.644794"><ele>473</ele></trkpt>
      <trkpt lat="48.443868" lon="18.64478"><ele>473</ele></trkpt>
      <trkpt lat="48.443811" lon="18.64478"><ele>473</ele></trkpt>
      <trkpt lat="48.443767" lon="18.644761"><ele>475</ele></trkpt>
      <trkpt lat="48.443717" lon="18.64471"><ele>473</ele></trkpt>
      <trkpt lat="48.443642" lon="18.644694"><ele>472</ele></trkpt>
      <trkpt lat="48.443584" lon="18.644697"><ele>472</ele></trkpt>
      <trkpt lat="48.443522" lon="18.644674"><ele>474</ele></trkpt>
      <trkpt lat="48.443485" lon="18.644662"><ele>472</ele></trkpt>
      <trkpt lat="48.443444" lon="18.644653"><ele>471</ele></trkpt>
      <trkpt lat="48.443382" lon="18.644621"><ele>471</ele></trkpt>
      <trkpt lat="48.443326" lon="18.64457"><ele>471</ele></trkpt>
      <trkpt lat="48.443272" lon="18.64454"><ele>471</ele></trkpt>
      <trkpt lat="48.443201" lon="18.644503"><ele>469</ele></trkpt>
      <trkpt lat="48.44316" lon="18.644479"><ele>469</ele></trkpt>
      <trkpt lat="48.443111" lon="18.644432"><ele>469</ele></trkpt>
      <trkpt lat="48.44309" lon="18.644413"><ele>468</ele></trkpt>
      <trkpt lat="48.443045" lon="18.644389"><ele>466</ele></trkpt>
      <trkpt lat="48.442965" lon="18.644329"><ele>462</ele></trkpt>
      <trkpt lat="48.442928" lon="18.64426"><ele>461</ele></trkpt>
      <trkpt lat="48.442892" lon="18.644177"><ele>422</ele></trkpt>
      <trkpt lat="48.442842" lon="18.644126"><ele>431</ele></trkpt>
      <trkpt lat="48.442816" lon="18.644099"><ele>434</ele></trkpt>
      <trkpt lat="48.442732" lon="18.644019"><ele>442</ele></trkpt>
      <trkpt lat="48.44267" lon="18.643987"><ele>445</ele></trkpt>
      <trkpt lat="48.442639" lon="18.643971"><ele>445</ele></trkpt>
      <trkpt lat="48.442597" lon="18.643953"><ele>445</ele></trkpt>
      <trkpt lat="48.442554" lon="18.643937"><ele>440</ele></trkpt>
      <trkpt lat="48.442515" lon="18.643926"><ele>439</ele></trkpt>
      <trkpt lat="48.442474" lon="18.643914"><ele>437</ele></trkpt>
      <trkpt lat="48.442429" lon="18.643897"><ele>436</ele></trkpt>
      <trkpt lat="48.442334" lon="18.643862"><ele>433</ele></trkpt>
      <trkpt lat="48.442301" lon="18.64385"><ele>431</ele></trkpt>
      <trkpt lat="48.442272" lon="18.643837"><ele>430</ele></trkpt>
      <trkpt lat="48.442242" lon="18.643826"><ele>409</ele></trkpt>
      <trkpt lat="48.442199" lon="18.643799"><ele>413</ele></trkpt>
      <trkpt lat="48.442159" lon="18.643773"><ele>417</ele></trkpt>
      <trkpt lat="48.442124" lon="18.643748"><ele>421</ele></trkpt>
      <trkpt lat="48.442069" lon="18.643693"><ele>424</ele></trkpt>
      <trkpt lat="48.442038" lon="18.643639"><ele>424</ele></trkpt>
      <trkpt lat="48.442003" lon="18.643578"><ele>423</ele></trkpt>
      <trkpt lat="48.441951" lon="18.643536"><ele>424</ele></trkpt>
      <trkpt lat="48.441928" lon="18.643518"><ele>423</ele></trkpt>
      <trkpt lat="48.44189" lon="18.643485"><ele>422</ele></trkpt>
      <trkpt lat="48.441863" lon="18.643408"><ele>419</ele></trkpt>
      <trkpt lat="48.44183" lon="18.643338"><ele>417</ele></trkpt>
      <trkpt lat="48.441791" lon="18.643275"><ele>413</ele></trkpt>
      <trkpt lat="48.441775" lon="18.643248"><ele>412</ele></trkpt>
      <trkpt lat="48.441753" lon="18.643186"><ele>401</ele></trkpt>
      <trkpt lat="48.441736" lon="18.643111"><ele>405</ele></trkpt>
      <trkpt lat="48.441689" lon="18.643061"><ele>406</ele></trkpt>
      <trkpt lat="48.441625" lon="18.643028"><ele>402</ele></trkpt>
      <trkpt lat="48.44158" lon="18.643007"><ele>405</ele></trkpt>
      <trkpt lat="48.441534" lon="18.643006"><ele>404</ele></trkpt>
      <trkpt lat="48.441489" lon="18.643007"><ele>400</ele></trkpt>
      <trkpt lat="48.44142" lon="18.642991"><ele>402</ele></trkpt>
      <trkpt lat="48.441314" lon="18.642969"><ele>396</ele></trkpt>
      <trkpt lat="48.441253" lon="18.642974"><ele>396</ele></trkpt>
      <trkpt lat="48.441199" lon="18.642965"><ele>397</ele></trkpt>
      <trkpt lat="48.441141" lon="18.642942"><ele>396</ele></trkpt>
      <trkpt lat="48.441074" lon="18.642913"><ele>399</ele></trkpt>
      <trkpt lat="48.441045" lon="18.642904"><ele>398</ele></trkpt>
      <trkpt lat="48.441019" lon="18.642897"><ele>398</ele></trkpt>
      <trkpt lat="48.440994" lon="18.642889"><ele>399</ele></trkpt>
      <trkpt lat="48.440943" lon="18.642895"><ele>400</ele></trkpt>
      <trkpt lat="48.440895" lon="18.642943"><ele>402</ele></trkpt>
      <trkpt lat="48.440873" lon="18.642962"><ele>402</ele></trkpt>
      <trkpt lat="48.440852" lon="18.64298"><ele>401</ele></trkpt>
      <trkpt lat="48.440809" lon="18.643017"><ele>401</ele></trkpt>
      <trkpt lat="48.440777" lon="18.643065"><ele>403</ele></trkpt>
      <trkpt lat="48.440726" lon="18.643091"><ele>405</ele></trkpt>
      <trkpt lat="48.440702" lon="18.643106"><ele>406</ele></trkpt>
      <trkpt lat="48.440699" lon="18.643179"><ele>391</ele></trkpt>
      <trkpt lat="48.440696" lon="18.643219"><ele>393</ele></trkpt>
      <trkpt lat="48.440681" lon="18.643293"><ele>399</ele></trkpt>
      <trkpt lat="48.440625" lon="18.643339"><ele>402</ele></trkpt>
      <trkpt lat="48.440597" lon="18.643358"><ele>403</ele></trkpt>
      <trkpt lat="48.440547" lon="18.643414"><ele>404</ele></trkpt>
      <trkpt lat="48.440496" lon="18.64345"><ele>405</ele></trkpt>
      <trkpt lat="48.44047" lon="18.643469"><ele>405</ele></trkpt>
      <trkpt lat="48.440447" lon="18.643485"><ele>406</ele></trkpt>
      <trkpt lat="48.44042" lon="18.643509"><ele>405</ele></trkpt>
      <trkpt lat="48.440389" lon="18.643531"><ele>407</ele></trkpt>
      <trkpt lat="48.440355" lon="18.643555"><ele>405</ele></trkpt>
      <trkpt lat="48.440292" lon="18.643594"><ele>404</ele></trkpt>
      <trkpt lat="48.440252" lon="18.643642"><ele>387</ele></trkpt>
      <trkpt lat="48.440201" lon="18.643671"><ele>393</ele></trkpt>
      <trkpt lat="48.440169" lon="18.643693"><ele>393</ele></trkpt>
      <trkpt lat="48.440063" lon="18.64377"><ele>396</ele></trkpt>
      <trkpt lat="48.44002" lon="18.643808"><ele>395</ele></trkpt>
      <trkpt lat="48.439962" lon="18.643844"><ele>398</ele></trkpt>
      <trkpt lat="48.439933" lon="18.64386"><ele>398</ele></trkpt>
      <trkpt lat="48.43988" lon="18.643919"><ele>397</ele></trkpt>
      <trkpt lat="48.439844" lon="18.643976"><ele>399</ele></trkpt>
      <trkpt lat="48.43981" lon="18.64402"><ele>399</ele></trkpt>
      <trkpt lat="48.439773" lon="18.644076"><ele>399</ele></trkpt>
      <trkpt lat="48.439765" lon="18.644158"><ele>397</ele></trkpt>
      <trkpt lat="48.439706" lon="18.644183"><ele>396</ele></trkpt>
      <trkpt lat="48.439664" lon="18.644226"><ele>395</ele></trkpt>
      <trkpt lat="48.439641" lon="18.644286"><ele>394</ele></trkpt>
      <trkpt lat="48.439635" lon="18.644353"><ele>394</ele></trkpt>
      <trkpt lat="48.439611" lon="18.644428"><ele>395</ele></trkpt>
      <trkpt lat="48.439559" lon="18.644487"><ele>397</ele></trkpt>
      <trkpt lat="48.439516" lon="18.644569"><ele>396</ele></trkpt>
      <trkpt lat="48.439498" lon="18.644634"><ele>396</ele></trkpt>
      <trkpt lat="48.439477" lon="18.644705"><ele>397</ele></trkpt>
      <trkpt lat="48.43946" lon="18.644758"><ele>397</ele></trkpt>
      <trkpt lat="48.43943" lon="18.644838"><ele>398</ele></trkpt>
      <trkpt lat="48.439414" lon="18.644879"><ele>400</ele></trkpt>
      <trkpt lat="48.439381" lon="18.64493"><ele>405</ele></trkpt>
      <trkpt lat="48.439355" lon="18.644969"><ele>406</ele></trkpt>
      <trkpt lat="48.439305" lon="18.644992"><ele>409</ele></trkpt>
      <trkpt lat="48.439275" lon="18.645063"><ele>411</ele></trkpt>
      <trkpt lat="48.439261" lon="18.645142"><ele>414</ele></trkpt>
      <trkpt lat="48.439253" lon="18.645181"><ele>414</ele></trkpt>
      <trkpt lat="48.439243" lon="18.645223"><ele>414</ele></trkpt>
      <trkpt lat="48.439234" lon="18.645302"><ele>415</ele></trkpt>
      <trkpt lat="48.439211" lon="18.645371"><ele>415</ele></trkpt>
      <trkpt lat="48.439198" lon="18.645412"><ele>418</ele></trkpt>
      <trkpt lat="48.439181" lon="18.645457"><ele>421</ele></trkpt>
      <trkpt lat="48.439121" lon="18.645482"><ele>424</ele></trkpt>
      <trkpt lat="48.439077" lon="18.64551"><ele>426</ele></trkpt>
      <trkpt lat="48.439041" lon="18.645562"><ele>424</ele></trkpt>
      <trkpt lat="48.439033" lon="18.645634"><ele>424</ele></trkpt>
      <trkpt lat="48.439036" lon="18.645664"><ele>425</ele></trkpt>
      <trkpt lat="48.439016" lon="18.645735"><ele>422</ele></trkpt>
      <trkpt lat="48.438991" lon="18.645791"><ele>419</ele></trkpt>
      <trkpt lat="48.438969" lon="18.645836"><ele>424</ele></trkpt>
      <trkpt lat="48.438936" lon="18.645937"><ele>431</ele></trkpt>
      <trkpt lat="48.438926" lon="18.645968"><ele>409</ele></trkpt>
      <trkpt lat="48.438921" lon="18.646049"><ele>423</ele></trkpt>
      <trkpt lat="48.438899" lon="18.646108"><ele>429</ele></trkpt>
      <trkpt lat="48.438863" lon="18.646171"><ele>433</ele></trkpt>
      <trkpt lat="48.438847" lon="18.646236"><ele>440</ele></trkpt>
      <trkpt lat="48.438812" lon="18.646328"><ele>441</ele></trkpt>
      <trkpt lat="48.438752" lon="18.646429"><ele>447</ele></trkpt>
      <trkpt lat="48.43871" lon="18.646461"><ele>448</ele></trkpt>
      <trkpt lat="48.438669" lon="18.646502"><ele>451</ele></trkpt>
      <trkpt lat="48.438639" lon="18.646556"><ele>450</ele></trkpt>
      <trkpt lat="48.438637" lon="18.646639"><ele>450</ele></trkpt>
      <trkpt lat="48.438643" lon="18.646715"><ele>451</ele></trkpt>
      <trkpt lat="48.438644" lon="18.64675"><ele>450</ele></trkpt>
      <trkpt lat="48.438632" lon="18.64684"><ele>432</ele></trkpt>
      <trkpt lat="48.438625" lon="18.646882"><ele>432</ele></trkpt>
      <trkpt lat="48.438632" lon="18.646949"><ele>438</ele></trkpt>
      <trkpt lat="48.438662" lon="18.647009"><ele>443</ele></trkpt>
      <trkpt lat="48.438677" lon="18.647075"><ele>444</ele></trkpt>
      <trkpt lat="48.438694" lon="18.64714"><ele>447</ele></trkpt>
      <trkpt lat="48.438675" lon="18.647211"><ele>450</ele></trkpt>
      <trkpt lat="48.438663" lon="18.647264"><ele>451</ele></trkpt>
      <trkpt lat="48.438635" lon="18.647347"><ele>451</ele></trkpt>
      <trkpt lat="48.438625" lon="18.647432"><ele>434</ele></trkpt>
      <trkpt lat="48.438621" lon="18.64749"><ele>440</ele></trkpt>
      <trkpt lat="48.438592" lon="18.647564"><ele>444</ele></trkpt>
      <trkpt lat="48.438581" lon="18.647633"><ele>438</ele></trkpt>
      <trkpt lat="48.438555" lon="18.647699"><ele>442</ele></trkpt>
      <trkpt lat="48.438533" lon="18.647772"><ele>418</ele></trkpt>
      <trkpt lat="48.438509" lon="18.647841"><ele>437</ele></trkpt>
      <trkpt lat="48.438488" lon="18.647929"><ele>445</ele></trkpt>
      <trkpt lat="48.438464" lon="18.64799"><ele>449</ele></trkpt>
      <trkpt lat="48.43848" lon="18.648079"><ele>453</ele></trkpt>
      <trkpt lat="48.438443" lon="18.648146"><ele>454</ele></trkpt>
      <trkpt lat="48.438422" lon="18.64819"><ele>454</ele></trkpt>
      <trkpt lat="48.438411" lon="18.648272"><ele>435</ele></trkpt>
      <trkpt lat="48.438403" lon="18.648324"><ele>446</ele></trkpt>
      <trkpt lat="48.438384" lon="18.648393"><ele>447</ele></trkpt>
      <trkpt lat="48.438373" lon="18.648473"><ele>453</ele></trkpt>
      <trkpt lat="48.438349" lon="18.648547"><ele>459</ele></trkpt>
      <trkpt lat="48.438326" lon="18.648616"><ele>464</ele></trkpt>
      <trkpt lat="48.4383" lon="18.648685"><ele>464</ele></trkpt>
      <trkpt lat="48.438242" lon="18.648684"><ele>469</ele></trkpt>
      <trkpt lat="48.438189" lon="18.648689"><ele>440</ele></trkpt>
      <trkpt lat="48.438141" lon="18.648711"><ele>450</ele></trkpt>
      <trkpt lat="48.438056" lon="18.64871"><ele>454</ele></trkpt>
      <trkpt lat="48.438013" lon="18.648682"><ele>455</ele></trkpt>
      <trkpt lat="48.437965" lon="18.648671"><ele>459</ele></trkpt>
      <trkpt lat="48.437907" lon="18.648675"><ele>458</ele></trkpt>
      <trkpt lat="48.437879" lon="18.648674"><ele>458</ele></trkpt>
      <trkpt lat="48.437832" lon="18.648665"><ele>461</ele></trkpt>
      <trkpt lat="48.437785" lon="18.648664"><ele>460</ele></trkpt>
      <trkpt lat="48.437715" lon="18.648644"><ele>427</ele></trkpt>
      <trkpt lat="48.437661" lon="18.648641"><ele>443</ele></trkpt>
      <trkpt lat="48.437594" lon="18.648644"><ele>450</ele></trkpt>
      <trkpt lat="48.437571" lon="18.648644"><ele>452</ele></trkpt>
      <trkpt lat="48.437533" lon="18.648647"><ele>453</ele></trkpt>
      <trkpt lat="48.437469" lon="18.648611"><ele>452</ele></trkpt>
      <trkpt lat="48.437424" lon="18.6486"><ele>451</ele></trkpt>
      <trkpt lat="48.437339" lon="18.648584"><ele>451</ele></trkpt>
      <trkpt lat="48.437314" lon="18.648581"><ele>451</ele></trkpt>
      <trkpt lat="48.437283" lon="18.648575"><ele>452</ele></trkpt>
      <trkpt lat="48.437208" lon="18.648576"><ele>452</ele></trkpt>
      <trkpt lat="48.437169" lon="18.648578"><ele>451</ele></trkpt>
      <trkpt lat="48.437133" lon="18.648579"><ele>451</ele></trkpt>
      <trkpt lat="48.437104" lon="18.648578"><ele>452</ele></trkpt>
      <trkpt lat="48.437073" lon="18.648575"><ele>452</ele></trkpt>
      <trkpt lat="48.437042" lon="18.648572"><ele>451</ele></trkpt>
      <trkpt lat="48.437015" lon="18.64857"><ele>450</ele></trkpt>
      <trkpt lat="48.436971" lon="18.648542"><ele>450</ele></trkpt>
      <trkpt lat="48.436946" lon="18.648524"><ele>451</ele></trkpt>
      <trkpt lat="48.436877" lon="18.648503"><ele>450</ele></trkpt>
      <trkpt lat="48.436818" lon="18.648493"><ele>451</ele></trkpt>
      <trkpt lat="48.43677" lon="18.648455"><ele>393</ele></trkpt>
      <trkpt lat="48.436723" lon="18.648441"><ele>406</ele></trkpt>
      <trkpt lat="48.436662" lon="18.648433"><ele>413</ele></trkpt>
      <trkpt lat="48.436585" lon="18.648417"><ele>420</ele></trkpt>
      <trkpt lat="48.43653" lon="18.648414"><ele>423</ele></trkpt>
      <trkpt lat="48.436396" lon="18.648419"><ele>386</ele></trkpt>
      <trkpt lat="48.436273" lon="18.648359"><ele>402</ele></trkpt>
      <trkpt lat="48.43621" lon="18.648321"><ele>410</ele></trkpt>
      <trkpt lat="48.436179" lon="18.648298"><ele>415</ele></trkpt>
      <trkpt lat="48.436136" lon="18.64827"><ele>426</ele></trkpt>
      <trkpt lat="48.436103" lon="18.648246"><ele>434</ele></trkpt>
      <trkpt lat="48.436066" lon="18.648195"><ele>435</ele></trkpt>
      <trkpt lat="48.436005" lon="18.648174"><ele>439</ele></trkpt>
      <trkpt lat="48.435921" lon="18.648181"><ele>436</ele></trkpt>
      <trkpt lat="48.435865" lon="18.648171"><ele>436</ele></trkpt>
      <trkpt lat="48.435829" lon="18.648169"><ele>437</ele></trkpt>
      <trkpt lat="48.435793" lon="18.648165"><ele>434</ele></trkpt>
      <trkpt lat="48.435693" lon="18.648161"><ele>435</ele></trkpt>
      <trkpt lat="48.435582" lon="18.648159"><ele>433</ele></trkpt>
      <trkpt lat="48.43548" lon="18.648168"><ele>387</ele></trkpt>
      <trkpt lat="48.435433" lon="18.648165"><ele>392</ele></trkpt>
      <trkpt lat="48.43513" lon="18.648043"><ele>394</ele></trkpt>
      <trkpt lat="48.435079" lon="18.648005"><ele>400</ele></trkpt>
      <trkpt lat="48.434983" lon="18.647925"><ele>407</ele></trkpt>
      <trkpt lat="48.43485" lon="18.647884"><ele>417</ele></trkpt>
      <trkpt lat="48.434777" lon="18.64784"><ele>418</ele></trkpt>
      <trkpt lat="48.434682" lon="18.647802"><ele>426</ele></trkpt>
      <trkpt lat="48.434621" lon="18.647756"><ele>423</ele></trkpt>
      <trkpt lat="48.434581" lon="18.647713"><ele>424</ele></trkpt>
      <trkpt lat="48.434526" lon="18.647661"><ele>421</ele></trkpt>
      <trkpt lat="48.43448" lon="18.647628"><ele>420</ele></trkpt>
      <trkpt lat="48.434416" lon="18.647623"><ele>419</ele></trkpt>
      <trkpt lat="48.434366" lon="18.647622"><ele>416</ele></trkpt>
      <trkpt lat="48.434339" lon="18.647621"><ele>416</ele></trkpt>
      <trkpt lat="48.434287" lon="18.647627"><ele>415</ele></trkpt>
      <trkpt lat="48.434241" lon="18.647631"><ele>412</ele></trkpt>
      <trkpt lat="48.434213" lon="18.647631"><ele>411</ele></trkpt>
      <trkpt lat="48.434147" lon="18.647632"><ele>410</ele></trkpt>
      <trkpt lat="48.43408" lon="18.647646"><ele>410</ele></trkpt>
      <trkpt lat="48.434012" lon="18.647676"><ele>409</ele></trkpt>
      <trkpt lat="48.433959" lon="18.647691"><ele>410</ele></trkpt>
      <trkpt lat="48.433907" lon="18.647698"><ele>410</ele></trkpt>
      <trkpt lat="48.433846" lon="18.647716"><ele>410</ele></trkpt>
      <trkpt lat="48.433822" lon="18.647723"><ele>410</ele></trkpt>
      <trkpt lat="48.433797" lon="18.647728"><ele>411</ele></trkpt>
      <trkpt lat="48.433735" lon="18.647757"><ele>411</ele></trkpt>
      <trkpt lat="48.433696" lon="18.647772"><ele>409</ele></trkpt>
      <trkpt lat="48.433625" lon="18.647785"><ele>408</ele></trkpt>
      <trkpt lat="48.433526" lon="18.647819"><ele>406</ele></trkpt>
      <trkpt lat="48.433461" lon="18.647809"><ele>405</ele></trkpt>
      <trkpt lat="48.433382" lon="18.647807"><ele>406</ele></trkpt>
      <trkpt lat="48.433343" lon="18.64781"><ele>405</ele></trkpt>
      <trkpt lat="48.433293" lon="18.647816"><ele>406</ele></trkpt>
      <trkpt lat="48.433241" lon="18.647833"><ele>403</ele></trkpt>
      <trkpt lat="48.433216" lon="18.64784"><ele>403</ele></trkpt>
      <trkpt lat="48.433165" lon="18.647851"><ele>403</ele></trkpt>
      <trkpt lat="48.433126" lon="18.64786"><ele>404</ele></trkpt>
      <trkpt lat="48.433101" lon="18.647864"><ele>409</ele></trkpt>
      <trkpt lat="48.433038" lon="18.647864"><ele>407</ele></trkpt>
      <trkpt lat="48.432969" lon="18.647901"><ele>406</ele></trkpt>
      <trkpt lat="48.432939" lon="18.647919"><ele>406</ele></trkpt>
      <trkpt lat="48.432912" lon="18.647936"><ele>405</ele></trkpt>
      <trkpt lat="48.432838" lon="18.647969"><ele>406</ele></trkpt>
      <trkpt lat="48.432789" lon="18.647975"><ele>404</ele></trkpt>
      <trkpt lat="48.432728" lon="18.64799"><ele>403</ele></trkpt>
      <trkpt lat="48.432704" lon="18.647994"><ele>403</ele></trkpt>
      <trkpt lat="48.432674" lon="18.648001"><ele>401</ele></trkpt>
      <trkpt lat="48.43261" lon="18.648015"><ele>401</ele></trkpt>
      <trkpt lat="48.432562" lon="18.648035"><ele>403</ele></trkpt>
      <trkpt lat="48.432434" lon="18.648072"><ele>398</ele></trkpt>
      <trkpt lat="48.432385" lon="18.648084"><ele>399</ele></trkpt>
      <trkpt lat="48.432339" lon="18.648078"><ele>397</ele></trkpt>
      <trkpt lat="48.432313" lon="18.648073"><ele>397</ele></trkpt>
      <trkpt lat="48.43229" lon="18.648071"><ele>398</ele></trkpt>
      <trkpt lat="48.432205" lon="18.64804"><ele>396</ele></trkpt>
      <trkpt lat="48.432084" lon="18.648067"><ele>400</ele></trkpt>
      <trkpt lat="48.432057" lon="18.648071"><ele>400</ele></trkpt>
      <trkpt lat="48.432034" lon="18.648077"><ele>400</ele></trkpt>
      <trkpt lat="48.431948" lon="18.648085"><ele>397</ele></trkpt>
      <trkpt lat="48.431913" lon="18.648084"><ele>397</ele></trkpt>
      <trkpt lat="48.431877" lon="18.64808"><ele>396</ele></trkpt>
      <trkpt lat="48.431801" lon="18.64806"><ele>393</ele></trkpt>
      <trkpt lat="48.431737" lon="18.648061"><ele>393</ele></trkpt>
      <trkpt lat="48.431667" lon="18.648079"><ele>391</ele></trkpt>
      <trkpt lat="48.431638" lon="18.648085"><ele>391</ele></trkpt>
      <trkpt lat="48.431609" lon="18.64809"><ele>391</ele></trkpt>
      <trkpt lat="48.431586" lon="18.648092"><ele>392</ele></trkpt>
      <trkpt lat="48.431535" lon="18.648081"><ele>392</ele></trkpt>
      <trkpt lat="48.431504" lon="18.648075"><ele>392</ele></trkpt>
      <trkpt lat="48.431476" lon="18.648072"><ele>390</ele></trkpt>
      <trkpt lat="48.431412" lon="18.648055"><ele>390</ele></trkpt>
      <trkpt lat="48.431359" lon="18.648047"><ele>389</ele></trkpt>
      <trkpt lat="48.431307" lon="18.64804"><ele>388</ele></trkpt>
      <trkpt lat="48.431237" lon="18.648033"><ele>388</ele></trkpt>
      <trkpt lat="48.431209" lon="18.648033"><ele>387</ele></trkpt>
      <trkpt lat="48.431185" lon="18.648032"><ele>387</ele></trkpt>
      <trkpt lat="48.431159" lon="18.648032"><ele>388</ele></trkpt>
      <trkpt lat="48.431132" lon="18.648031"><ele>388</ele></trkpt>
      <trkpt lat="48.4311" lon="18.648028"><ele>387</ele></trkpt>
      <trkpt lat="48.431005" lon="18.648055"><ele>384</ele></trkpt>
      <trkpt lat="48.430928" lon="18.648037"><ele>379</ele></trkpt>
      <trkpt lat="48.430847" lon="18.647996"><ele>378</ele></trkpt>
      <trkpt lat="48.430819" lon="18.64798"><ele>377</ele></trkpt>
      <trkpt lat="48.430748" lon="18.647955"><ele>376</ele></trkpt>
      <trkpt lat="48.430686" lon="18.647942"><ele>377</ele></trkpt>
      <trkpt lat="48.430628" lon="18.647931"><ele>375</ele></trkpt>
      <trkpt lat="48.430528" lon="18.647941"><ele>373</ele></trkpt>
      <trkpt lat="48.430502" lon="18.647942"><ele>381</ele></trkpt>
      <trkpt lat="48.430476" lon="18.647941"><ele>379</ele></trkpt>
      <trkpt lat="48.430441" lon="18.647936"><ele>378</ele></trkpt>
      <trkpt lat="48.430407" lon="18.647932"><ele>377</ele></trkpt>
      <trkpt lat="48.430264" lon="18.647946"><ele>375</ele></trkpt>
      <trkpt lat="48.430229" lon="18.647949"><ele>374</ele></trkpt>
      <trkpt lat="48.430186" lon="18.647957"><ele>380</ele></trkpt>
      <trkpt lat="48.43016" lon="18.647963"><ele>378</ele></trkpt>
      <trkpt lat="48.43013" lon="18.647968"><ele>379</ele></trkpt>
      <trkpt lat="48.43" lon="18.648012"><ele>378</ele></trkpt>
      <trkpt lat="48.42996" lon="18.648024"><ele>378</ele></trkpt>
      <trkpt lat="48.42993" lon="18.648035"><ele>378</ele></trkpt>
      <trkpt lat="48.429874" lon="18.64805"><ele>380</ele></trkpt>
      <trkpt lat="48.429803" lon="18.648077"><ele>376</ele></trkpt>
      <trkpt lat="48.429721" lon="18.648088"><ele>378</ele></trkpt>
      <trkpt lat="48.429699" lon="18.648093"><ele>378</ele></trkpt>
      <trkpt lat="48.42967" lon="18.648099"><ele>379</ele></trkpt>
      <trkpt lat="48.429608" lon="18.648114"><ele>381</ele></trkpt>
      <trkpt lat="48.429577" lon="18.648118"><ele>382</ele></trkpt>
      <trkpt lat="48.429522" lon="18.648147"><ele>382</ele></trkpt>
      <trkpt lat="48.429461" lon="18.64817"><ele>384</ele></trkpt>
      <trkpt lat="48.429432" lon="18.648183"><ele>384</ele></trkpt>
      <trkpt lat="48.42941" lon="18.648196"><ele>383</ele></trkpt>
      <trkpt lat="48.42938" lon="18.648215"><ele>383</ele></trkpt>
      <trkpt lat="48.429291" lon="18.648342"><ele>382</ele></trkpt>
      <trkpt lat="48.429254" lon="18.648425"><ele>383</ele></trkpt>
      <trkpt lat="48.429225" lon="18.648483"><ele>385</ele></trkpt>
      <trkpt lat="48.429184" lon="18.648559"><ele>383</ele></trkpt>
      <trkpt lat="48.429131" lon="18.64862"><ele>383</ele></trkpt>
      <trkpt lat="48.429056" lon="18.648679"><ele>380</ele></trkpt>
      <trkpt lat="48.429012" lon="18.648704"><ele>384</ele></trkpt>
      <trkpt lat="48.428925" lon="18.648592"><ele>380</ele></trkpt>
      <trkpt lat="48.428837" lon="18.648558"><ele>380</ele></trkpt>
      <trkpt lat="48.428805" lon="18.648549"><ele>383</ele></trkpt>
      <trkpt lat="48.428746" lon="18.648489"><ele>380</ele></trkpt>
      <trkpt lat="48.428703" lon="18.648434"><ele>381</ele></trkpt>
      <trkpt lat="48.428655" lon="18.648393"><ele>382</ele></trkpt>
      <trkpt lat="48.428578" lon="18.64838"><ele>386</ele></trkpt>
      <trkpt lat="48.42852" lon="18.648344"><ele>384</ele></trkpt>
      <trkpt lat="48.428458" lon="18.648318"><ele>385</ele></trkpt>
      <trkpt lat="48.428393" lon="18.64825"><ele>382</ele></trkpt>
      <trkpt lat="48.428345" lon="18.648226"><ele>384</ele></trkpt>
      <trkpt lat="48.428299" lon="18.64818"><ele>381</ele></trkpt>
      <trkpt lat="48.428241" lon="18.648152"><ele>383</ele></trkpt>
      <trkpt lat="48.428153" lon="18.648094"><ele>381</ele></trkpt>
      <trkpt lat="48.428126" lon="18.648081"><ele>386</ele></trkpt>
      <trkpt lat="48.428076" lon="18.648042"><ele>386</ele></trkpt>
      <trkpt lat="48.428033" lon="18.647992"><ele>385</ele></trkpt>
      <trkpt lat="48.428012" lon="18.64797"><ele>384</ele></trkpt>
      <trkpt lat="48.427986" lon="18.647945"><ele>383</ele></trkpt>
      <trkpt lat="48.427962" lon="18.647919"><ele>385</ele></trkpt>
      <trkpt lat="48.427919" lon="18.647834"><ele>384</ele></trkpt>
      <trkpt lat="48.42789" lon="18.647721"><ele>381</ele></trkpt>
      <trkpt lat="48.427829" lon="18.647606"><ele>386</ele></trkpt>
      <trkpt lat="48.427768" lon="18.647555"><ele>382</ele></trkpt>
      <trkpt lat="48.427679" lon="18.647511"><ele>384</ele></trkpt>
      <trkpt lat="48.427643" lon="18.647489"><ele>385</ele></trkpt>
      <trkpt lat="48.427609" lon="18.647466"><ele>385</ele></trkpt>
      <trkpt lat="48.427578" lon="18.647447"><ele>387</ele></trkpt>
      <trkpt lat="48.427511" lon="18.647435"><ele>390</ele></trkpt>
      <trkpt lat="48.427427" lon="18.64744"><ele>389</ele></trkpt>
      <trkpt lat="48.427387" lon="18.647439"><ele>387</ele></trkpt>
      <trkpt lat="48.427344" lon="18.647405"><ele>388</ele></trkpt>
      <trkpt lat="48.427314" lon="18.647384"><ele>389</ele></trkpt>
      <trkpt lat="48.427265" lon="18.647405"><ele>386</ele></trkpt>
      <trkpt lat="48.427223" lon="18.647438"><ele>388</ele></trkpt>
      <trkpt lat="48.427179" lon="18.647476"><ele>390</ele></trkpt>
      <trkpt lat="48.427151" lon="18.647551"><ele>387</ele></trkpt>
      <trkpt lat="48.427101" lon="18.647579"><ele>393</ele></trkpt>
      <trkpt lat="48.427072" lon="18.647596"><ele>394</ele></trkpt>
      <trkpt lat="48.426996" lon="18.647697"><ele>394</ele></trkpt>
      <trkpt lat="48.426959" lon="18.647778"><ele>398</ele></trkpt>
      <trkpt lat="48.426945" lon="18.64786"><ele>399</ele></trkpt>
      <trkpt lat="48.426918" lon="18.647927"><ele>397</ele></trkpt>
      <trkpt lat="48.426899" lon="18.647967"><ele>396</ele></trkpt>
      <trkpt lat="48.42686" lon="18.648011"><ele>398</ele></trkpt>
      <trkpt lat="48.426824" lon="18.648081"><ele>399</ele></trkpt>
      <trkpt lat="48.426801" lon="18.648142"><ele>400</ele></trkpt>
      <trkpt lat="48.42678" lon="18.648209"><ele>400</ele></trkpt>
      <trkpt lat="48.426739" lon="18.648299"><ele>394</ele></trkpt>
      <trkpt lat="48.426721" lon="18.648341"><ele>392</ele></trkpt>
      <trkpt lat="48.426687" lon="18.648398"><ele>393</ele></trkpt>
      <trkpt lat="48.426653" lon="18.648498"><ele>394</ele></trkpt>
      <trkpt lat="48.426607" lon="18.64857"><ele>396</ele></trkpt>
      <trkpt lat="48.426579" lon="18.648628"><ele>396</ele></trkpt>
      <trkpt lat="48.426556" lon="18.648686"><ele>397</ele></trkpt>
      <trkpt lat="48.426508" lon="18.648748"><ele>396</ele></trkpt>
      <trkpt lat="48.426474" lon="18.64879"><ele>397</ele></trkpt>
      <trkpt lat="48.426454" lon="18.648817"><ele>395</ele></trkpt>
      <trkpt lat="48.426381" lon="18.648895"><ele>397</ele></trkpt>
      <trkpt lat="48.426357" lon="18.648968"><ele>400</ele></trkpt>
      <trkpt lat="48.426342" lon="18.649033"><ele>403</ele></trkpt>
      <trkpt lat="48.426313" lon="18.6491"><ele>403</ele></trkpt>
      <trkpt lat="48.426321" lon="18.6492"><ele>404</ele></trkpt>
      <trkpt lat="48.426307" lon="18.649288"><ele>406</ele></trkpt>
      <trkpt lat="48.426301" lon="18.64937"><ele>404</ele></trkpt>
      <trkpt lat="48.42628" lon="18.649442"><ele>406</ele></trkpt>
      <trkpt lat="48.426271" lon="18.649478"><ele>406</ele></trkpt>
      <trkpt lat="48.426247" lon="18.649541"><ele>406</ele></trkpt>
      <trkpt lat="48.426228" lon="18.649608"><ele>403</ele></trkpt>
      <trkpt lat="48.42624" lon="18.649696"><ele>401</ele></trkpt>
      <trkpt lat="48.426183" lon="18.649805"><ele>403</ele></trkpt>
      <trkpt lat="48.426135" lon="18.649848"><ele>406</ele></trkpt>
      <trkpt lat="48.426115" lon="18.649868"><ele>408</ele></trkpt>
      <trkpt lat="48.426081" lon="18.649953"><ele>409</ele></trkpt>
      <trkpt lat="48.426061" lon="18.650005"><ele>411</ele></trkpt>
      <trkpt lat="48.426004" lon="18.650072"><ele>405</ele></trkpt>
      <trkpt lat="48.425979" lon="18.650099"><ele>407</ele></trkpt>
      <trkpt lat="48.425936" lon="18.650133"><ele>410</ele></trkpt>
      <trkpt lat="48.425889" lon="18.650162"><ele>415</ele></trkpt>
      <trkpt lat="48.425856" lon="18.65018"><ele>420</ele></trkpt>
      <trkpt lat="48.425786" lon="18.650258"><ele>423</ele></trkpt>
      <trkpt lat="48.42576" lon="18.650286"><ele>427</ele></trkpt>
      <trkpt lat="48.425714" lon="18.650306"><ele>425</ele></trkpt>
      <trkpt lat="48.425637" lon="18.650363"><ele>427</ele></trkpt>
      <trkpt lat="48.425535" lon="18.650396"><ele>427</ele></trkpt>
      <trkpt lat="48.425486" lon="18.650435"><ele>429</ele></trkpt>
      <trkpt lat="48.425438" lon="18.650484"><ele>430</ele></trkpt>
      <trkpt lat="48.425389" lon="18.650505"><ele>433</ele></trkpt>
      <trkpt lat="48.425306" lon="18.650533"><ele>436</ele></trkpt>
      <trkpt lat="48.425247" lon="18.650562"><ele>436</ele></trkpt>
      <trkpt lat="48.425201" lon="18.65061"><ele>427</ele></trkpt>
      <trkpt lat="48.425145" lon="18.650634"><ele>428</ele></trkpt>
      <trkpt lat="48.425018" lon="18.650678"><ele>426</ele></trkpt>
      <trkpt lat="48.424968" lon="18.650703"><ele>426</ele></trkpt>
      <trkpt lat="48.424912" lon="18.650718"><ele>427</ele></trkpt>
      <trkpt lat="48.424876" lon="18.650729"><ele>426</ele></trkpt>
      <trkpt lat="48.424829" lon="18.650712"><ele>417</ele></trkpt>
      <trkpt lat="48.424804" lon="18.650706"><ele>422</ele></trkpt>
      <trkpt lat="48.424747" lon="18.650719"><ele>425</ele></trkpt>
      <trkpt lat="48.424702" lon="18.650724"><ele>427</ele></trkpt>
      <trkpt lat="48.424625" lon="18.65067"><ele>426</ele></trkpt>
      <trkpt lat="48.424567" lon="18.650662"><ele>416</ele></trkpt>
      <trkpt lat="48.424544" lon="18.650656"><ele>423</ele></trkpt>
      <trkpt lat="48.424489" lon="18.65063"><ele>427</ele></trkpt>
      <trkpt lat="48.424441" lon="18.650605"><ele>426</ele></trkpt>
      <trkpt lat="48.424419" lon="18.650594"><ele>423</ele></trkpt>
      <trkpt lat="48.424374" lon="18.650566"><ele>424</ele></trkpt>
      <trkpt lat="48.424311" lon="18.650507"><ele>424</ele></trkpt>
      <trkpt lat="48.424255" lon="18.650534"><ele>407</ele></trkpt>
      <trkpt lat="48.42421" lon="18.650568"><ele>411</ele></trkpt>
      <trkpt lat="48.424186" lon="18.650587"><ele>413</ele></trkpt>
      <trkpt lat="48.42416" lon="18.650605"><ele>415</ele></trkpt>
      <trkpt lat="48.424101" lon="18.650639"><ele>416</ele></trkpt>
      <trkpt lat="48.424079" lon="18.650654"><ele>419</ele></trkpt>
      <trkpt lat="48.424043" lon="18.650673"><ele>422</ele></trkpt>
      <trkpt lat="48.423997" lon="18.65068"><ele>425</ele></trkpt>
      <trkpt lat="48.423994" lon="18.650656"><ele>427</ele></trkpt>
      <trkpt lat="48.423938" lon="18.650662"><ele>430</ele></trkpt>
      <trkpt lat="48.423891" lon="18.650634"><ele>433</ele></trkpt>
      <trkpt lat="48.423837" lon="18.650602"><ele>435</ele></trkpt>
      <trkpt lat="48.423764" lon="18.650615"><ele>439</ele></trkpt>
      <trkpt lat="48.423716" lon="18.650636"><ele>439</ele></trkpt>
      <trkpt lat="48.423687" lon="18.650646"><ele>440</ele></trkpt>
      <trkpt lat="48.423644" lon="18.650621"><ele>441</ele></trkpt>
      <trkpt lat="48.423611" lon="18.65057"><ele>443</ele></trkpt>
      <trkpt lat="48.423566" lon="18.650567"><ele>420</ele></trkpt>
      <trkpt lat="48.423542" lon="18.650568"><ele>425</ele></trkpt>
      <trkpt lat="48.423503" lon="18.650573"><ele>435</ele></trkpt>
      <trkpt lat="48.423566" lon="18.650567"><ele>420</ele></trkpt>
      <trkpt lat="48.423521" lon="18.650547"><ele>442</ele></trkpt>
      <trkpt lat="48.423447" lon="18.650606"><ele>442</ele></trkpt>
      <trkpt lat="48.423373" lon="18.650653"><ele>443</ele></trkpt>
      <trkpt lat="48.423309" lon="18.65069"><ele>447</ele></trkpt>
      <trkpt lat="48.423287" lon="18.650702"><ele>447</ele></trkpt>
      <trkpt lat="48.423219" lon="18.650755"><ele>445</ele></trkpt>
      <trkpt lat="48.423165" lon="18.650813"><ele>444</ele></trkpt>
      <trkpt lat="48.423147" lon="18.650834"><ele>446</ele></trkpt>
      <trkpt lat="48.423112" lon="18.65088"><ele>450</ele></trkpt>
      <trkpt lat="48.423078" lon="18.650921"><ele>440</ele></trkpt>
      <trkpt lat="48.423058" lon="18.650945"><ele>444</ele></trkpt>
      <trkpt lat="48.423001" lon="18.651009"><ele>449</ele></trkpt>
      <trkpt lat="48.422972" lon="18.651076"><ele>458</ele></trkpt>
      <trkpt lat="48.422924" lon="18.651147"><ele>450</ele></trkpt>
      <trkpt lat="48.422882" lon="18.651212"><ele>459</ele></trkpt>
      <trkpt lat="48.422842" lon="18.651242"><ele>445</ele></trkpt>
      <trkpt lat="48.422798" lon="18.651261"><ele>460</ele></trkpt>
      <trkpt lat="48.422777" lon="18.651324"><ele>464</ele></trkpt>
      <trkpt lat="48.422801" lon="18.651382"><ele>465</ele></trkpt>
      <trkpt lat="48.422856" lon="18.65144"><ele>465</ele></trkpt>
      <trkpt lat="48.422862" lon="18.651524"><ele>464</ele></trkpt>
      <trkpt lat="48.42283" lon="18.65159"><ele>465</ele></trkpt>
      <trkpt lat="48.42279" lon="18.651642"><ele>467</ele></trkpt>
      <trkpt lat="48.422771" lon="18.651669"><ele>468</ele></trkpt>
      <trkpt lat="48.422752" lon="18.651697"><ele>468</ele></trkpt>
      <trkpt lat="48.422731" lon="18.651729"><ele>468</ele></trkpt>
      <trkpt lat="48.422711" lon="18.651756"><ele>437</ele></trkpt>
      <trkpt lat="48.42268" lon="18.651828"><ele>456</ele></trkpt>
      <trkpt lat="48.422659" lon="18.6519"><ele>461</ele></trkpt>
      <trkpt lat="48.422649" lon="18.651979"><ele>465</ele></trkpt>
      <trkpt lat="48.422632" lon="18.652052"><ele>466</ele></trkpt>
      <trkpt lat="48.422631" lon="18.652141"><ele>468</ele></trkpt>
      <trkpt lat="48.422638" lon="18.652209"><ele>469</ele></trkpt>
      <trkpt lat="48.422654" lon="18.652284"><ele>472</ele></trkpt>
      <trkpt lat="48.422666" lon="18.652366"><ele>473</ele></trkpt>
      <trkpt lat="48.422665" lon="18.652446"><ele>473</ele></trkpt>
      <trkpt lat="48.422629" lon="18.652516"><ele>450</ele></trkpt>
      <trkpt lat="48.4227" lon="18.652599"><ele>460</ele></trkpt>
      <trkpt lat="48.422714" lon="18.652681"><ele>466</ele></trkpt>
      <trkpt lat="48.422722" lon="18.652744"><ele>475</ele></trkpt>
      <trkpt lat="48.422748" lon="18.652813"><ele>479</ele></trkpt>
      <trkpt lat="48.422784" lon="18.652861"><ele>476</ele></trkpt>
      <trkpt lat="48.422812" lon="18.652928"><ele>480</ele></trkpt>
      <trkpt lat="48.422817" lon="18.652996"><ele>482</ele></trkpt>
      <trkpt lat="48.422809" lon="18.653075"><ele>483</ele></trkpt>
      <trkpt lat="48.422843" lon="18.653149"><ele>476</ele></trkpt>
      <trkpt lat="48.422896" lon="18.653181"><ele>477</ele></trkpt>
      <trkpt lat="48.422936" lon="18.653214"><ele>479</ele></trkpt>
      <trkpt lat="48.422968" lon="18.65327"><ele>479</ele></trkpt>
      <trkpt lat="48.42302" lon="18.653337"><ele>462</ele></trkpt>
      <trkpt lat="48.423027" lon="18.653425"><ele>465</ele></trkpt>
      <trkpt lat="48.423029" lon="18.653461"><ele>469</ele></trkpt>
      <trkpt lat="48.423119" lon="18.653442"><ele>475</ele></trkpt>
      <trkpt lat="48.423163" lon="18.653456"><ele>478</ele></trkpt>
      <trkpt lat="48.423218" lon="18.653492"><ele>478</ele></trkpt>
      <trkpt lat="48.423274" lon="18.653537"><ele>455</ele></trkpt>
      <trkpt lat="48.423327" lon="18.653534"><ele>472</ele></trkpt>
      <trkpt lat="48.423367" lon="18.65353"><ele>476</ele></trkpt>
      <trkpt lat="48.423407" lon="18.653563"><ele>483</ele></trkpt>
      <trkpt lat="48.42345" lon="18.65349"><ele>487</ele></trkpt>
      <trkpt lat="48.423498" lon="18.653534"><ele>495</ele></trkpt>
      <trkpt lat="48.423538" lon="18.653586"><ele>495</ele></trkpt>
      <trkpt lat="48.423584" lon="18.653623"><ele>495</ele></trkpt>
      <trkpt lat="48.423605" lon="18.653638"><ele>496</ele></trkpt>
      <trkpt lat="48.423663" lon="18.653654"><ele>495</ele></trkpt>
      <trkpt lat="48.423724" lon="18.653663"><ele>494</ele></trkpt>
      <trkpt lat="48.423754" lon="18.653665"><ele>494</ele></trkpt>
      <trkpt lat="48.423801" lon="18.653683"><ele>458</ele></trkpt>
      <trkpt lat="48.423844" lon="18.653724"><ele>483</ele></trkpt>
      <trkpt lat="48.42389" lon="18.653721"><ele>483</ele></trkpt>
      <trkpt lat="48.423937" lon="18.653786"><ele>488</ele></trkpt>
      <trkpt lat="48.423962" lon="18.653853"><ele>491</ele></trkpt>
      <trkpt lat="48.424013" lon="18.653864"><ele>475</ele></trkpt>
      <trkpt lat="48.424064" lon="18.653863"><ele>478</ele></trkpt>
      <trkpt lat="48.424124" lon="18.653902"><ele>453</ele></trkpt>
      <trkpt lat="48.424186" lon="18.653919"><ele>475</ele></trkpt>
      <trkpt lat="48.424255" lon="18.653896"><ele>479</ele></trkpt>
      <trkpt lat="48.424304" lon="18.653855"><ele>483</ele></trkpt>
      <trkpt lat="48.424355" lon="18.653923"><ele>487</ele></trkpt>
      <trkpt lat="48.424409" lon="18.653966"><ele>487</ele></trkpt>
      <trkpt lat="48.424457" lon="18.653984"><ele>491</ele></trkpt>
      <trkpt lat="48.424504" lon="18.653974"><ele>496</ele></trkpt>
      <trkpt lat="48.424563" lon="18.653981"><ele>493</ele></trkpt>
      <trkpt lat="48.42462" lon="18.654051"><ele>494</ele></trkpt>
      <trkpt lat="48.424641" lon="18.654143"><ele>496</ele></trkpt>
      <trkpt lat="48.424675" lon="18.654217"><ele>497</ele></trkpt>
      <trkpt lat="48.424719" lon="18.654257"><ele>501</ele></trkpt>
      <trkpt lat="48.424782" lon="18.654125"><ele>503</ele></trkpt>
      <trkpt lat="48.424836" lon="18.654097"><ele>502</ele></trkpt>
      <trkpt lat="48.424896" lon="18.654088"><ele>502</ele></trkpt>
      <trkpt lat="48.424944" lon="18.654016"><ele>505</ele></trkpt>
      <trkpt lat="48.425007" lon="18.654034"><ele>511</ele></trkpt>
      <trkpt lat="48.425052" lon="18.654082"><ele>477</ele></trkpt>
      <trkpt lat="48.425099" lon="18.654122"><ele>499</ele></trkpt>
      <trkpt lat="48.425144" lon="18.654184"><ele>503</ele></trkpt>
      <trkpt lat="48.425197" lon="18.65419"><ele>514</ele></trkpt>
      <trkpt lat="48.425235" lon="18.654154"><ele>514</ele></trkpt>
      <trkpt lat="48.425289" lon="18.654151"><ele>517</ele></trkpt>
      <trkpt lat="48.425331" lon="18.654144"><ele>517</ele></trkpt>
      <trkpt lat="48.425363" lon="18.654138"><ele>518</ele></trkpt>
      <trkpt lat="48.425391" lon="18.654193"><ele>487</ele></trkpt>
      <trkpt lat="48.425439" lon="18.654219"><ele>503</ele></trkpt>
      <trkpt lat="48.4255" lon="18.654198"><ele>509</ele></trkpt>
      <trkpt lat="48.425548" lon="18.654211"><ele>517</ele></trkpt>
      <trkpt lat="48.425596" lon="18.654238"><ele>522</ele></trkpt>
      <trkpt lat="48.425629" lon="18.654256"><ele>522</ele></trkpt>
      <trkpt lat="48.425676" lon="18.654271"><ele>523</ele></trkpt>
      <trkpt lat="48.425726" lon="18.654274"><ele>525</ele></trkpt>
      <trkpt lat="48.425767" lon="18.654302"><ele>525</ele></trkpt>
      <trkpt lat="48.425813" lon="18.654345"><ele>527</ele></trkpt>
      <trkpt lat="48.425865" lon="18.654356"><ele>528</ele></trkpt>
      <trkpt lat="48.425915" lon="18.654377"><ele>527</ele></trkpt>
      <trkpt lat="48.425966" lon="18.654377"><ele>529</ele></trkpt>
      <trkpt lat="48.426018" lon="18.654393"><ele>529</ele></trkpt>
      <trkpt lat="48.426072" lon="18.654423"><ele>529</ele></trkpt>
      <trkpt lat="48.426103" lon="18.654473"><ele>530</ele></trkpt>
      <trkpt lat="48.426146" lon="18.654507"><ele>535</ele></trkpt>
      <trkpt lat="48.426198" lon="18.654531"><ele>537</ele></trkpt>
      <trkpt lat="48.426236" lon="18.654577"><ele>536</ele></trkpt>
      <trkpt lat="48.426281" lon="18.654599"><ele>535</ele></trkpt>
      <trkpt lat="48.426331" lon="18.65461"><ele>480</ele></trkpt>
      <trkpt lat="48.426383" lon="18.654608"><ele>512</ele></trkpt>
      <trkpt lat="48.426437" lon="18.654667"><ele>525</ele></trkpt>
      <trkpt lat="48.426497" lon="18.654687"><ele>532</ele></trkpt>
      <trkpt lat="48.426531" lon="18.654693"><ele>536</ele></trkpt>
      <trkpt lat="48.426587" lon="18.654733"><ele>540</ele></trkpt>
      <trkpt lat="48.426614" lon="18.654755"><ele>544</ele></trkpt>
      <trkpt lat="48.426653" lon="18.654803"><ele>549</ele></trkpt>
      <trkpt lat="48.426692" lon="18.654879"><ele>548</ele></trkpt>
      <trkpt lat="48.42674" lon="18.654906"><ele>511</ele></trkpt>
      <trkpt lat="48.426801" lon="18.654968"><ele>538</ele></trkpt>
      <trkpt lat="48.426835" lon="18.655006"><ele>540</ele></trkpt>
      <trkpt lat="48.426866" lon="18.655036"><ele>517</ele></trkpt>
      <trkpt lat="48.426907" lon="18.655069"><ele>531</ele></trkpt>
      <trkpt lat="48.426954" lon="18.655113"><ele>539</ele></trkpt>
      <trkpt lat="48.427011" lon="18.65512"><ele>551</ele></trkpt>
      <trkpt lat="48.427052" lon="18.655183"><ele>551</ele></trkpt>
      <trkpt lat="48.427074" lon="18.655219"><ele>512</ele></trkpt>
      <trkpt lat="48.427122" lon="18.655254"><ele>533</ele></trkpt>
      <trkpt lat="48.42719" lon="18.65531"><ele>539</ele></trkpt>
      <trkpt lat="48.427201" lon="18.655385"><ele>548</ele></trkpt>
      <trkpt lat="48.427237" lon="18.65545"><ele>553</ele></trkpt>
      <trkpt lat="48.427272" lon="18.655497"><ele>551</ele></trkpt>
      <trkpt lat="48.427326" lon="18.655515"><ele>555</ele></trkpt>
      <trkpt lat="48.427358" lon="18.655568"><ele>558</ele></trkpt>
      <trkpt lat="48.427402" lon="18.655611"><ele>557</ele></trkpt>
      <trkpt lat="48.427428" lon="18.655666"><ele>560</ele></trkpt>
      <trkpt lat="48.427476" lon="18.655696"><ele>561</ele></trkpt>
      <trkpt lat="48.427521" lon="18.655741"><ele>560</ele></trkpt>
      <trkpt lat="48.427573" lon="18.655805"><ele>527</ele></trkpt>
      <trkpt lat="48.427619" lon="18.655825"><ele>549</ele></trkpt>
      <trkpt lat="48.427664" lon="18.655867"><ele>530</ele></trkpt>
      <trkpt lat="48.427677" lon="18.655935"><ele>545</ele></trkpt>
      <trkpt lat="48.427716" lon="18.655982"><ele>551</ele></trkpt>
      <trkpt lat="48.427758" lon="18.656018"><ele>562</ele></trkpt>
      <trkpt lat="48.427771" lon="18.656083"><ele>564</ele></trkpt>
      <trkpt lat="48.427799" lon="18.656137"><ele>569</ele></trkpt>
      <trkpt lat="48.427824" lon="18.656181"><ele>570</ele></trkpt>
      <trkpt lat="48.427887" lon="18.656183"><ele>538</ele></trkpt>
      <trkpt lat="48.42793" lon="18.656235"><ele>552</ele></trkpt>
      <trkpt lat="48.427967" lon="18.656292"><ele>511</ele></trkpt>
      <trkpt lat="48.427999" lon="18.656372"><ele>554</ele></trkpt>
      <trkpt lat="48.428034" lon="18.656424"><ele>566</ele></trkpt>
      <trkpt lat="48.42806" lon="18.65649"><ele>576</ele></trkpt>
      <trkpt lat="48.428081" lon="18.656561"><ele>577</ele></trkpt>
      <trkpt lat="48.428109" lon="18.656639"><ele>577</ele></trkpt>
      <trkpt lat="48.428124" lon="18.656687"><ele>505</ele></trkpt>
      <trkpt lat="48.428142" lon="18.656765"><ele>539</ele></trkpt>
      <trkpt lat="48.428171" lon="18.656817"><ele>554</ele></trkpt>
      <trkpt lat="48.428187" lon="18.656845"><ele>572</ele></trkpt>
      <trkpt lat="48.428206" lon="18.656917"><ele>584</ele></trkpt>
      <trkpt lat="48.428255" lon="18.656937"><ele>582</ele></trkpt>
      <trkpt lat="48.42831" lon="18.656974"><ele>584</ele></trkpt>
      <trkpt lat="48.428358" lon="18.656995"><ele>585</ele></trkpt>
      <trkpt lat="48.428384" lon="18.65706"><ele>588</ele></trkpt>
      <trkpt lat="48.4284" lon="18.657104"><ele>591</ele></trkpt>
      <trkpt lat="48.428409" lon="18.657172"><ele>533</ele></trkpt>
      <trkpt lat="48.428437" lon="18.657227"><ele>574</ele></trkpt>
      <trkpt lat="48.428436" lon="18.657334"><ele>589</ele></trkpt>
      <trkpt lat="48.42848" lon="18.657378"><ele>597</ele></trkpt>
      <trkpt lat="48.428536" lon="18.65741"><ele>597</ele></trkpt>
      <trkpt lat="48.428576" lon="18.657456"><ele>595</ele></trkpt>
      <trkpt lat="48.428627" lon="18.657501"><ele>598</ele></trkpt>
      <trkpt lat="48.428677" lon="18.657486"><ele>600</ele></trkpt>
      <trkpt lat="48.428726" lon="18.657512"><ele>599</ele></trkpt>
      <trkpt lat="48.428774" lon="18.657547"><ele>602</ele></trkpt>
      <trkpt lat="48.428822" lon="18.657562"><ele>535</ele></trkpt>
      <trkpt lat="48.428877" lon="18.657562"><ele>570</ele></trkpt>
      <trkpt lat="48.428932" lon="18.657594"><ele>580</ele></trkpt>
      <trkpt lat="48.429007" lon="18.657588"><ele>587</ele></trkpt>
      <trkpt lat="48.429053" lon="18.657584"><ele>592</ele></trkpt>
      <trkpt lat="48.429083" lon="18.657644"><ele>598</ele></trkpt>
      <trkpt lat="48.429132" lon="18.657663"><ele>604</ele></trkpt>
      <trkpt lat="48.429176" lon="18.657705"><ele>606</ele></trkpt>
      <trkpt lat="48.429249" lon="18.657704"><ele>606</ele></trkpt>
      <trkpt lat="48.429294" lon="18.657748"><ele>606</ele></trkpt>
      <trkpt lat="48.429341" lon="18.657747"><ele>607</ele></trkpt>
      <trkpt lat="48.429377" lon="18.657809"><ele>613</ele></trkpt>
      <trkpt lat="48.429404" lon="18.657877"><ele>614</ele></trkpt>
      <trkpt lat="48.42945" lon="18.657885"><ele>613</ele></trkpt>
      <trkpt lat="48.429493" lon="18.65791"><ele>615</ele></trkpt>
      <trkpt lat="48.429537" lon="18.65793"><ele>618</ele></trkpt>
      <trkpt lat="48.42956" lon="18.657943"><ele>616</ele></trkpt>
      <trkpt lat="48.429613" lon="18.657981"><ele>618</ele></trkpt>
      <trkpt lat="48.429651" lon="18.65804"><ele>620</ele></trkpt>
      <trkpt lat="48.429683" lon="18.658105"><ele>579</ele></trkpt>
      <trkpt lat="48.429731" lon="18.658115"><ele>594</ele></trkpt>
      <trkpt lat="48.429801" lon="18.658065"><ele>542</ele></trkpt>
      <trkpt lat="48.429849" lon="18.658117"><ele>582</ele></trkpt>
      <trkpt lat="48.429892" lon="18.658188"><ele>595</ele></trkpt>
      <trkpt lat="48.429956" lon="18.658241"><ele>598</ele></trkpt>
      <trkpt lat="48.43001" lon="18.658261"><ele>605</ele></trkpt>
      <trkpt lat="48.430039" lon="18.658293"><ele>538</ele></trkpt>
      <trkpt lat="48.43006" lon="18.658371"><ele>623</ele></trkpt>
      <trkpt lat="48.430112" lon="18.658381"><ele>619</ele></trkpt>
      <trkpt lat="48.43016" lon="18.658419"><ele>620</ele></trkpt>
      <trkpt lat="48.43021" lon="18.658415"><ele>620</ele></trkpt>
      <trkpt lat="48.430254" lon="18.658442"><ele>623</ele></trkpt>
      <trkpt lat="48.430301" lon="18.658455"><ele>526</ele></trkpt>
      <trkpt lat="48.43034" lon="18.658503"><ele>564</ele></trkpt>
      <trkpt lat="48.430379" lon="18.658541"><ele>576</ele></trkpt>
      <trkpt lat="48.430426" lon="18.658543"><ele>605</ele></trkpt>
      <trkpt lat="48.430467" lon="18.658578"><ele>604</ele></trkpt>
      <trkpt lat="48.430532" lon="18.65853"><ele>611</ele></trkpt>
      <trkpt lat="48.430578" lon="18.65856"><ele>620</ele></trkpt>
      <trkpt lat="48.430638" lon="18.658561"><ele>623</ele></trkpt>
      <trkpt lat="48.430668" lon="18.658561"><ele>625</ele></trkpt>
      <trkpt lat="48.430703" lon="18.658612"><ele>634</ele></trkpt>
      <trkpt lat="48.430719" lon="18.658638"><ele>524</ele></trkpt>
      <trkpt lat="48.430788" lon="18.658677"><ele>597</ele></trkpt>
      <trkpt lat="48.430816" lon="18.65869"><ele>606</ele></trkpt>
      <trkpt lat="48.430866" lon="18.658718"><ele>619</ele></trkpt>
      <trkpt lat="48.4309" lon="18.658737"><ele>625</ele></trkpt>
      <trkpt lat="48.430929" lon="18.658757"><ele>631</ele></trkpt>
      <trkpt lat="48.430972" lon="18.658736"><ele>640</ele></trkpt>
      <trkpt lat="48.431008" lon="18.658794"><ele>645</ele></trkpt>
      <trkpt lat="48.431045" lon="18.658878"><ele>642</ele></trkpt>
      <trkpt lat="48.431093" lon="18.658917"><ele>646</ele></trkpt>
      <trkpt lat="48.431129" lon="18.658966"><ele>646</ele></trkpt>
      <trkpt lat="48.431172" lon="18.658988"><ele>654</ele></trkpt>
      <trkpt lat="48.431217" lon="18.658953"><ele>656</ele></trkpt>
      <trkpt lat="48.431238" lon="18.658882"><ele>660</ele></trkpt>
      <trkpt lat="48.431267" lon="18.658778"><ele>662</ele></trkpt>
      <trkpt lat="48.431313" lon="18.658756"><ele>667</ele></trkpt>
      <trkpt lat="48.431337" lon="18.658678"><ele>667</ele></trkpt>
      <trkpt lat="48.431349" lon="18.658591"><ele>670</ele></trkpt>
      <trkpt lat="48.431377" lon="18.658512"><ele>671</ele></trkpt>
      <trkpt lat="48.431404" lon="18.658457"><ele>624</ele></trkpt>
      <trkpt lat="48.431443" lon="18.658408"><ele>630</ele></trkpt>
      <trkpt lat="48.431495" lon="18.658336"><ele>644</ele></trkpt>
      <trkpt lat="48.431535" lon="18.658263"><ele>652</ele></trkpt>
      <trkpt lat="48.431576" lon="18.658222"><ele>658</ele></trkpt>
      <trkpt lat="48.431611" lon="18.658191"><ele>663</ele></trkpt>
      <trkpt lat="48.431649" lon="18.658145"><ele>667</ele></trkpt>
      <trkpt lat="48.431684" lon="18.658101"><ele>666</ele></trkpt>
      <trkpt lat="48.431705" lon="18.658072"><ele>668</ele></trkpt>
      <trkpt lat="48.431759" lon="18.657994"><ele>666</ele></trkpt>
      <trkpt lat="48.431814" lon="18.657946"><ele>667</ele></trkpt>
      <trkpt lat="48.43189" lon="18.65789"><ele>668</ele></trkpt>
      <trkpt lat="48.431928" lon="18.657845"><ele>667</ele></trkpt>
      <trkpt lat="48.431993" lon="18.657778"><ele>666</ele></trkpt>
      <trkpt lat="48.432014" lon="18.657755"><ele>666</ele></trkpt>
      <trkpt lat="48.432035" lon="18.657728"><ele>666</ele></trkpt>
      <trkpt lat="48.432054" lon="18.657706"><ele>666</ele></trkpt>
      <trkpt lat="48.432074" lon="18.657685"><ele>666</ele></trkpt>
      <trkpt lat="48.432122" lon="18.657647"><ele>664</ele></trkpt>
      <trkpt lat="48.43219" lon="18.657593"><ele>663</ele></trkpt>
      <trkpt lat="48.432226" lon="18.657562"><ele>661</ele></trkpt>
      <trkpt lat="48.432297" lon="18.657514"><ele>660</ele></trkpt>
      <trkpt lat="48.432353" lon="18.657491"><ele>660</ele></trkpt>
      <trkpt lat="48.432377" lon="18.657481"><ele>660</ele></trkpt>
      <trkpt lat="48.43245" lon="18.657414"><ele>658</ele></trkpt>
      <trkpt lat="48.432531" lon="18.657287"><ele>659</ele></trkpt>
      <trkpt lat="48.432579" lon="18.657263"><ele>663</ele></trkpt>
      <trkpt lat="48.432621" lon="18.657227"><ele>663</ele></trkpt>
      <trkpt lat="48.432671" lon="18.657234"><ele>661</ele></trkpt>
      <trkpt lat="48.432716" lon="18.657219"><ele>665</ele></trkpt>
      <trkpt lat="48.432771" lon="18.657174"><ele>661</ele></trkpt>
      <trkpt lat="48.432844" lon="18.657132"><ele>663</ele></trkpt>
      <trkpt lat="48.432888" lon="18.657078"><ele>663</ele></trkpt>
      <trkpt lat="48.432934" lon="18.65704"><ele>663</ele></trkpt>
      <trkpt lat="48.432982" lon="18.657016"><ele>664</ele></trkpt>
      <trkpt lat="48.433027" lon="18.657007"><ele>664</ele></trkpt>
      <trkpt lat="48.433031" lon="18.657028"><ele>663</ele></trkpt>
      <trkpt lat="48.433087" lon="18.657011"><ele>662</ele></trkpt>
      <trkpt lat="48.433113" lon="18.657002"><ele>662</ele></trkpt>
      <trkpt lat="48.433177" lon="18.656994"><ele>661</ele></trkpt>
      <trkpt lat="48.433215" lon="18.656957"><ele>661</ele></trkpt>
      <trkpt lat="48.43326" lon="18.656973"><ele>662</ele></trkpt>
      <trkpt lat="48.433307" lon="18.657053"><ele>664</ele></trkpt>
      <trkpt lat="48.433347" lon="18.657123"><ele>663</ele></trkpt>
      <trkpt lat="48.433389" lon="18.657164"><ele>663</ele></trkpt>
      <trkpt lat="48.433417" lon="18.657193"><ele>666</ele></trkpt>
      <trkpt lat="48.433433" lon="18.657258"><ele>666</ele></trkpt>
      <trkpt lat="48.433487" lon="18.657297"><ele>664</ele></trkpt>
      <trkpt lat="48.433555" lon="18.657316"><ele>664</ele></trkpt>
      <trkpt lat="48.433594" lon="18.657352"><ele>661</ele></trkpt>
      <trkpt lat="48.433637" lon="18.657372"><ele>662</ele></trkpt>
      <trkpt lat="48.4337" lon="18.657336"><ele>661</ele></trkpt>
      <trkpt lat="48.433748" lon="18.657286"><ele>659</ele></trkpt>
      <trkpt lat="48.433803" lon="18.657264"><ele>659</ele></trkpt>
      <trkpt lat="48.433841" lon="18.65731"><ele>661</ele></trkpt>
      <trkpt lat="48.433867" lon="18.657346"><ele>662</ele></trkpt>
      <trkpt lat="48.433945" lon="18.657405"><ele>661</ele></trkpt>
      <trkpt lat="48.433989" lon="18.657469"><ele>662</ele></trkpt>
      <trkpt lat="48.434014" lon="18.657505"><ele>662</ele></trkpt>
      <trkpt lat="48.434038" lon="18.657536"><ele>662</ele></trkpt>
      <trkpt lat="48.434109" lon="18.657559"><ele>660</ele></trkpt>
      <trkpt lat="48.434161" lon="18.657583"><ele>662</ele></trkpt>
      <trkpt lat="48.434224" lon="18.657582"><ele>661</ele></trkpt>
      <trkpt lat="48.434272" lon="18.657605"><ele>662</ele></trkpt>
      <trkpt lat="48.434308" lon="18.657618"><ele>661</ele></trkpt>
      <trkpt lat="48.434354" lon="18.657623"><ele>662</ele></trkpt>
      <trkpt lat="48.434391" lon="18.65767"><ele>663</ele></trkpt>
      <trkpt lat="48.434445" lon="18.657688"><ele>665</ele></trkpt>
      <trkpt lat="48.434536" lon="18.657715"><ele>661</ele></trkpt>
      <trkpt lat="48.434589" lon="18.657789"><ele>661</ele></trkpt>
      <trkpt lat="48.434609" lon="18.657849"><ele>662</ele></trkpt>
      <trkpt lat="48.434647" lon="18.657974"><ele>661</ele></trkpt>
      <trkpt lat="48.434732" lon="18.658071"><ele>660</ele></trkpt>
      <trkpt lat="48.434778" lon="18.658086"><ele>659</ele></trkpt>
      <trkpt lat="48.434832" lon="18.658081"><ele>657</ele></trkpt>
      <trkpt lat="48.434877" lon="18.658108"><ele>655</ele></trkpt>
      <trkpt lat="48.434949" lon="18.658137"><ele>654</ele></trkpt>
      <trkpt lat="48.435" lon="18.658154"><ele>655</ele></trkpt>
      <trkpt lat="48.435022" lon="18.658161"><ele>656</ele></trkpt>
      <trkpt lat="48.435071" lon="18.658212"><ele>656</ele></trkpt>
      <trkpt lat="48.435119" lon="18.658287"><ele>658</ele></trkpt>
      <trkpt lat="48.435162" lon="18.658319"><ele>657</ele></trkpt>
      <trkpt lat="48.435247" lon="18.658305"><ele>658</ele></trkpt>
      <trkpt lat="48.435303" lon="18.658274"><ele>658</ele></trkpt>
      <trkpt lat="48.435342" lon="18.658233"><ele>657</ele></trkpt>
      <trkpt lat="48.435365" lon="18.658206"><ele>657</ele></trkpt>
      <trkpt lat="48.435385" lon="18.658185"><ele>656</ele></trkpt>
      <trkpt lat="48.435477" lon="18.658234"><ele>655</ele></trkpt>
      <trkpt lat="48.435521" lon="18.658283"><ele>652</ele></trkpt>
      <trkpt lat="48.435563" lon="18.658326"><ele>650</ele></trkpt>
      <trkpt lat="48.435581" lon="18.658348"><ele>651</ele></trkpt>
      <trkpt lat="48.435635" lon="18.6584"><ele>651</ele></trkpt>
      <trkpt lat="48.435708" lon="18.658443"><ele>647</ele></trkpt>
      <trkpt lat="48.435748" lon="18.658387"><ele>647</ele></trkpt>
      <trkpt lat="48.435772" lon="18.658353"><ele>647</ele></trkpt>
      <trkpt lat="48.435818" lon="18.658481"><ele>647</ele></trkpt>
      <trkpt lat="48.435878" lon="18.6584"><ele>657</ele></trkpt>
      <trkpt lat="48.435941" lon="18.658315"><ele>655</ele></trkpt>
      <trkpt lat="48.436088" lon="18.658067"><ele>655</ele></trkpt>
      <trkpt lat="48.436139" lon="18.658085"><ele>666</ele></trkpt>
      <trkpt lat="48.436176" lon="18.657977"><ele>670</ele></trkpt>
      <trkpt lat="48.436232" lon="18.657902"><ele>672</ele></trkpt>
      <trkpt lat="48.436274" lon="18.657863"><ele>674</ele></trkpt>
      <trkpt lat="48.436309" lon="18.657833"><ele>674</ele></trkpt>
      <trkpt lat="48.436376" lon="18.657818"><ele>671</ele></trkpt>
      <trkpt lat="48.436429" lon="18.65782"><ele>672</ele></trkpt>
      <trkpt lat="48.436489" lon="18.657798"><ele>673</ele></trkpt>
      <trkpt lat="48.436532" lon="18.657749"><ele>674</ele></trkpt>
      <trkpt lat="48.436566" lon="18.657679"><ele>674</ele></trkpt>
      <trkpt lat="48.436668" lon="18.657643"><ele>665</ele></trkpt>
      <trkpt lat="48.43672" lon="18.657622"><ele>667</ele></trkpt>
      <trkpt lat="48.43676" lon="18.657565"><ele>671</ele></trkpt>
      <trkpt lat="48.436793" lon="18.657521"><ele>672</ele></trkpt>
      <trkpt lat="48.436816" lon="18.657486"><ele>671</ele></trkpt>
      <trkpt lat="48.436836" lon="18.657423"><ele>674</ele></trkpt>
      <trkpt lat="48.436867" lon="18.657371"><ele>675</ele></trkpt>
      <trkpt lat="48.436883" lon="18.657345"><ele>676</ele></trkpt>
      <trkpt lat="48.436922" lon="18.657306"><ele>674</ele></trkpt>
      <trkpt lat="48.436962" lon="18.65726"><ele>673</ele></trkpt>
      <trkpt lat="48.437005" lon="18.657191"><ele>671</ele></trkpt>
      <trkpt lat="48.437048" lon="18.657134"><ele>669</ele></trkpt>
      <trkpt lat="48.437085" lon="18.657092"><ele>669</ele></trkpt>
      <trkpt lat="48.437125" lon="18.657032"><ele>670</ele></trkpt>
      <trkpt lat="48.43716" lon="18.656959"><ele>670</ele></trkpt>
      <trkpt lat="48.4372" lon="18.656894"><ele>670</ele></trkpt>
      <trkpt lat="48.437254" lon="18.656817"><ele>669</ele></trkpt>
      <trkpt lat="48.437296" lon="18.656764"><ele>668</ele></trkpt>
      <trkpt lat="48.437339" lon="18.656731"><ele>669</ele></trkpt>
      <trkpt lat="48.437376" lon="18.656685"><ele>668</ele></trkpt>
      <trkpt lat="48.437452" lon="18.656638"><ele>668</ele></trkpt>
      <trkpt lat="48.43748" lon="18.656619"><ele>670</ele></trkpt>
      <trkpt lat="48.43751" lon="18.6566"><ele>670</ele></trkpt>
      <trkpt lat="48.437534" lon="18.656587"><ele>671</ele></trkpt>
      <trkpt lat="48.4376" lon="18.656541"><ele>670</ele></trkpt>
      <trkpt lat="48.437623" lon="18.656523"><ele>671</ele></trkpt>
      <trkpt lat="48.437699" lon="18.656483"><ele>671</ele></trkpt>
      <trkpt lat="48.437725" lon="18.656471"><ele>669</ele></trkpt>
      <trkpt lat="48.43783" lon="18.656436"><ele>666</ele></trkpt>
      <trkpt lat="48.43791" lon="18.656368"><ele>667</ele></trkpt>
      <trkpt lat="48.43794" lon="18.656317"><ele>667</ele></trkpt>
      <trkpt lat="48.43802" lon="18.656233"><ele>666</ele></trkpt>
      <trkpt lat="48.438097" lon="18.656182"><ele>665</ele></trkpt>
      <trkpt lat="48.438129" lon="18.656161"><ele>664</ele></trkpt>
      <trkpt lat="48.438205" lon="18.656135"><ele>662</ele></trkpt>
      <trkpt lat="48.438292" lon="18.656094"><ele>661</ele></trkpt>
      <trkpt lat="48.438359" lon="18.656076"><ele>661</ele></trkpt>
      <trkpt lat="48.438404" lon="18.656069"><ele>660</ele></trkpt>
      <trkpt lat="48.438432" lon="18.656065"><ele>660</ele></trkpt>
      <trkpt lat="48.438501" lon="18.656063"><ele>658</ele></trkpt>
      <trkpt lat="48.438534" lon="18.656063"><ele>656</ele></trkpt>
      <trkpt lat="48.438608" lon="18.656044"><ele>652</ele></trkpt>
      <trkpt lat="48.438665" lon="18.656048"><ele>653</ele></trkpt>
      <trkpt lat="48.438729" lon="18.656028"><ele>651</ele></trkpt>
      <trkpt lat="48.438813" lon="18.655982"><ele>650</ele></trkpt>
      <trkpt lat="48.438876" lon="18.655951"><ele>648</ele></trkpt>
      <trkpt lat="48.438914" lon="18.655906"><ele>649</ele></trkpt>
      <trkpt lat="48.438948" lon="18.655863"><ele>651</ele></trkpt>
      <trkpt lat="48.439094" lon="18.655644"><ele>648</ele></trkpt>
      <trkpt lat="48.439162" lon="18.655608"><ele>646</ele></trkpt>
      <trkpt lat="48.439248" lon="18.655577"><ele>647</ele></trkpt>
      <trkpt lat="48.439294" lon="18.65553"><ele>644</ele></trkpt>
      <trkpt lat="48.439354" lon="18.655502"><ele>646</ele></trkpt>
      <trkpt lat="48.439419" lon="18.655499"><ele>649</ele></trkpt>
      <trkpt lat="48.439461" lon="18.655462"><ele>652</ele></trkpt>
      <trkpt lat="48.439491" lon="18.655408"><ele>653</ele></trkpt>
      <trkpt lat="48.439516" lon="18.655365"><ele>651</ele></trkpt>
      <trkpt lat="48.439603" lon="18.655279"><ele>649</ele></trkpt>
      <trkpt lat="48.439693" lon="18.655275"><ele>649</ele></trkpt>
      <trkpt lat="48.439788" lon="18.65534"><ele>646</ele></trkpt>
      <trkpt lat="48.439837" lon="18.655326"><ele>647</ele></trkpt>
      <trkpt lat="48.439918" lon="18.655253"><ele>647</ele></trkpt>
      <trkpt lat="48.439979" lon="18.655197"><ele>648</ele></trkpt>
      <trkpt lat="48.440021" lon="18.655143"><ele>650</ele></trkpt>
      <trkpt lat="48.440121" lon="18.655098"><ele>643</ele></trkpt>
      <trkpt lat="48.440149" lon="18.655082"><ele>643</ele></trkpt>
      <trkpt lat="48.440248" lon="18.655035"><ele>640</ele></trkpt>
      <trkpt lat="48.440285" lon="18.655016"><ele>640</ele></trkpt>
      <trkpt lat="48.440327" lon="18.654988"><ele>640</ele></trkpt>
      <trkpt lat="48.440371" lon="18.654959"><ele>640</ele></trkpt>
      <trkpt lat="48.440446" lon="18.654917"><ele>639</ele></trkpt>
      <trkpt lat="48.440516" lon="18.654891"><ele>636</ele></trkpt>
      <trkpt lat="48.440573" lon="18.654862"><ele>637</ele></trkpt>
      <trkpt lat="48.440628" lon="18.654878"><ele>635</ele></trkpt>
      <trkpt lat="48.440659" lon="18.654887"><ele>634</ele></trkpt>
      <trkpt lat="48.440689" lon="18.654893"><ele>632</ele></trkpt>
      <trkpt lat="48.440758" lon="18.654891"><ele>629</ele></trkpt>
      <trkpt lat="48.440833" lon="18.654885"><ele>628</ele></trkpt>
      <trkpt lat="48.440859" lon="18.654882"><ele>629</ele></trkpt>
      <trkpt lat="48.440882" lon="18.65488"><ele>629</ele></trkpt>
      <trkpt lat="48.440906" lon="18.654876"><ele>629</ele></trkpt>
      <trkpt lat="48.440936" lon="18.654874"><ele>628</ele></trkpt>
      <trkpt lat="48.441001" lon="18.654854"><ele>640</ele></trkpt>
      <trkpt lat="48.441094" lon="18.654805"><ele>633</ele></trkpt>
      <trkpt lat="48.441156" lon="18.654793"><ele>630</ele></trkpt>
      <trkpt lat="48.441244" lon="18.654729"><ele>628</ele></trkpt>
      <trkpt lat="48.441298" lon="18.654723"><ele>635</ele></trkpt>
      <trkpt lat="48.441326" lon="18.654718"><ele>631</ele></trkpt>
      <trkpt lat="48.441431" lon="18.654639"><ele>625</ele></trkpt>
      <trkpt lat="48.441502" lon="18.654628"><ele>623</ele></trkpt>
      <trkpt lat="48.441554" lon="18.654584"><ele>622</ele></trkpt>
      <trkpt lat="48.441586" lon="18.654557"><ele>622</ele></trkpt>
      <trkpt lat="48.441634" lon="18.654542"><ele>620</ele></trkpt>
      <trkpt lat="48.441691" lon="18.65457"><ele>618</ele></trkpt>
      <trkpt lat="48.441749" lon="18.654578"><ele>617</ele></trkpt>
      <trkpt lat="48.441801" lon="18.654589"><ele>617</ele></trkpt>
      <trkpt lat="48.441842" lon="18.654601"><ele>617</ele></trkpt>
      <trkpt lat="48.441916" lon="18.654599"><ele>614</ele></trkpt>
      <trkpt lat="48.441968" lon="18.654627"><ele>611</ele></trkpt>
      <trkpt lat="48.442004" lon="18.654649"><ele>614</ele></trkpt>
      <trkpt lat="48.442069" lon="18.654646"><ele>615</ele></trkpt>
      <trkpt lat="48.442126" lon="18.654608"><ele>614</ele></trkpt>
      <trkpt lat="48.44215" lon="18.65459"><ele>614</ele></trkpt>
      <trkpt lat="48.442178" lon="18.654574"><ele>613</ele></trkpt>
      <trkpt lat="48.442245" lon="18.654558"><ele>611</ele></trkpt>
      <trkpt lat="48.442299" lon="18.654559"><ele>609</ele></trkpt>
      <trkpt lat="48.442349" lon="18.654537"><ele>609</ele></trkpt>
      <trkpt lat="48.442371" lon="18.654526"><ele>608</ele></trkpt>
      <trkpt lat="48.442392" lon="18.654513"><ele>609</ele></trkpt>
      <trkpt lat="48.442473" lon="18.654501"><ele>628</ele></trkpt>
      <trkpt lat="48.442524" lon="18.654504"><ele>625</ele></trkpt>
      <trkpt lat="48.442581" lon="18.654492"><ele>622</ele></trkpt>
      <trkpt lat="48.442633" lon="18.654468"><ele>621</ele></trkpt>
      <trkpt lat="48.442686" lon="18.654435"><ele>621</ele></trkpt>
      <trkpt lat="48.442741" lon="18.65442"><ele>616</ele></trkpt>
      <trkpt lat="48.44277" lon="18.654411"><ele>616</ele></trkpt>
      <trkpt lat="48.442828" lon="18.654423"><ele>611</ele></trkpt>
      <trkpt lat="48.442912" lon="18.654431"><ele>609</ele></trkpt>
      <trkpt lat="48.442973" lon="18.654421"><ele>609</ele></trkpt>
      <trkpt lat="48.443035" lon="18.654371"><ele>608</ele></trkpt>
      <trkpt lat="48.443096" lon="18.654321"><ele>605</ele></trkpt>
      <trkpt lat="48.443131" lon="18.654278"><ele>605</ele></trkpt>
      <trkpt lat="48.443167" lon="18.654232"><ele>604</ele></trkpt>
      <trkpt lat="48.443186" lon="18.654205"><ele>604</ele></trkpt>
      <trkpt lat="48.44321" lon="18.654175"><ele>602</ele></trkpt>
      <trkpt lat="48.44323" lon="18.654152"><ele>602</ele></trkpt>
      <trkpt lat="48.443281" lon="18.654093"><ele>600</ele></trkpt>
      <trkpt lat="48.443331" lon="18.654016"><ele>599</ele></trkpt>
      <trkpt lat="48.443355" lon="18.653974"><ele>599</ele></trkpt>
      <trkpt lat="48.443431" lon="18.653937"><ele>598</ele></trkpt>
      <trkpt lat="48.4435" lon="18.653897"><ele>595</ele></trkpt>
      <trkpt lat="48.443539" lon="18.653848"><ele>621</ele></trkpt>
      <trkpt lat="48.443576" lon="18.65378"><ele>612</ele></trkpt>
      <trkpt lat="48.443625" lon="18.653725"><ele>603</ele></trkpt>
      <trkpt lat="48.443701" lon="18.653658"><ele>598</ele></trkpt>
      <trkpt lat="48.443789" lon="18.653593"><ele>594</ele></trkpt>
      <trkpt lat="48.443867" lon="18.653498"><ele>589</ele></trkpt>
      <trkpt lat="48.443904" lon="18.653437"><ele>589</ele></trkpt>
      <trkpt lat="48.443951" lon="18.653352"><ele>588</ele></trkpt>
      <trkpt lat="48.443981" lon="18.653291"><ele>585</ele></trkpt>
      <trkpt lat="48.444016" lon="18.653228"><ele>583</ele></trkpt>
      <trkpt lat="48.444054" lon="18.653167"><ele>582</ele></trkpt>
      <trkpt lat="48.444092" lon="18.653111"><ele>580</ele></trkpt>
      <trkpt lat="48.444151" lon="18.65304"><ele>579</ele></trkpt>
      <trkpt lat="48.444252" lon="18.653038"><ele>576</ele></trkpt>
      <trkpt lat="48.444298" lon="18.65307"><ele>574</ele></trkpt>
      <trkpt lat="48.444393" lon="18.653132"><ele>573</ele></trkpt>
      <trkpt lat="48.444469" lon="18.653148"><ele>572</ele></trkpt>
      <trkpt lat="48.444507" lon="18.653157"><ele>571</ele></trkpt>
      <trkpt lat="48.444546" lon="18.653167"><ele>570</ele></trkpt>
      <trkpt lat="48.444584" lon="18.653173"><ele>568</ele></trkpt>
      <trkpt lat="48.444625" lon="18.653177"><ele>568</ele></trkpt>
      <trkpt lat="48.444666" lon="18.653183"><ele>567</ele></trkpt>
      <trkpt lat="48.444746" lon="18.653197"><ele>565</ele></trkpt>
      <trkpt lat="48.444781" lon="18.653203"><ele>566</ele></trkpt>
      <trkpt lat="48.444817" lon="18.65321"><ele>565</ele></trkpt>
      <trkpt lat="48.444849" lon="18.653216"><ele>565</ele></trkpt>
      <trkpt lat="48.44488" lon="18.653221"><ele>565</ele></trkpt>
      <trkpt lat="48.444975" lon="18.653233"><ele>564</ele></trkpt>
      <trkpt lat="48.445033" lon="18.653255"><ele>560</ele></trkpt>
      <trkpt lat="48.445059" lon="18.653267"><ele>559</ele></trkpt>
      <trkpt lat="48.445114" lon="18.653305"><ele>556</ele></trkpt>
      <trkpt lat="48.445142" lon="18.653329"><ele>554</ele></trkpt>
      <trkpt lat="48.445195" lon="18.653378"><ele>553</ele></trkpt>
      <trkpt lat="48.445245" lon="18.653426"><ele>553</ele></trkpt>
      <trkpt lat="48.445266" lon="18.653443"><ele>553</ele></trkpt>
      <trkpt lat="48.445325" lon="18.653471"><ele>554</ele></trkpt>
      <trkpt lat="48.445347" lon="18.653479"><ele>554</ele></trkpt>
      <trkpt lat="48.445369" lon="18.653488"><ele>553</ele></trkpt>
      <trkpt lat="48.445407" lon="18.653499"><ele>553</ele></trkpt>
      <trkpt lat="48.445456" lon="18.653514"><ele>553</ele></trkpt>
      <trkpt lat="48.445507" lon="18.653537"><ele>550</ele></trkpt>
      <trkpt lat="48.445532" lon="18.653545"><ele>550</ele></trkpt>
      <trkpt lat="48.445559" lon="18.653553"><ele>596</ele></trkpt>
      <trkpt lat="48.445589" lon="18.653564"><ele>592</ele></trkpt>
      <trkpt lat="48.445617" lon="18.653579"><ele>589</ele></trkpt>
      <trkpt lat="48.445662" lon="18.653604"><ele>581</ele></trkpt>
      <trkpt lat="48.445687" lon="18.653615"><ele>575</ele></trkpt>
      <trkpt lat="48.445795" lon="18.653632"><ele>564</ele></trkpt>
      <trkpt lat="48.445843" lon="18.653635"><ele>561</ele></trkpt>
      <trkpt lat="48.445887" lon="18.653651"><ele>559</ele></trkpt>
      <trkpt lat="48.445929" lon="18.653666"><ele>559</ele></trkpt>
      <trkpt lat="48.445976" lon="18.653699"><ele>559</ele></trkpt>
      <trkpt lat="48.446027" lon="18.653711"><ele>557</ele></trkpt>
      <trkpt lat="48.446094" lon="18.653717"><ele>555</ele></trkpt>
      <trkpt lat="48.446137" lon="18.653723"><ele>556</ele></trkpt>
      <trkpt lat="48.446167" lon="18.653728"><ele>558</ele></trkpt>
      <trkpt lat="48.446198" lon="18.653732"><ele>557</ele></trkpt>
      <trkpt lat="48.446253" lon="18.65372"><ele>557</ele></trkpt>
      <trkpt lat="48.446296" lon="18.653712"><ele>556</ele></trkpt>
      <trkpt lat="48.446321" lon="18.653709"><ele>556</ele></trkpt>
      <trkpt lat="48.446376" lon="18.653731"><ele>553</ele></trkpt>
      <trkpt lat="48.446401" lon="18.65374"><ele>552</ele></trkpt>
      <trkpt lat="48.446462" lon="18.65376"><ele>553</ele></trkpt>
      <trkpt lat="48.446518" lon="18.653714"><ele>556</ele></trkpt>
      <trkpt lat="48.446563" lon="18.653669"><ele>557</ele></trkpt>
      <trkpt lat="48.446619" lon="18.653621"><ele>558</ele></trkpt>
      <trkpt lat="48.446663" lon="18.653575"><ele>559</ele></trkpt>
      <trkpt lat="48.446711" lon="18.653524"><ele>556</ele></trkpt>
      <trkpt lat="48.446729" lon="18.653502"><ele>556</ele></trkpt>
      <trkpt lat="48.446779" lon="18.653401"><ele>557</ele></trkpt>
      <trkpt lat="48.446837" lon="18.65335"><ele>558</ele></trkpt>
      <trkpt lat="48.446905" lon="18.653341"><ele>560</ele></trkpt>
      <trkpt lat="48.446951" lon="18.653345"><ele>561</ele></trkpt>
      <trkpt lat="48.446974" lon="18.65335"><ele>560</ele></trkpt>
      <trkpt lat="48.447043" lon="18.653397"><ele>556</ele></trkpt>
      <trkpt lat="48.447077" lon="18.653422"><ele>557</ele></trkpt>
      <trkpt lat="48.447107" lon="18.653448"><ele>557</ele></trkpt>
      <trkpt lat="48.447131" lon="18.653469"><ele>558</ele></trkpt>
      <trkpt lat="48.447186" lon="18.653507"><ele>556</ele></trkpt>
      <trkpt lat="48.447218" lon="18.653526"><ele>556</ele></trkpt>
      <trkpt lat="48.447285" lon="18.653572"><ele>555</ele></trkpt>
      <trkpt lat="48.447322" lon="18.653643"><ele>555</ele></trkpt>
      <trkpt lat="48.447354" lon="18.653706"><ele>554</ele></trkpt>
      <trkpt lat="48.447379" lon="18.653774"><ele>554</ele></trkpt>
      <trkpt lat="48.447395" lon="18.653852"><ele>556</ele></trkpt>
      <trkpt lat="48.447425" lon="18.653906"><ele>557</ele></trkpt>
      <trkpt lat="48.447468" lon="18.653972"><ele>559</ele></trkpt>
      <trkpt lat="48.447486" lon="18.654003"><ele>559</ele></trkpt>
      <trkpt lat="48.447562" lon="18.654162"><ele>558</ele></trkpt>
      <trkpt lat="48.447581" lon="18.65421"><ele>560</ele></trkpt>
      <trkpt lat="48.447635" lon="18.654298"><ele>560</ele></trkpt>
      <trkpt lat="48.447691" lon="18.654362"><ele>561</ele></trkpt>
      <trkpt lat="48.447722" lon="18.654396"><ele>561</ele></trkpt>
      <trkpt lat="48.447755" lon="18.654432"><ele>562</ele></trkpt>
      <trkpt lat="48.447786" lon="18.654471"><ele>561</ele></trkpt>
      <trkpt lat="48.447835" lon="18.654535"><ele>561</ele></trkpt>
      <trkpt lat="48.447877" lon="18.654589"><ele>562</ele></trkpt>
      <trkpt lat="48.447906" lon="18.654657"><ele>565</ele></trkpt>
      <trkpt lat="48.447971" lon="18.654695"><ele>565</ele></trkpt>
      <trkpt lat="48.447999" lon="18.65478"><ele>565</ele></trkpt>
      <trkpt lat="48.44803" lon="18.654831"><ele>566</ele></trkpt>
      <trkpt lat="48.448086" lon="18.654907"><ele>562</ele></trkpt>
      <trkpt lat="48.44812" lon="18.65499"><ele>563</ele></trkpt>
      <trkpt lat="48.448133" lon="18.655074"><ele>562</ele></trkpt>
      <trkpt lat="48.448124" lon="18.655222"><ele>560</ele></trkpt>
      <trkpt lat="48.44813" lon="18.655315"><ele>559</ele></trkpt>
      <trkpt lat="48.448136" lon="18.655374"><ele>559</ele></trkpt>
      <trkpt lat="48.44817" lon="18.655508"><ele>561</ele></trkpt>
      <trkpt lat="48.448217" lon="18.65561"><ele>562</ele></trkpt>
      <trkpt lat="48.448217" lon="18.655736"><ele>563</ele></trkpt>
      <trkpt lat="48.448223" lon="18.655869"><ele>564</ele></trkpt>
      <trkpt lat="48.44823" lon="18.655959"><ele>565</ele></trkpt>
      <trkpt lat="48.448269" lon="18.656022"><ele>564</ele></trkpt>
      <trkpt lat="48.448309" lon="18.656083"><ele>564</ele></trkpt>
      <trkpt lat="48.448318" lon="18.656161"><ele>563</ele></trkpt>
      <trkpt lat="48.448303" lon="18.656253"><ele>563</ele></trkpt>
      <trkpt lat="48.448308" lon="18.656323"><ele>562</ele></trkpt>
      <trkpt lat="48.448355" lon="18.656377"><ele>563</ele></trkpt>
      <trkpt lat="48.448409" lon="18.656422"><ele>564</ele></trkpt>
      <trkpt lat="48.448456" lon="18.656457"><ele>562</ele></trkpt>
      <trkpt lat="48.448482" lon="18.65648"><ele>561</ele></trkpt>
      <trkpt lat="48.448517" lon="18.656511"><ele>558</ele></trkpt>
      <trkpt lat="48.448603" lon="18.656586"><ele>556</ele></trkpt>
      <trkpt lat="48.448657" lon="18.656597"><ele>561</ele></trkpt>
      <trkpt lat="48.448714" lon="18.656634"><ele>564</ele></trkpt>
      <trkpt lat="48.448742" lon="18.656654"><ele>564</ele></trkpt>
      <trkpt lat="48.448779" lon="18.656726"><ele>573</ele></trkpt>
      <trkpt lat="48.448822" lon="18.656762"><ele>573</ele></trkpt>
      <trkpt lat="48.44891" lon="18.656877"><ele>573</ele></trkpt>
      <trkpt lat="48.448949" lon="18.656912"><ele>574</ele></trkpt>
      <trkpt lat="48.448983" lon="18.656963"><ele>576</ele></trkpt>
      <trkpt lat="48.449041" lon="18.657068"><ele>575</ele></trkpt>
      <trkpt lat="48.449058" lon="18.657096"><ele>576</ele></trkpt>
      <trkpt lat="48.449076" lon="18.657125"><ele>577</ele></trkpt>
      <trkpt lat="48.449098" lon="18.657164"><ele>570</ele></trkpt>
      <trkpt lat="48.449134" lon="18.657222"><ele>577</ele></trkpt>
      <trkpt lat="48.449163" lon="18.657304"><ele>579</ele></trkpt>
      <trkpt lat="48.449173" lon="18.657335"><ele>580</ele></trkpt>
      <trkpt lat="48.449213" lon="18.657401"><ele>582</ele></trkpt>
      <trkpt lat="48.449241" lon="18.657442"><ele>584</ele></trkpt>
      <trkpt lat="48.449265" lon="18.657507"><ele>582</ele></trkpt>
      <trkpt lat="48.449291" lon="18.657582"><ele>582</ele></trkpt>
      <trkpt lat="48.449328" lon="18.657643"><ele>585</ele></trkpt>
      <trkpt lat="48.449338" lon="18.657735"><ele>586</ele></trkpt>
      <trkpt lat="48.449363" lon="18.657806"><ele>587</ele></trkpt>
      <trkpt lat="48.449403" lon="18.657903"><ele>589</ele></trkpt>
      <trkpt lat="48.449425" lon="18.657948"><ele>576</ele></trkpt>
      <trkpt lat="48.449464" lon="18.657992"><ele>581</ele></trkpt>
      <trkpt lat="48.449516" lon="18.658045"><ele>584</ele></trkpt>
      <trkpt lat="48.449565" lon="18.658085"><ele>589</ele></trkpt>
      <trkpt lat="48.449623" lon="18.658184"><ele>588</ele></trkpt>
      <trkpt lat="48.44966" lon="18.658268"><ele>589</ele></trkpt>
      <trkpt lat="48.449724" lon="18.658346"><ele>584</ele></trkpt>
      <trkpt lat="48.449757" lon="18.658381"><ele>584</ele></trkpt>
      <trkpt lat="48.449795" lon="18.658421"><ele>570</ele></trkpt>
      <trkpt lat="48.449894" lon="18.658519"><ele>574</ele></trkpt>
      <trkpt lat="48.449947" lon="18.658568"><ele>576</ele></trkpt>
      <trkpt lat="48.450047" lon="18.658685"><ele>581</ele></trkpt>
      <trkpt lat="48.450091" lon="18.65876"><ele>581</ele></trkpt>
      <trkpt lat="48.450153" lon="18.658837"><ele>580</ele></trkpt>
      <trkpt lat="48.450211" lon="18.659004"><ele>578</ele></trkpt>
      <trkpt lat="48.45023" lon="18.659067"><ele>578</ele></trkpt>
      <trkpt lat="48.450247" lon="18.659128"><ele>578</ele></trkpt>
      <trkpt lat="48.450262" lon="18.659188"><ele>577</ele></trkpt>
      <trkpt lat="48.450276" lon="18.659248"><ele>576</ele></trkpt>
      <trkpt lat="48.450289" lon="18.659344"><ele>576</ele></trkpt>
      <trkpt lat="48.450297" lon="18.659384"><ele>576</ele></trkpt>
      <trkpt lat="48.45035" lon="18.65949"><ele>578</ele></trkpt>
      <trkpt lat="48.450389" lon="18.659544"><ele>578</ele></trkpt>
      <trkpt lat="48.450407" lon="18.659569"><ele>576</ele></trkpt>
      <trkpt lat="48.450425" lon="18.659592"><ele>576</ele></trkpt>
      <trkpt lat="48.450446" lon="18.659618"><ele>576</ele></trkpt>
      <trkpt lat="48.450468" lon="18.659644"><ele>575</ele></trkpt>
      <trkpt lat="48.450506" lon="18.659692"><ele>576</ele></trkpt>
      <trkpt lat="48.45054" lon="18.659746"><ele>575</ele></trkpt>
      <trkpt lat="48.45056" lon="18.659779"><ele>575</ele></trkpt>
      <trkpt lat="48.450601" lon="18.659835"><ele>572</ele></trkpt>
      <trkpt lat="48.45061" lon="18.659934"><ele>568</ele></trkpt>
      <trkpt lat="48.450616" lon="18.660053"><ele>561</ele></trkpt>
      <trkpt lat="48.450629" lon="18.660157"><ele>559</ele></trkpt>
      <trkpt lat="48.450634" lon="18.660208"><ele>560</ele></trkpt>
      <trkpt lat="48.450638" lon="18.660249"><ele>561</ele></trkpt>
      <trkpt lat="48.450641" lon="18.660288"><ele>561</ele></trkpt>
      <trkpt lat="48.450687" lon="18.660389"><ele>558</ele></trkpt>
      <trkpt lat="48.450739" lon="18.660413"><ele>563</ele></trkpt>
      <trkpt lat="48.450774" lon="18.660429"><ele>565</ele></trkpt>
      <trkpt lat="48.450797" lon="18.66044"><ele>564</ele></trkpt>
      <trkpt lat="48.450852" lon="18.660549"><ele>570</ele></trkpt>
      <trkpt lat="48.450869" lon="18.660586"><ele>566</ele></trkpt>
      <trkpt lat="48.450913" lon="18.660653"><ele>568</ele></trkpt>
      <trkpt lat="48.450933" lon="18.660682"><ele>568</ele></trkpt>
      <trkpt lat="48.450953" lon="18.66071"><ele>567</ele></trkpt>
      <trkpt lat="48.450975" lon="18.660745"><ele>566</ele></trkpt>
      <trkpt lat="48.450999" lon="18.660787"><ele>566</ele></trkpt>
      <trkpt lat="48.451041" lon="18.660864"><ele>566</ele></trkpt>
      <trkpt lat="48.45107" lon="18.660946"><ele>561</ele></trkpt>
      <trkpt lat="48.451089" lon="18.661096"><ele>562</ele></trkpt>
      <trkpt lat="48.451092" lon="18.661147"><ele>562</ele></trkpt>
      <trkpt lat="48.451124" lon="18.661226"><ele>568</ele></trkpt>
      <trkpt lat="48.451159" lon="18.661312"><ele>574</ele></trkpt>
      <trkpt lat="48.451172" lon="18.661349"><ele>576</ele></trkpt>
      <trkpt lat="48.45123" lon="18.661433"><ele>576</ele></trkpt>
      <trkpt lat="48.451243" lon="18.661512"><ele>569</ele></trkpt>
      <trkpt lat="48.451269" lon="18.661627"><ele>568</ele></trkpt>
      <trkpt lat="48.451281" lon="18.661732"><ele>570</ele></trkpt>
      <trkpt lat="48.451293" lon="18.661846"><ele>573</ele></trkpt>
      <trkpt lat="48.451313" lon="18.661949"><ele>573</ele></trkpt>
      <trkpt lat="48.451402" lon="18.662125"><ele>572</ele></trkpt>
      <trkpt lat="48.451422" lon="18.66221"><ele>570</ele></trkpt>
      <trkpt lat="48.451437" lon="18.66229"><ele>569</ele></trkpt>
      <trkpt lat="48.451476" lon="18.662361"><ele>564</ele></trkpt>
      <trkpt lat="48.451495" lon="18.662401"><ele>565</ele></trkpt>
      <trkpt lat="48.451535" lon="18.662512"><ele>564</ele></trkpt>
      <trkpt lat="48.451548" lon="18.662545"><ele>566</ele></trkpt>
      <trkpt lat="48.451562" lon="18.662577"><ele>567</ele></trkpt>
      <trkpt lat="48.451575" lon="18.662611"><ele>566</ele></trkpt>
      <trkpt lat="48.451607" lon="18.662671"><ele>567</ele></trkpt>
      <trkpt lat="48.451641" lon="18.662787"><ele>565</ele></trkpt>
      <trkpt lat="48.451664" lon="18.662906"><ele>566</ele></trkpt>
      <trkpt lat="48.451673" lon="18.662956"><ele>565</ele></trkpt>
      <trkpt lat="48.451702" lon="18.663068"><ele>563</ele></trkpt>
      <trkpt lat="48.45177" lon="18.663229"><ele>561</ele></trkpt>
      <trkpt lat="48.451794" lon="18.663338"><ele>561</ele></trkpt>
      <trkpt lat="48.451823" lon="18.663442"><ele>559</ele></trkpt>
      <trkpt lat="48.451835" lon="18.663494"><ele>558</ele></trkpt>
      <trkpt lat="48.451848" lon="18.663542"><ele>557</ele></trkpt>
      <trkpt lat="48.451858" lon="18.663634"><ele>557</ele></trkpt>
      <trkpt lat="48.451863" lon="18.663681"><ele>555</ele></trkpt>
      <trkpt lat="48.451885" lon="18.663754"><ele>557</ele></trkpt>
      <trkpt lat="48.45193" lon="18.663847"><ele>558</ele></trkpt>
      <trkpt lat="48.451944" lon="18.663884"><ele>559</ele></trkpt>
      <trkpt lat="48.451967" lon="18.663973"><ele>556</ele></trkpt>
      <trkpt lat="48.451976" lon="18.664005"><ele>558</ele></trkpt>
      <trkpt lat="48.452002" lon="18.664085"><ele>558</ele></trkpt>
      <trkpt lat="48.452012" lon="18.664224"><ele>557</ele></trkpt>
      <trkpt lat="48.452014" lon="18.664312"><ele>555</ele></trkpt>
      <trkpt lat="48.45201" lon="18.664437"><ele>557</ele></trkpt>
      <trkpt lat="48.452019" lon="18.664516"><ele>557</ele></trkpt>
      <trkpt lat="48.452022" lon="18.664557"><ele>558</ele></trkpt>
      <trkpt lat="48.45204" lon="18.664628"><ele>558</ele></trkpt>
      <trkpt lat="48.452042" lon="18.664709"><ele>557</ele></trkpt>
      <trkpt lat="48.452062" lon="18.664796"><ele>556</ele></trkpt>
      <trkpt lat="48.452086" lon="18.664871"><ele>556</ele></trkpt>
      <trkpt lat="48.452119" lon="18.664941"><ele>556</ele></trkpt>
      <trkpt lat="48.452135" lon="18.664973"><ele>555</ele></trkpt>
      <trkpt lat="48.452168" lon="18.665094"><ele>554</ele></trkpt>
      <trkpt lat="48.452201" lon="18.665172"><ele>553</ele></trkpt>
      <trkpt lat="48.452224" lon="18.665224"><ele>553</ele></trkpt>
      <trkpt lat="48.452277" lon="18.665325"><ele>555</ele></trkpt>
      <trkpt lat="48.452353" lon="18.665403"><ele>553</ele></trkpt>
      <trkpt lat="48.452392" lon="18.665474"><ele>554</ele></trkpt>
      <trkpt lat="48.452526" lon="18.665647"><ele>551</ele></trkpt>
      <trkpt lat="48.452566" lon="18.665682"><ele>552</ele></trkpt>
      <trkpt lat="48.452623" lon="18.665754"><ele>551</ele></trkpt>
      <trkpt lat="48.452661" lon="18.665796"><ele>551</ele></trkpt>
      <trkpt lat="48.452707" lon="18.665914"><ele>551</ele></trkpt>
      <trkpt lat="48.452708" lon="18.666001"><ele>548</ele></trkpt>
      <trkpt lat="48.452756" lon="18.666074"><ele>546</ele></trkpt>
      <trkpt lat="48.452845" lon="18.66614"><ele>545</ele></trkpt>
      <trkpt lat="48.452936" lon="18.666231"><ele>541</ele></trkpt>
      <trkpt lat="48.452981" lon="18.666277"><ele>532</ele></trkpt>
      <trkpt lat="48.453028" lon="18.666294"><ele>541</ele></trkpt>
      <trkpt lat="48.453073" lon="18.666237"><ele>534</ele></trkpt>
      <trkpt lat="48.453121" lon="18.666193"><ele>535</ele></trkpt>
      <trkpt lat="48.453181" lon="18.666102"><ele>536</ele></trkpt>
      <trkpt lat="48.453204" lon="18.666011"><ele>539</ele></trkpt>
      <trkpt lat="48.453212" lon="18.665971"><ele>541</ele></trkpt>
      <trkpt lat="48.453224" lon="18.66592"><ele>539</ele></trkpt>
      <trkpt lat="48.453253" lon="18.665777"><ele>537</ele></trkpt>
      <trkpt lat="48.453263" lon="18.665709"><ele>536</ele></trkpt>
      <trkpt lat="48.453268" lon="18.665675"><ele>537</ele></trkpt>
      <trkpt lat="48.453314" lon="18.665616"><ele>542</ele></trkpt>
      <trkpt lat="48.453354" lon="18.665573"><ele>543</ele></trkpt>
      <trkpt lat="48.453407" lon="18.665476"><ele>546</ele></trkpt>
      <trkpt lat="48.453432" lon="18.665356"><ele>547</ele></trkpt>
      <trkpt lat="48.453453" lon="18.66527"><ele>544</ele></trkpt>
      <trkpt lat="48.453465" lon="18.665151"><ele>545</ele></trkpt>
      <trkpt lat="48.453473" lon="18.665096"><ele>544</ele></trkpt>
      <trkpt lat="48.453484" lon="18.665051"><ele>544</ele></trkpt>
      <trkpt lat="48.453508" lon="18.664939"><ele>543</ele></trkpt>
      <trkpt lat="48.453512" lon="18.664835"><ele>541</ele></trkpt>
      <trkpt lat="48.453528" lon="18.664738"><ele>540</ele></trkpt>
      <trkpt lat="48.45355" lon="18.664658"><ele>539</ele></trkpt>
      <trkpt lat="48.453562" lon="18.664585"><ele>538</ele></trkpt>
      <trkpt lat="48.453574" lon="18.664525"><ele>537</ele></trkpt>
      <trkpt lat="48.453584" lon="18.664441"><ele>534</ele></trkpt>
      <trkpt lat="48.453604" lon="18.664358"><ele>536</ele></trkpt>
      <trkpt lat="48.453633" lon="18.664294"><ele>537</ele></trkpt>
      <trkpt lat="48.453694" lon="18.664192"><ele>537</ele></trkpt>
      <trkpt lat="48.453719" lon="18.664141"><ele>536</ele></trkpt>
      <trkpt lat="48.453735" lon="18.664114"><ele>537</ele></trkpt>
      <trkpt lat="48.453773" lon="18.664065"><ele>537</ele></trkpt>
      <trkpt lat="48.4538" lon="18.664028"><ele>536</ele></trkpt>
      <trkpt lat="48.453817" lon="18.664003"><ele>536</ele></trkpt>
      <trkpt lat="48.453858" lon="18.663927"><ele>535</ele></trkpt>
      <trkpt lat="48.45389" lon="18.663844"><ele>536</ele></trkpt>
      <trkpt lat="48.453906" lon="18.663798"><ele>536</ele></trkpt>
      <trkpt lat="48.453946" lon="18.663687"><ele>532</ele></trkpt>
      <trkpt lat="48.454018" lon="18.663507"><ele>532</ele></trkpt>
      <trkpt lat="48.454036" lon="18.663422"><ele>534</ele></trkpt>
      <trkpt lat="48.454049" lon="18.663334"><ele>536</ele></trkpt>
      <trkpt lat="48.454071" lon="18.663237"><ele>535</ele></trkpt>
      <trkpt lat="48.454099" lon="18.663161"><ele>536</ele></trkpt>
      <trkpt lat="48.454143" lon="18.663003"><ele>536</ele></trkpt>
      <trkpt lat="48.454174" lon="18.662868"><ele>534</ele></trkpt>
      <trkpt lat="48.45422" lon="18.662694"><ele>533</ele></trkpt>
      <trkpt lat="48.454229" lon="18.662562"><ele>531</ele></trkpt>
      <trkpt lat="48.454246" lon="18.662439"><ele>531</ele></trkpt>
      <trkpt lat="48.454252" lon="18.662364"><ele>529</ele></trkpt>
      <trkpt lat="48.454255" lon="18.66233"><ele>528</ele></trkpt>
      <trkpt lat="48.454275" lon="18.662251"><ele>527</ele></trkpt>
      <trkpt lat="48.454288" lon="18.662195"><ele>528</ele></trkpt>
      <trkpt lat="48.454312" lon="18.662117"><ele>525</ele></trkpt>
      <trkpt lat="48.454334" lon="18.662034"><ele>528</ele></trkpt>
      <trkpt lat="48.454356" lon="18.661938"><ele>527</ele></trkpt>
      <trkpt lat="48.454374" lon="18.66187"><ele>528</ele></trkpt>
      <trkpt lat="48.454358" lon="18.661763"><ele>528</ele></trkpt>
      <trkpt lat="48.454336" lon="18.661692"><ele>528</ele></trkpt>
      <trkpt lat="48.454309" lon="18.661636"><ele>529</ele></trkpt>
      <trkpt lat="48.454311" lon="18.66153"><ele>528</ele></trkpt>
      <trkpt lat="48.454322" lon="18.661463"><ele>528</ele></trkpt>
      <trkpt lat="48.454317" lon="18.661357"><ele>528</ele></trkpt>
      <trkpt lat="48.454335" lon="18.661293"><ele>524</ele></trkpt>
      <trkpt lat="48.454348" lon="18.6612"><ele>525</ele></trkpt>
      <trkpt lat="48.454365" lon="18.661127"><ele>521</ele></trkpt>
      <trkpt lat="48.454383" lon="18.661053"><ele>521</ele></trkpt>
      <trkpt lat="48.454399" lon="18.660996"><ele>517</ele></trkpt>
      <trkpt lat="48.454413" lon="18.660946"><ele>518</ele></trkpt>
      <trkpt lat="48.454428" lon="18.6609"><ele>517</ele></trkpt>
      <trkpt lat="48.454444" lon="18.660856"><ele>518</ele></trkpt>
      <trkpt lat="48.454455" lon="18.660821"><ele>518</ele></trkpt>
      <trkpt lat="48.454464" lon="18.660788"><ele>515</ele></trkpt>
      <trkpt lat="48.454479" lon="18.660712"><ele>510</ele></trkpt>
      <trkpt lat="48.454476" lon="18.660639"><ele>508</ele></trkpt>
      <trkpt lat="48.454484" lon="18.660563"><ele>514</ele></trkpt>
      <trkpt lat="48.454483" lon="18.660474"><ele>506</ele></trkpt>
      <trkpt lat="48.454505" lon="18.660382"><ele>502</ele></trkpt>
      <trkpt lat="48.454522" lon="18.660291"><ele>502</ele></trkpt>
      <trkpt lat="48.454554" lon="18.660216"><ele>501</ele></trkpt>
      <trkpt lat="48.454567" lon="18.660123"><ele>505</ele></trkpt>
      <trkpt lat="48.454576" lon="18.660036"><ele>506</ele></trkpt>
      <trkpt lat="48.454594" lon="18.659949"><ele>508</ele></trkpt>
      <trkpt lat="48.454609" lon="18.659819"><ele>518</ele></trkpt>
      <trkpt lat="48.454616" lon="18.659652"><ele>515</ele></trkpt>
      <trkpt lat="48.454677" lon="18.659434"><ele>517</ele></trkpt>
      <trkpt lat="48.454717" lon="18.659361"><ele>514</ele></trkpt>
      <trkpt lat="48.454771" lon="18.659282"><ele>510</ele></trkpt>
      <trkpt lat="48.454836" lon="18.659203"><ele>515</ele></trkpt>
      <trkpt lat="48.454871" lon="18.659148"><ele>515</ele></trkpt>
      <trkpt lat="48.454902" lon="18.659106"><ele>516</ele></trkpt>
      <trkpt lat="48.454927" lon="18.65907"><ele>513</ele></trkpt>
      <trkpt lat="48.454968" lon="18.658998"><ele>516</ele></trkpt>
      <trkpt lat="48.454996" lon="18.658926"><ele>511</ele></trkpt>
      <trkpt lat="48.45502" lon="18.658836"><ele>516</ele></trkpt>
      <trkpt lat="48.455031" lon="18.6588"><ele>516</ele></trkpt>
      <trkpt lat="48.455071" lon="18.658718"><ele>514</ele></trkpt>
      <trkpt lat="48.455088" lon="18.658683"><ele>514</ele></trkpt>
      <trkpt lat="48.455102" lon="18.658655"><ele>506</ele></trkpt>
      <trkpt lat="48.455125" lon="18.658592"><ele>498</ele></trkpt>
      <trkpt lat="48.455146" lon="18.658543"><ele>496</ele></trkpt>
      <trkpt lat="48.455165" lon="18.6585"><ele>496</ele></trkpt>
      <trkpt lat="48.455182" lon="18.65846"><ele>494</ele></trkpt>
      <trkpt lat="48.455202" lon="18.658421"><ele>493</ele></trkpt>
      <trkpt lat="48.455221" lon="18.658384"><ele>493</ele></trkpt>
      <trkpt lat="48.455269" lon="18.658308"><ele>492</ele></trkpt>
      <trkpt lat="48.455316" lon="18.658247"><ele>491</ele></trkpt>
      <trkpt lat="48.455338" lon="18.658223"><ele>492</ele></trkpt>
      <trkpt lat="48.455414" lon="18.658159"><ele>492</ele></trkpt>
      <trkpt lat="48.455478" lon="18.658093"><ele>500</ele></trkpt>
      <trkpt lat="48.455511" lon="18.658056"><ele>498</ele></trkpt>
      <trkpt lat="48.455581" lon="18.657963"><ele>507</ele></trkpt>
      <trkpt lat="48.456015" lon="18.657145"><ele>505</ele></trkpt>
      <trkpt lat="48.456075" lon="18.657072"><ele>504</ele></trkpt>
      <trkpt lat="48.456124" lon="18.657214"><ele>505</ele></trkpt>
      <trkpt lat="48.456168" lon="18.657245"><ele>505</ele></trkpt>
      <trkpt lat="48.456219" lon="18.657195"><ele>504</ele></trkpt>
      <trkpt lat="48.456261" lon="18.65716"><ele>497</ele></trkpt>
      <trkpt lat="48.456295" lon="18.657126"><ele>507</ele></trkpt>
      <trkpt lat="48.456349" lon="18.657102"><ele>508</ele></trkpt>
      <trkpt lat="48.456394" lon="18.657098"><ele>507</ele></trkpt>
      <trkpt lat="48.456464" lon="18.657057"><ele>503</ele></trkpt>
      <trkpt lat="48.456548" lon="18.656977"><ele>501</ele></trkpt>
      <trkpt lat="48.456599" lon="18.656896"><ele>501</ele></trkpt>
      <trkpt lat="48.456617" lon="18.656866"><ele>498</ele></trkpt>
      <trkpt lat="48.456635" lon="18.656832"><ele>505</ele></trkpt>
      <trkpt lat="48.456688" lon="18.656768"><ele>505</ele></trkpt>
      <trkpt lat="48.456718" lon="18.656734"><ele>502</ele></trkpt>
      <trkpt lat="48.456776" lon="18.656659"><ele>498</ele></trkpt>
      <trkpt lat="48.456858" lon="18.656565"><ele>502</ele></trkpt>
      <trkpt lat="48.456901" lon="18.656527"><ele>498</ele></trkpt>
      <trkpt lat="48.456979" lon="18.656481"><ele>494</ele></trkpt>
      <trkpt lat="48.457053" lon="18.656442"><ele>491</ele></trkpt>
      <trkpt lat="48.457166" lon="18.65634"><ele>505</ele></trkpt>
      <trkpt lat="48.45722" lon="18.656283"><ele>498</ele></trkpt>
      <trkpt lat="48.457255" lon="18.656247"><ele>496</ele></trkpt>
      <trkpt lat="48.457289" lon="18.656208"><ele>502</ele></trkpt>
      <trkpt lat="48.457333" lon="18.656194"><ele>493</ele></trkpt>
      <trkpt lat="48.457379" lon="18.656203"><ele>505</ele></trkpt>
      <trkpt lat="48.457431" lon="18.656214"><ele>506</ele></trkpt>
      <trkpt lat="48.457499" lon="18.656193"><ele>501</ele></trkpt>
      <trkpt lat="48.457539" lon="18.656181"><ele>495</ele></trkpt>
      <trkpt lat="48.457582" lon="18.656162"><ele>506</ele></trkpt>
      <trkpt lat="48.457629" lon="18.656125"><ele>501</ele></trkpt>
      <trkpt lat="48.45769" lon="18.656104"><ele>503</ele></trkpt>
      <trkpt lat="48.457765" lon="18.656069"><ele>499</ele></trkpt>
      <trkpt lat="48.457839" lon="18.656079"><ele>500</ele></trkpt>
      <trkpt lat="48.457907" lon="18.656113"><ele>494</ele></trkpt>
      <trkpt lat="48.457938" lon="18.656125"><ele>492</ele></trkpt>
      <trkpt lat="48.458024" lon="18.656123"><ele>503</ele></trkpt>
      <trkpt lat="48.458091" lon="18.656133"><ele>493</ele></trkpt>
      <trkpt lat="48.458148" lon="18.65614"><ele>501</ele></trkpt>
      <trkpt lat="48.458186" lon="18.65614"><ele>505</ele></trkpt>
      <trkpt lat="48.458234" lon="18.656147"><ele>505</ele></trkpt>
      <trkpt lat="48.458283" lon="18.656155"><ele>503</ele></trkpt>
      <trkpt lat="48.458335" lon="18.656155"><ele>503</ele></trkpt>
      <trkpt lat="48.458391" lon="18.656142"><ele>499</ele></trkpt>
      <trkpt lat="48.458455" lon="18.656133"><ele>495</ele></trkpt>
      <trkpt lat="48.458511" lon="18.656123"><ele>504</ele></trkpt>
      <trkpt lat="48.458565" lon="18.656117"><ele>505</ele></trkpt>
      <trkpt lat="48.458613" lon="18.65611"><ele>500</ele></trkpt>
      <trkpt lat="48.458761" lon="18.65611"><ele>495</ele></trkpt>
      <trkpt lat="48.458807" lon="18.656108"><ele>503</ele></trkpt>
      <trkpt lat="48.458847" lon="18.656102"><ele>498</ele></trkpt>
      <trkpt lat="48.458882" lon="18.656094"><ele>492</ele></trkpt>
      <trkpt lat="48.458915" lon="18.656086"><ele>490</ele></trkpt>
      <trkpt lat="48.459024" lon="18.656054"><ele>497</ele></trkpt>
      <trkpt lat="48.459113" lon="18.655978"><ele>496</ele></trkpt>
      <trkpt lat="48.459197" lon="18.655924"><ele>501</ele></trkpt>
      <trkpt lat="48.459246" lon="18.655886"><ele>501</ele></trkpt>
      <trkpt lat="48.45929" lon="18.655863"><ele>501</ele></trkpt>
      <trkpt lat="48.45934" lon="18.655851"><ele>496</ele></trkpt>
      <trkpt lat="48.459455" lon="18.6558"><ele>499</ele></trkpt>
      <trkpt lat="48.459508" lon="18.655819"><ele>493</ele></trkpt>
      <trkpt lat="48.459562" lon="18.65584"><ele>495</ele></trkpt>
      <trkpt lat="48.459684" lon="18.655803"><ele>497</ele></trkpt>
      <trkpt lat="48.459768" lon="18.655786"><ele>494</ele></trkpt>
      <trkpt lat="48.459822" lon="18.655812"><ele>499</ele></trkpt>
      <trkpt lat="48.45987" lon="18.655845"><ele>488</ele></trkpt>
      <trkpt lat="48.459857" lon="18.655671"><ele>498</ele></trkpt>
      <trkpt lat="48.459958" lon="18.655789"><ele>482</ele></trkpt>
      <trkpt lat="48.460028" lon="18.655828"><ele>466</ele></trkpt>
      <trkpt lat="48.46008" lon="18.655831"><ele>462</ele></trkpt>
      <trkpt lat="48.460122" lon="18.655807"><ele>463</ele></trkpt>
      <trkpt lat="48.4602" lon="18.655831"><ele>456</ele></trkpt>
      <trkpt lat="48.460296" lon="18.655881"><ele>453</ele></trkpt>
      <trkpt lat="48.46033" lon="18.655897"><ele>451</ele></trkpt>
      <trkpt lat="48.460359" lon="18.655907"><ele>451</ele></trkpt>
      <trkpt lat="48.460382" lon="18.655913"><ele>451</ele></trkpt>
      <trkpt lat="48.460408" lon="18.655918"><ele>451</ele></trkpt>
      <trkpt lat="48.460437" lon="18.655924"><ele>450</ele></trkpt>
      <trkpt lat="48.460489" lon="18.655962"><ele>449</ele></trkpt>
      <trkpt lat="48.460513" lon="18.655983"><ele>448</ele></trkpt>
      <trkpt lat="48.46056" lon="18.656011"><ele>449</ele></trkpt>
      <trkpt lat="48.460619" lon="18.656021"><ele>450</ele></trkpt>
      <trkpt lat="48.460649" lon="18.656029"><ele>446</ele></trkpt>
      <trkpt lat="48.460676" lon="18.656038"><ele>447</ele></trkpt>
      <trkpt lat="48.460701" lon="18.65605"><ele>447</ele></trkpt>
      <trkpt lat="48.460784" lon="18.656101"><ele>448</ele></trkpt>
      <trkpt lat="48.460844" lon="18.656112"><ele>450</ele></trkpt>
      <trkpt lat="48.46089" lon="18.656161"><ele>454</ele></trkpt>
      <trkpt lat="48.460919" lon="18.656188"><ele>453</ele></trkpt>
      <trkpt lat="48.461012" lon="18.656233"><ele>452</ele></trkpt>
      <trkpt lat="48.461085" lon="18.656292"><ele>453</ele></trkpt>
      <trkpt lat="48.461121" lon="18.656342"><ele>455</ele></trkpt>
      <trkpt lat="48.461176" lon="18.656342"><ele>458</ele></trkpt>
      <trkpt lat="48.461224" lon="18.656341"><ele>459</ele></trkpt>
      <trkpt lat="48.46127" lon="18.656334"><ele>461</ele></trkpt>
      <trkpt lat="48.461319" lon="18.656341"><ele>460</ele></trkpt>
      <trkpt lat="48.461341" lon="18.656343"><ele>460</ele></trkpt>
      <trkpt lat="48.461432" lon="18.656374"><ele>463</ele></trkpt>
      <trkpt lat="48.461461" lon="18.656388"><ele>464</ele></trkpt>
      <trkpt lat="48.461518" lon="18.656401"><ele>465</ele></trkpt>
      <trkpt lat="48.461567" lon="18.656424"><ele>465</ele></trkpt>
      <trkpt lat="48.4616" lon="18.656437"><ele>465</ele></trkpt>
      <trkpt lat="48.461642" lon="18.656452"><ele>462</ele></trkpt>
      <trkpt lat="48.46169" lon="18.656477"><ele>462</ele></trkpt>
      <trkpt lat="48.461749" lon="18.656481"><ele>464</ele></trkpt>
      <trkpt lat="48.461791" lon="18.656522"><ele>465</ele></trkpt>
      <trkpt lat="48.461835" lon="18.656581"><ele>465</ele></trkpt>
      <trkpt lat="48.461857" lon="18.656613"><ele>466</ele></trkpt>
      <trkpt lat="48.461874" lon="18.656641"><ele>467</ele></trkpt>
      <trkpt lat="48.461904" lon="18.656682"><ele>469</ele></trkpt>
      <trkpt lat="48.461931" lon="18.656721"><ele>468</ele></trkpt>
      <trkpt lat="48.461975" lon="18.656812"><ele>465</ele></trkpt>
      <trkpt lat="48.462013" lon="18.656911"><ele>464</ele></trkpt>
      <trkpt lat="48.462037" lon="18.656979"><ele>462</ele></trkpt>
      <trkpt lat="48.462093" lon="18.657118"><ele>461</ele></trkpt>
      <trkpt lat="48.462129" lon="18.657198"><ele>462</ele></trkpt>
      <trkpt lat="48.462165" lon="18.657247"><ele>467</ele></trkpt>
      <trkpt lat="48.46221" lon="18.657302"><ele>468</ele></trkpt>
      <trkpt lat="48.462235" lon="18.657365"><ele>469</ele></trkpt>
      <trkpt lat="48.462261" lon="18.657432"><ele>468</ele></trkpt>
      <trkpt lat="48.462284" lon="18.657493"><ele>473</ele></trkpt>
      <trkpt lat="48.462321" lon="18.657535"><ele>469</ele></trkpt>
      <trkpt lat="48.462369" lon="18.657561"><ele>470</ele></trkpt>
      <trkpt lat="48.462419" lon="18.657563"><ele>472</ele></trkpt>
      <trkpt lat="48.462478" lon="18.657563"><ele>475</ele></trkpt>
      <trkpt lat="48.462542" lon="18.657587"><ele>476</ele></trkpt>
      <trkpt lat="48.462655" lon="18.657641"><ele>476</ele></trkpt>
      <trkpt lat="48.462712" lon="18.657684"><ele>478</ele></trkpt>
      <trkpt lat="48.462739" lon="18.6577"><ele>478</ele></trkpt>
      <trkpt lat="48.462776" lon="18.657744"><ele>478</ele></trkpt>
      <trkpt lat="48.462804" lon="18.657797"><ele>478</ele></trkpt>
      <trkpt lat="48.462827" lon="18.657845"><ele>478</ele></trkpt>
      <trkpt lat="48.462844" lon="18.657917"><ele>478</ele></trkpt>
      <trkpt lat="48.462885" lon="18.657984"><ele>478</ele></trkpt>
      <trkpt lat="48.462937" lon="18.658029"><ele>477</ele></trkpt>
      <trkpt lat="48.463007" lon="18.65808"><ele>478</ele></trkpt>
      <trkpt lat="48.463261" lon="18.658263"><ele>476</ele></trkpt>
      <trkpt lat="48.463308" lon="18.658265"><ele>476</ele></trkpt>
      <trkpt lat="48.46336" lon="18.658345"><ele>474</ele></trkpt>
      <trkpt lat="48.463379" lon="18.658374"><ele>473</ele></trkpt>
      <trkpt lat="48.463422" lon="18.658433"><ele>473</ele></trkpt>
      <trkpt lat="48.463474" lon="18.658521"><ele>473</ele></trkpt>
      <trkpt lat="48.463511" lon="18.658586"><ele>472</ele></trkpt>
      <trkpt lat="48.463569" lon="18.658663"><ele>472</ele></trkpt>
      <trkpt lat="48.463645" lon="18.658674"><ele>474</ele></trkpt>
      <trkpt lat="48.4637" lon="18.658699"><ele>474</ele></trkpt>
      <trkpt lat="48.463745" lon="18.658698"><ele>475</ele></trkpt>
      <trkpt lat="48.463798" lon="18.658701"><ele>477</ele></trkpt>
      <trkpt lat="48.463846" lon="18.658719"><ele>478</ele></trkpt>
      <trkpt lat="48.463903" lon="18.658726"><ele>479</ele></trkpt>
      <trkpt lat="48.463936" lon="18.658731"><ele>479</ele></trkpt>
      <trkpt lat="48.463955" lon="18.658828"><ele>475</ele></trkpt>
      <trkpt lat="48.464031" lon="18.658877"><ele>477</ele></trkpt>
      <trkpt lat="48.464067" lon="18.658829"><ele>477</ele></trkpt>
      <trkpt lat="48.464097" lon="18.65879"><ele>478</ele></trkpt>
      <trkpt lat="48.464187" lon="18.658825"><ele>477</ele></trkpt>
      <trkpt lat="48.464241" lon="18.658921"><ele>477</ele></trkpt>
      <trkpt lat="48.464294" lon="18.659007"><ele>476</ele></trkpt>
      <trkpt lat="48.464385" lon="18.65892"><ele>479</ele></trkpt>
      <trkpt lat="48.464434" lon="18.65892"><ele>480</ele></trkpt>
      <trkpt lat="48.464467" lon="18.658975"><ele>480</ele></trkpt>
      <trkpt lat="48.464483" lon="18.659"><ele>478</ele></trkpt>
      <trkpt lat="48.464509" lon="18.659038"><ele>478</ele></trkpt>
      <trkpt lat="48.464565" lon="18.659103"><ele>476</ele></trkpt>
      <trkpt lat="48.464579" lon="18.659168"><ele>481</ele></trkpt>
      <trkpt lat="48.464592" lon="18.659218"><ele>476</ele></trkpt>
      <trkpt lat="48.464654" lon="18.659277"><ele>476</ele></trkpt>
      <trkpt lat="48.464697" lon="18.659303"><ele>476</ele></trkpt>
      <trkpt lat="48.464736" lon="18.659397"><ele>474</ele></trkpt>
      <trkpt lat="48.464779" lon="18.659427"><ele>477</ele></trkpt>
      <trkpt lat="48.464818" lon="18.659456"><ele>477</ele></trkpt>
      <trkpt lat="48.46485" lon="18.659496"><ele>484</ele></trkpt>
      <trkpt lat="48.464916" lon="18.659521"><ele>488</ele></trkpt>
      <trkpt lat="48.464976" lon="18.659528"><ele>489</ele></trkpt>
      <trkpt lat="48.465009" lon="18.659611"><ele>492</ele></trkpt>
      <trkpt lat="48.465057" lon="18.659718"><ele>493</ele></trkpt>
      <trkpt lat="48.465115" lon="18.659726"><ele>493</ele></trkpt>
      <trkpt lat="48.465164" lon="18.659726"><ele>493</ele></trkpt>
      <trkpt lat="48.465219" lon="18.659743"><ele>495</ele></trkpt>
      <trkpt lat="48.465274" lon="18.659744"><ele>497</ele></trkpt>
      <trkpt lat="48.465306" lon="18.659747"><ele>497</ele></trkpt>
      <trkpt lat="48.465355" lon="18.659768"><ele>499</ele></trkpt>
      <trkpt lat="48.465396" lon="18.65983"><ele>498</ele></trkpt>
      <trkpt lat="48.46543" lon="18.659884"><ele>503</ele></trkpt>
      <trkpt lat="48.465486" lon="18.65989"><ele>504</ele></trkpt>
      <trkpt lat="48.465532" lon="18.659956"><ele>499</ele></trkpt>
      <trkpt lat="48.465573" lon="18.659999"><ele>499</ele></trkpt>
      <trkpt lat="48.465639" lon="18.660081"><ele>500</ele></trkpt>
      <trkpt lat="48.465675" lon="18.660129"><ele>506</ele></trkpt>
      <trkpt lat="48.465699" lon="18.660216"><ele>506</ele></trkpt>
      <trkpt lat="48.465726" lon="18.660288"><ele>507</ele></trkpt>
      <trkpt lat="48.465787" lon="18.660283"><ele>508</ele></trkpt>
      <trkpt lat="48.465821" lon="18.660278"><ele>508</ele></trkpt>
      <trkpt lat="48.465855" lon="18.660274"><ele>509</ele></trkpt>
      <trkpt lat="48.465949" lon="18.660281"><ele>510</ele></trkpt>
      <trkpt lat="48.466044" lon="18.660276"><ele>510</ele></trkpt>
      <trkpt lat="48.466149" lon="18.660267"><ele>511</ele></trkpt>
      <trkpt lat="48.466102" lon="18.660354"><ele>514</ele></trkpt>
      <trkpt lat="48.466174" lon="18.66039"><ele>516</ele></trkpt>
      <trkpt lat="48.46622" lon="18.660395"><ele>517</ele></trkpt>
      <trkpt lat="48.466248" lon="18.660448"><ele>518</ele></trkpt>
      <trkpt lat="48.466276" lon="18.660496"><ele>517</ele></trkpt>
      <trkpt lat="48.466302" lon="18.660559"><ele>518</ele></trkpt>
      <trkpt lat="48.466326" lon="18.660612"><ele>519</ele></trkpt>
      <trkpt lat="48.466382" lon="18.660715"><ele>517</ele></trkpt>
      <trkpt lat="48.466406" lon="18.660754"><ele>518</ele></trkpt>
      <trkpt lat="48.466427" lon="18.660782"><ele>520</ele></trkpt>
      <trkpt lat="48.466488" lon="18.66079"><ele>521</ele></trkpt>
      <trkpt lat="48.466616" lon="18.660869"><ele>519</ele></trkpt>
      <trkpt lat="48.466665" lon="18.660919"><ele>519</ele></trkpt>
      <trkpt lat="48.466676" lon="18.660994"><ele>516</ele></trkpt>
      <trkpt lat="48.46672" lon="18.661063"><ele>516</ele></trkpt>
      <trkpt lat="48.466774" lon="18.661055"><ele>517</ele></trkpt>
      <trkpt lat="48.466828" lon="18.661072"><ele>519</ele></trkpt>
      <trkpt lat="48.466863" lon="18.661118"><ele>520</ele></trkpt>
      <trkpt lat="48.46688" lon="18.661208"><ele>514</ele></trkpt>
      <trkpt lat="48.466929" lon="18.661268"><ele>513</ele></trkpt>
      <trkpt lat="48.466964" lon="18.661327"><ele>513</ele></trkpt>
      <trkpt lat="48.466993" lon="18.661384"><ele>512</ele></trkpt>
      <trkpt lat="48.467111" lon="18.6614"><ele>523</ele></trkpt>
      <trkpt lat="48.467214" lon="18.661433"><ele>521</ele></trkpt>
      <trkpt lat="48.467292" lon="18.661478"><ele>521</ele></trkpt>
      <trkpt lat="48.467357" lon="18.66155"><ele>521</ele></trkpt>
      <trkpt lat="48.467394" lon="18.661589"><ele>522</ele></trkpt>
      <trkpt lat="48.467431" lon="18.661625"><ele>520</ele></trkpt>
      <trkpt lat="48.467516" lon="18.661721"><ele>517</ele></trkpt>
      <trkpt lat="48.467609" lon="18.661748"><ele>520</ele></trkpt>
      <trkpt lat="48.467678" lon="18.661763"><ele>520</ele></trkpt>
      <trkpt lat="48.467761" lon="18.661823"><ele>521</ele></trkpt>
      <trkpt lat="48.46782" lon="18.661838"><ele>521</ele></trkpt>
      <trkpt lat="48.46787" lon="18.661859"><ele>519</ele></trkpt>
      <trkpt lat="48.467897" lon="18.661868"><ele>520</ele></trkpt>
      <trkpt lat="48.467968" lon="18.661833"><ele>521</ele></trkpt>
      <trkpt lat="48.468059" lon="18.66188"><ele>524</ele></trkpt>
      <trkpt lat="48.468117" lon="18.661929"><ele>525</ele></trkpt>
      <trkpt lat="48.46817" lon="18.661954"><ele>528</ele></trkpt>
      <trkpt lat="48.468196" lon="18.661964"><ele>526</ele></trkpt>
      <trkpt lat="48.468255" lon="18.661984"><ele>529</ele></trkpt>
      <trkpt lat="48.468304" lon="18.662011"><ele>531</ele></trkpt>
      <trkpt lat="48.468345" lon="18.662052"><ele>526</ele></trkpt>
      <trkpt lat="48.468432" lon="18.662135"><ele>526</ele></trkpt>
      <trkpt lat="48.468459" lon="18.66216"><ele>527</ele></trkpt>
      <trkpt lat="48.468559" lon="18.662232"><ele>525</ele></trkpt>
      <trkpt lat="48.468586" lon="18.662248"><ele>526</ele></trkpt>
      <trkpt lat="48.468638" lon="18.662268"><ele>528</ele></trkpt>
      <trkpt lat="48.468685" lon="18.662325"><ele>529</ele></trkpt>
      <trkpt lat="48.468712" lon="18.662352"><ele>534</ele></trkpt>
      <trkpt lat="48.468758" lon="18.662409"><ele>531</ele></trkpt>
      <trkpt lat="48.468805" lon="18.662432"><ele>528</ele></trkpt>
      <trkpt lat="48.46885" lon="18.66247"><ele>531</ele></trkpt>
      <trkpt lat="48.4689" lon="18.662497"><ele>536</ele></trkpt>
      <trkpt lat="48.468948" lon="18.662505"><ele>536</ele></trkpt>
      <trkpt lat="48.468989" lon="18.66255"><ele>536</ele></trkpt>
      <trkpt lat="48.469063" lon="18.662661"><ele>536</ele></trkpt>
      <trkpt lat="48.469135" lon="18.662715"><ele>534</ele></trkpt>
      <trkpt lat="48.469177" lon="18.662778"><ele>536</ele></trkpt>
      <trkpt lat="48.469195" lon="18.662803"><ele>535</ele></trkpt>
      <trkpt lat="48.469228" lon="18.662884"><ele>536</ele></trkpt>
      <trkpt lat="48.469265" lon="18.662934"><ele>537</ele></trkpt>
      <trkpt lat="48.469334" lon="18.662995"><ele>537</ele></trkpt>
      <trkpt lat="48.469373" lon="18.663035"><ele>538</ele></trkpt>
      <trkpt lat="48.469401" lon="18.663059"><ele>539</ele></trkpt>
      <trkpt lat="48.469438" lon="18.663117"><ele>536</ele></trkpt>
      <trkpt lat="48.46953" lon="18.663152"><ele>539</ele></trkpt>
      <trkpt lat="48.469593" lon="18.663164"><ele>539</ele></trkpt>
      <trkpt lat="48.469675" lon="18.663184"><ele>540</ele></trkpt>
      <trkpt lat="48.469725" lon="18.663219"><ele>540</ele></trkpt>
      <trkpt lat="48.469799" lon="18.663306"><ele>538</ele></trkpt>
      <trkpt lat="48.469917" lon="18.663369"><ele>538</ele></trkpt>
      <trkpt lat="48.470011" lon="18.663464"><ele>539</ele></trkpt>
      <trkpt lat="48.47007" lon="18.663519"><ele>542</ele></trkpt>
      <trkpt lat="48.469983" lon="18.663232"><ele>542</ele></trkpt>
      <trkpt lat="48.470034" lon="18.663161"><ele>541</ele></trkpt>
      <trkpt lat="48.470098" lon="18.663181"><ele>542</ele></trkpt>
      <trkpt lat="48.47018" lon="18.66322"><ele>538</ele></trkpt>
      <trkpt lat="48.470227" lon="18.663233"><ele>540</ele></trkpt>
      <trkpt lat="48.470297" lon="18.663253"><ele>545</ele></trkpt>
      <trkpt lat="48.470403" lon="18.663354"><ele>547</ele></trkpt>
      <trkpt lat="48.470465" lon="18.663404"><ele>548</ele></trkpt>
      <trkpt lat="48.470543" lon="18.66345"><ele>549</ele></trkpt>
      <trkpt lat="48.470595" lon="18.663451"><ele>551</ele></trkpt>
      <trkpt lat="48.470669" lon="18.663427"><ele>553</ele></trkpt>
      <trkpt lat="48.470723" lon="18.66339"><ele>555</ele></trkpt>
      <trkpt lat="48.470752" lon="18.663368"><ele>554</ele></trkpt>
      <trkpt lat="48.470783" lon="18.663347"><ele>556</ele></trkpt>
      <trkpt lat="48.470841" lon="18.663296"><ele>556</ele></trkpt>
      <trkpt lat="48.470901" lon="18.663281"><ele>558</ele></trkpt>
      <trkpt lat="48.470981" lon="18.663199"><ele>558</ele></trkpt>
      <trkpt lat="48.471061" lon="18.663157"><ele>560</ele></trkpt>
      <trkpt lat="48.4711" lon="18.663121"><ele>560</ele></trkpt>
      <trkpt lat="48.471146" lon="18.663058"><ele>560</ele></trkpt>
      <trkpt lat="48.471191" lon="18.663032"><ele>563</ele></trkpt>
      <trkpt lat="48.47121" lon="18.662968"><ele>563</ele></trkpt>
      <trkpt lat="48.471234" lon="18.662906"><ele>563</ele></trkpt>
      <trkpt lat="48.471254" lon="18.662857"><ele>562</ele></trkpt>
      <trkpt lat="48.471305" lon="18.662799"><ele>562</ele></trkpt>
      <trkpt lat="48.47133" lon="18.662774"><ele>561</ele></trkpt>
      <trkpt lat="48.47137" lon="18.662707"><ele>561</ele></trkpt>
      <trkpt lat="48.471405" lon="18.662613"><ele>563</ele></trkpt>
      <trkpt lat="48.471423" lon="18.662557"><ele>562</ele></trkpt>
      <trkpt lat="48.471512" lon="18.662429"><ele>562</ele></trkpt>
      <trkpt lat="48.471532" lon="18.662396"><ele>563</ele></trkpt>
      <trkpt lat="48.471561" lon="18.662299"><ele>562</ele></trkpt>
      <trkpt lat="48.471596" lon="18.662125"><ele>565</ele></trkpt>
      <trkpt lat="48.471611" lon="18.662063"><ele>562</ele></trkpt>
      <trkpt lat="48.471625" lon="18.662019"><ele>562</ele></trkpt>
      <trkpt lat="48.471638" lon="18.661982"><ele>562</ele></trkpt>
      <trkpt lat="48.471652" lon="18.661942"><ele>561</ele></trkpt>
      <trkpt lat="48.471668" lon="18.661902"><ele>560</ele></trkpt>
      <trkpt lat="48.471691" lon="18.661792"><ele>559</ele></trkpt>
      <trkpt lat="48.471702" lon="18.661746"><ele>559</ele></trkpt>
      <trkpt lat="48.47174" lon="18.661687"><ele>557</ele></trkpt>
      <trkpt lat="48.471828" lon="18.661606"><ele>560</ele></trkpt>
      <trkpt lat="48.471881" lon="18.661571"><ele>560</ele></trkpt>
      <trkpt lat="48.471953" lon="18.66151"><ele>561</ele></trkpt>
      <trkpt lat="48.471962" lon="18.661424"><ele>562</ele></trkpt>
      <trkpt lat="48.471952" lon="18.661265"><ele>559</ele></trkpt>
      <trkpt lat="48.471971" lon="18.661171"><ele>559</ele></trkpt>
      <trkpt lat="48.472012" lon="18.661142"><ele>559</ele></trkpt>
      <trkpt lat="48.472063" lon="18.661158"><ele>559</ele></trkpt>
      <trkpt lat="48.472129" lon="18.661135"><ele>557</ele></trkpt>
      <trkpt lat="48.472202" lon="18.661159"><ele>556</ele></trkpt>
      <trkpt lat="48.472262" lon="18.661175"><ele>553</ele></trkpt>
      <trkpt lat="48.472306" lon="18.661231"><ele>553</ele></trkpt>
      <trkpt lat="48.472411" lon="18.661206"><ele>548</ele></trkpt>
      <trkpt lat="48.47247" lon="18.661154"><ele>549</ele></trkpt>
      <trkpt lat="48.472525" lon="18.661101"><ele>546</ele></trkpt>
      <trkpt lat="48.472556" lon="18.661029"><ele>544</ele></trkpt>
      <trkpt lat="48.472572" lon="18.660984"><ele>545</ele></trkpt>
      <trkpt lat="48.472606" lon="18.660926"><ele>543</ele></trkpt>
      <trkpt lat="48.472654" lon="18.660922"><ele>541</ele></trkpt>
      <trkpt lat="48.472729" lon="18.660793"><ele>540</ele></trkpt>
      <trkpt lat="48.472751" lon="18.660758"><ele>540</ele></trkpt>
      <trkpt lat="48.472811" lon="18.660722"><ele>539</ele></trkpt>
      <trkpt lat="48.472866" lon="18.660709"><ele>539</ele></trkpt>
      <trkpt lat="48.472911" lon="18.66072"><ele>534</ele></trkpt>
      <trkpt lat="48.472978" lon="18.660727"><ele>533</ele></trkpt>
      <trkpt lat="48.473025" lon="18.660738"><ele>535</ele></trkpt>
      <trkpt lat="48.473065" lon="18.66075"><ele>534</ele></trkpt>
      <trkpt lat="48.473113" lon="18.660702"><ele>535</ele></trkpt>
      <trkpt lat="48.473159" lon="18.66072"><ele>536</ele></trkpt>
      <trkpt lat="48.473219" lon="18.660744"><ele>534</ele></trkpt>
      <trkpt lat="48.473265" lon="18.660733"><ele>537</ele></trkpt>
      <trkpt lat="48.473343" lon="18.660764"><ele>534</ele></trkpt>
      <trkpt lat="48.473396" lon="18.660811"><ele>534</ele></trkpt>
      <trkpt lat="48.473448" lon="18.660848"><ele>549</ele></trkpt>
      <trkpt lat="48.473506" lon="18.660814"><ele>541</ele></trkpt>
      <trkpt lat="48.473534" lon="18.660754"><ele>538</ele></trkpt>
      <trkpt lat="48.4736" lon="18.660708"><ele>540</ele></trkpt>
      <trkpt lat="48.473632" lon="18.660688"><ele>542</ele></trkpt>
      <trkpt lat="48.47366" lon="18.660674"><ele>542</ele></trkpt>
      <trkpt lat="48.473725" lon="18.660667"><ele>540</ele></trkpt>
      <trkpt lat="48.473807" lon="18.660698"><ele>537</ele></trkpt>
      <trkpt lat="48.473886" lon="18.660755"><ele>536</ele></trkpt>
      <trkpt lat="48.473967" lon="18.660789"><ele>536</ele></trkpt>
      <trkpt lat="48.474059" lon="18.660825"><ele>536</ele></trkpt>
      <trkpt lat="48.474089" lon="18.660834"><ele>536</ele></trkpt>
      <trkpt lat="48.474121" lon="18.660766"><ele>538</ele></trkpt>
      <trkpt lat="48.474181" lon="18.660727"><ele>550</ele></trkpt>
      <trkpt lat="48.474234" lon="18.660717"><ele>548</ele></trkpt>
      <trkpt lat="48.474321" lon="18.660656"><ele>548</ele></trkpt>
      <trkpt lat="48.474347" lon="18.660642"><ele>547</ele></trkpt>
      <trkpt lat="48.474397" lon="18.660605"><ele>546</ele></trkpt>
      <trkpt lat="48.47442" lon="18.660586"><ele>547</ele></trkpt>
      <trkpt lat="48.47451" lon="18.660506"><ele>547</ele></trkpt>
      <trkpt lat="48.474542" lon="18.660456"><ele>549</ele></trkpt>
      <trkpt lat="48.474585" lon="18.660368"><ele>552</ele></trkpt>
      <trkpt lat="48.474612" lon="18.660307"><ele>553</ele></trkpt>
      <trkpt lat="48.474637" lon="18.660256"><ele>557</ele></trkpt>
      <trkpt lat="48.474697" lon="18.660218"><ele>558</ele></trkpt>
      <trkpt lat="48.474745" lon="18.66017"><ele>563</ele></trkpt>
      <trkpt lat="48.474794" lon="18.660125"><ele>564</ele></trkpt>
      <trkpt lat="48.474858" lon="18.660019"><ele>566</ele></trkpt>
      <trkpt lat="48.475094" lon="18.660346"><ele>563</ele></trkpt>
      <trkpt lat="48.475019" lon="18.66"><ele>561</ele></trkpt>
      <trkpt lat="48.47509" lon="18.659964"><ele>560</ele></trkpt>
      <trkpt lat="48.475149" lon="18.659964"><ele>558</ele></trkpt>
      <trkpt lat="48.475186" lon="18.659897"><ele>557</ele></trkpt>
      <trkpt lat="48.475218" lon="18.659812"><ele>557</ele></trkpt>
      <trkpt lat="48.475303" lon="18.659749"><ele>558</ele></trkpt>
      <trkpt lat="48.475345" lon="18.659709"><ele>559</ele></trkpt>
      <trkpt lat="48.475362" lon="18.659577"><ele>559</ele></trkpt>
      <trkpt lat="48.475402" lon="18.65949"><ele>562</ele></trkpt>
      <trkpt lat="48.475424" lon="18.659415"><ele>562</ele></trkpt>
      <trkpt lat="48.475434" lon="18.659384"><ele>564</ele></trkpt>
      <trkpt lat="48.475491" lon="18.659352"><ele>572</ele></trkpt>
      <trkpt lat="48.475525" lon="18.659337"><ele>576</ele></trkpt>
      <trkpt lat="48.475565" lon="18.6593"><ele>580</ele></trkpt>
      <trkpt lat="48.475614" lon="18.659272"><ele>585</ele></trkpt>
      <trkpt lat="48.47566" lon="18.65923"><ele>585</ele></trkpt>
      <trkpt lat="48.475686" lon="18.659168"><ele>586</ele></trkpt>
      <trkpt lat="48.475757" lon="18.65908"><ele>589</ele></trkpt>
      <trkpt lat="48.475805" lon="18.659083"><ele>590</ele></trkpt>
      <trkpt lat="48.475862" lon="18.659099"><ele>592</ele></trkpt>
      <trkpt lat="48.475926" lon="18.659097"><ele>592</ele></trkpt>
      <trkpt lat="48.475994" lon="18.659072"><ele>593</ele></trkpt>
      <trkpt lat="48.476047" lon="18.65906"><ele>592</ele></trkpt>
      <trkpt lat="48.476074" lon="18.659053"><ele>590</ele></trkpt>
      <trkpt lat="48.476127" lon="18.65905"><ele>590</ele></trkpt>
      <trkpt lat="48.476178" lon="18.65904"><ele>588</ele></trkpt>
      <trkpt lat="48.476225" lon="18.65906"><ele>590</ele></trkpt>
      <trkpt lat="48.476261" lon="18.65908"><ele>590</ele></trkpt>
      <trkpt lat="48.476283" lon="18.659091"><ele>590</ele></trkpt>
      <trkpt lat="48.476325" lon="18.659118"><ele>592</ele></trkpt>
      <trkpt lat="48.476351" lon="18.659132"><ele>593</ele></trkpt>
      <trkpt lat="48.476399" lon="18.659152"><ele>595</ele></trkpt>
      <trkpt lat="48.476422" lon="18.659163"><ele>594</ele></trkpt>
      <trkpt lat="48.476477" lon="18.65918"><ele>591</ele></trkpt>
      <trkpt lat="48.476523" lon="18.659213"><ele>591</ele></trkpt>
      <trkpt lat="48.476555" lon="18.659234"><ele>592</ele></trkpt>
      <trkpt lat="48.476584" lon="18.659254"><ele>593</ele></trkpt>
      <trkpt lat="48.476611" lon="18.659269"><ele>592</ele></trkpt>
      <trkpt lat="48.476635" lon="18.659282"><ele>592</ele></trkpt>
      <trkpt lat="48.476662" lon="18.659298"><ele>592</ele></trkpt>
      <trkpt lat="48.476693" lon="18.659319"><ele>593</ele></trkpt>
      <trkpt lat="48.476721" lon="18.65934"><ele>594</ele></trkpt>
      <trkpt lat="48.476743" lon="18.659356"><ele>593</ele></trkpt>
      <trkpt lat="48.476795" lon="18.659396"><ele>593</ele></trkpt>
      <trkpt lat="48.476828" lon="18.659421"><ele>593</ele></trkpt>
      <trkpt lat="48.476879" lon="18.659444"><ele>592</ele></trkpt>
      <trkpt lat="48.476938" lon="18.659464"><ele>592</ele></trkpt>
      <trkpt lat="48.476992" lon="18.659489"><ele>591</ele></trkpt>
      <trkpt lat="48.477067" lon="18.659492"><ele>591</ele></trkpt>
      <trkpt lat="48.477098" lon="18.659495"><ele>591</ele></trkpt>
      <trkpt lat="48.477167" lon="18.65951"><ele>591</ele></trkpt>
      <trkpt lat="48.477236" lon="18.659495"><ele>590</ele></trkpt>
      <trkpt lat="48.4773" lon="18.659473"><ele>591</ele></trkpt>
      <trkpt lat="48.477352" lon="18.659478"><ele>591</ele></trkpt>
      <trkpt lat="48.477378" lon="18.659482"><ele>590</ele></trkpt>
      <trkpt lat="48.477407" lon="18.659484"><ele>588</ele></trkpt>
      <trkpt lat="48.477462" lon="18.659495"><ele>588</ele></trkpt>
      <trkpt lat="48.477485" lon="18.659501"><ele>587</ele></trkpt>
      <trkpt lat="48.477537" lon="18.659498"><ele>586</ele></trkpt>
      <trkpt lat="48.477607" lon="18.659484"><ele>588</ele></trkpt>
      <trkpt lat="48.477632" lon="18.65948"><ele>589</ele></trkpt>
      <trkpt lat="48.477659" lon="18.659475"><ele>590</ele></trkpt>
      <trkpt lat="48.477733" lon="18.659433"><ele>592</ele></trkpt>
      <trkpt lat="48.477774" lon="18.659393"><ele>592</ele></trkpt>
      <trkpt lat="48.477829" lon="18.65936"><ele>590</ele></trkpt>
      <trkpt lat="48.477859" lon="18.659345"><ele>591</ele></trkpt>
      <trkpt lat="48.477884" lon="18.659333"><ele>590</ele></trkpt>
      <trkpt lat="48.477936" lon="18.659306"><ele>590</ele></trkpt>
      <trkpt lat="48.478001" lon="18.659285"><ele>588</ele></trkpt>
      <trkpt lat="48.478082" lon="18.65925"><ele>588</ele></trkpt>
      <trkpt lat="48.478103" lon="18.65924"><ele>587</ele></trkpt>
      <trkpt lat="48.478144" lon="18.659204"><ele>589</ele></trkpt>
      <trkpt lat="48.478192" lon="18.659168"><ele>588</ele></trkpt>
      <trkpt lat="48.478232" lon="18.659143"><ele>587</ele></trkpt>
      <trkpt lat="48.478256" lon="18.659131"><ele>587</ele></trkpt>
      <trkpt lat="48.478327" lon="18.65908"><ele>588</ele></trkpt>
      <trkpt lat="48.478349" lon="18.659063"><ele>587</ele></trkpt>
      <trkpt lat="48.478371" lon="18.659046"><ele>587</ele></trkpt>
      <trkpt lat="48.478395" lon="18.659023"><ele>588</ele></trkpt>
      <trkpt lat="48.478418" lon="18.659001"><ele>586</ele></trkpt>
      <trkpt lat="48.478451" lon="18.658962"><ele>587</ele></trkpt>
      <trkpt lat="48.47847" lon="18.658935"><ele>587</ele></trkpt>
      <trkpt lat="48.478487" lon="18.658912"><ele>588</ele></trkpt>
      <trkpt lat="48.478542" lon="18.658863"><ele>590</ele></trkpt>
      <trkpt lat="48.478565" lon="18.658842"><ele>590</ele></trkpt>
      <trkpt lat="48.478588" lon="18.658819"><ele>590</ele></trkpt>
      <trkpt lat="48.47861" lon="18.658799"><ele>590</ele></trkpt>
      <trkpt lat="48.478659" lon="18.658767"><ele>590</ele></trkpt>
      <trkpt lat="48.478715" lon="18.65874"><ele>591</ele></trkpt>
      <trkpt lat="48.478737" lon="18.658726"><ele>590</ele></trkpt>
      <trkpt lat="48.478762" lon="18.65871"><ele>590</ele></trkpt>
      <trkpt lat="48.478805" lon="18.658673"><ele>590</ele></trkpt>
      <trkpt lat="48.478828" lon="18.658653"><ele>591</ele></trkpt>
      <trkpt lat="48.478874" lon="18.658607"><ele>593</ele></trkpt>
      <trkpt lat="48.478925" lon="18.65853"><ele>592</ele></trkpt>
      <trkpt lat="48.47894" lon="18.658504"><ele>593</ele></trkpt>
      <trkpt lat="48.478958" lon="18.658473"><ele>593</ele></trkpt>
      <trkpt lat="48.47898" lon="18.658401"><ele>594</ele></trkpt>
      <trkpt lat="48.479003" lon="18.658315"><ele>594</ele></trkpt>
      <trkpt lat="48.479021" lon="18.658257"><ele>595</ele></trkpt>
      <trkpt lat="48.479035" lon="18.658201"><ele>595</ele></trkpt>
      <trkpt lat="48.479054" lon="18.658073"><ele>595</ele></trkpt>
      <trkpt lat="48.479076" lon="18.657975"><ele>597</ele></trkpt>
      <trkpt lat="48.479116" lon="18.657878"><ele>597</ele></trkpt>
      <trkpt lat="48.479128" lon="18.657845"><ele>598</ele></trkpt>
      <trkpt lat="48.47915" lon="18.657776"><ele>598</ele></trkpt>
      <trkpt lat="48.479171" lon="18.657705"><ele>601</ele></trkpt>
      <trkpt lat="48.479194" lon="18.657595"><ele>602</ele></trkpt>
      <trkpt lat="48.479209" lon="18.657517"><ele>603</ele></trkpt>
      <trkpt lat="48.479223" lon="18.657456"><ele>597</ele></trkpt>
      <trkpt lat="48.479241" lon="18.657391"><ele>601</ele></trkpt>
      <trkpt lat="48.479251" lon="18.657345"><ele>598</ele></trkpt>
      <trkpt lat="48.47927" lon="18.657268"><ele>600</ele></trkpt>
      <trkpt lat="48.479286" lon="18.657188"><ele>599</ele></trkpt>
      <trkpt lat="48.479292" lon="18.657151"><ele>597</ele></trkpt>
      <trkpt lat="48.479311" lon="18.657059"><ele>597</ele></trkpt>
      <trkpt lat="48.479325" lon="18.656986"><ele>598</ele></trkpt>
      <trkpt lat="48.479342" lon="18.656921"><ele>599</ele></trkpt>
      <trkpt lat="48.479358" lon="18.656863"><ele>599</ele></trkpt>
      <trkpt lat="48.479378" lon="18.656781"><ele>599</ele></trkpt>
      <trkpt lat="48.479412" lon="18.656707"><ele>599</ele></trkpt>
      <trkpt lat="48.479444" lon="18.656644"><ele>598</ele></trkpt>
      <trkpt lat="48.47946" lon="18.656574"><ele>596</ele></trkpt>
      <trkpt lat="48.479471" lon="18.656529"><ele>597</ele></trkpt>
      <trkpt lat="48.479484" lon="18.656485"><ele>598</ele></trkpt>
      <trkpt lat="48.479509" lon="18.656388"><ele>598</ele></trkpt>
      <trkpt lat="48.479521" lon="18.656346"><ele>599</ele></trkpt>
      <trkpt lat="48.479539" lon="18.656264"><ele>600</ele></trkpt>
      <trkpt lat="48.479548" lon="18.656229"><ele>599</ele></trkpt>
      <trkpt lat="48.479557" lon="18.656189"><ele>602</ele></trkpt>
      <trkpt lat="48.479568" lon="18.65615"><ele>603</ele></trkpt>
      <trkpt lat="48.479586" lon="18.656078"><ele>603</ele></trkpt>
      <trkpt lat="48.479597" lon="18.656038"><ele>602</ele></trkpt>
      <trkpt lat="48.47961" lon="18.655989"><ele>601</ele></trkpt>
      <trkpt lat="48.47962" lon="18.65594"><ele>599</ele></trkpt>
      <trkpt lat="48.47963" lon="18.655879"><ele>600</ele></trkpt>
      <trkpt lat="48.47965" lon="18.655809"><ele>600</ele></trkpt>
      <trkpt lat="48.479666" lon="18.655762"><ele>599</ele></trkpt>
      <trkpt lat="48.479687" lon="18.6557"><ele>597</ele></trkpt>
      <trkpt lat="48.479718" lon="18.65562"><ele>596</ele></trkpt>
      <trkpt lat="48.479734" lon="18.655583"><ele>597</ele></trkpt>
      <trkpt lat="48.479777" lon="18.655475"><ele>600</ele></trkpt>
      <trkpt lat="48.479796" lon="18.655433"><ele>600</ele></trkpt>
      <trkpt lat="48.479809" lon="18.655402"><ele>602</ele></trkpt>
      <trkpt lat="48.479845" lon="18.655321"><ele>602</ele></trkpt>
      <trkpt lat="48.479878" lon="18.655263"><ele>603</ele></trkpt>
      <trkpt lat="48.479913" lon="18.6552"><ele>603</ele></trkpt>
      <trkpt lat="48.479976" lon="18.655119"><ele>604</ele></trkpt>
      <trkpt lat="48.480008" lon="18.65505"><ele>600</ele></trkpt>
      <trkpt lat="48.480025" lon="18.655013"><ele>600</ele></trkpt>
      <trkpt lat="48.480054" lon="18.654939"><ele>600</ele></trkpt>
      <trkpt lat="48.480135" lon="18.654772"><ele>598</ele></trkpt>
      <trkpt lat="48.48015" lon="18.654744"><ele>599</ele></trkpt>
      <trkpt lat="48.480166" lon="18.654718"><ele>598</ele></trkpt>
      <trkpt lat="48.480181" lon="18.654691"><ele>598</ele></trkpt>
      <trkpt lat="48.4802" lon="18.654657"><ele>598</ele></trkpt>
      <trkpt lat="48.480234" lon="18.654588"><ele>599</ele></trkpt>
      <trkpt lat="48.480263" lon="18.6545"><ele>597</ele></trkpt>
      <trkpt lat="48.480274" lon="18.654464"><ele>599</ele></trkpt>
      <trkpt lat="48.480286" lon="18.654431"><ele>600</ele></trkpt>
      <trkpt lat="48.480313" lon="18.654358"><ele>600</ele></trkpt>
      <trkpt lat="48.480326" lon="18.654324"><ele>602</ele></trkpt>
      <trkpt lat="48.48034" lon="18.654294"><ele>602</ele></trkpt>
      <trkpt lat="48.480353" lon="18.654266"><ele>603</ele></trkpt>
      <trkpt lat="48.480392" lon="18.654174"><ele>604</ele></trkpt>
      <trkpt lat="48.480418" lon="18.654119"><ele>604</ele></trkpt>
      <trkpt lat="48.480434" lon="18.654087"><ele>604</ele></trkpt>
      <trkpt lat="48.480449" lon="18.654051"><ele>605</ele></trkpt>
      <trkpt lat="48.480463" lon="18.654013"><ele>606</ele></trkpt>
      <trkpt lat="48.480488" lon="18.653946"><ele>607</ele></trkpt>
      <trkpt lat="48.480514" lon="18.65389"><ele>607</ele></trkpt>
      <trkpt lat="48.480531" lon="18.653857"><ele>607</ele></trkpt>
      <trkpt lat="48.480548" lon="18.653825"><ele>608</ele></trkpt>
      <trkpt lat="48.480575" lon="18.653761"><ele>607</ele></trkpt>
      <trkpt lat="48.48059" lon="18.653724"><ele>606</ele></trkpt>
      <trkpt lat="48.48061" lon="18.653679"><ele>606</ele></trkpt>
      <trkpt lat="48.480641" lon="18.653594"><ele>606</ele></trkpt>
      <trkpt lat="48.480664" lon="18.653507"><ele>605</ele></trkpt>
      <trkpt lat="48.480673" lon="18.653465"><ele>605</ele></trkpt>
      <trkpt lat="48.480683" lon="18.653404"><ele>605</ele></trkpt>
      <trkpt lat="48.48069" lon="18.653327"><ele>606</ele></trkpt>
      <trkpt lat="48.480695" lon="18.653281"><ele>606</ele></trkpt>
      <trkpt lat="48.4807" lon="18.653239"><ele>606</ele></trkpt>
      <trkpt lat="48.480706" lon="18.653203"><ele>606</ele></trkpt>
      <trkpt lat="48.480721" lon="18.653105"><ele>606</ele></trkpt>
      <trkpt lat="48.480726" lon="18.653066"><ele>607</ele></trkpt>
      <trkpt lat="48.48073" lon="18.653008"><ele>606</ele></trkpt>
      <trkpt lat="48.480732" lon="18.652963"><ele>607</ele></trkpt>
      <trkpt lat="48.480726" lon="18.652876"><ele>608</ele></trkpt>
      <trkpt lat="48.480724" lon="18.652786"><ele>608</ele></trkpt>
      <trkpt lat="48.480731" lon="18.652702"><ele>608</ele></trkpt>
      <trkpt lat="48.480735" lon="18.652665"><ele>609</ele></trkpt>
      <trkpt lat="48.48074" lon="18.652629"><ele>610</ele></trkpt>
      <trkpt lat="48.480749" lon="18.652577"><ele>611</ele></trkpt>
      <trkpt lat="48.480758" lon="18.652539"><ele>611</ele></trkpt>
      <trkpt lat="48.480767" lon="18.652491"><ele>611</ele></trkpt>
      <trkpt lat="48.480781" lon="18.652422"><ele>613</ele></trkpt>
      <trkpt lat="48.4808" lon="18.652354"><ele>614</ele></trkpt>
      <trkpt lat="48.480809" lon="18.652286"><ele>613</ele></trkpt>
      <trkpt lat="48.480814" lon="18.652253"><ele>614</ele></trkpt>
      <trkpt lat="48.480843" lon="18.652187"><ele>617</ele></trkpt>
      <trkpt lat="48.480863" lon="18.652089"><ele>620</ele></trkpt>
      <trkpt lat="48.480873" lon="18.652039"><ele>617</ele></trkpt>
      <trkpt lat="48.480895" lon="18.651974"><ele>615</ele></trkpt>
      <trkpt lat="48.48091" lon="18.651888"><ele>617</ele></trkpt>
      <trkpt lat="48.480928" lon="18.651815"><ele>615</ele></trkpt>
      <trkpt lat="48.480969" lon="18.651758"><ele>617</ele></trkpt>
      <trkpt lat="48.481003" lon="18.6516"><ele>617</ele></trkpt>
      <trkpt lat="48.481031" lon="18.651533"><ele>613</ele></trkpt>
      <trkpt lat="48.481044" lon="18.651496"><ele>615</ele></trkpt>
      <trkpt lat="48.481058" lon="18.65145"><ele>613</ele></trkpt>
      <trkpt lat="48.481072" lon="18.651407"><ele>613</ele></trkpt>
      <trkpt lat="48.481099" lon="18.651351"><ele>614</ele></trkpt>
      <trkpt lat="48.481122" lon="18.651285"><ele>620</ele></trkpt>
      <trkpt lat="48.481148" lon="18.651227"><ele>619</ele></trkpt>
      <trkpt lat="48.481169" lon="18.651186"><ele>619</ele></trkpt>
      <trkpt lat="48.481189" lon="18.65111"><ele>619</ele></trkpt>
      <trkpt lat="48.481225" lon="18.651036"><ele>616</ele></trkpt>
      <trkpt lat="48.481246" lon="18.650964"><ele>613</ele></trkpt>
      <trkpt lat="48.481255" lon="18.650932"><ele>613</ele></trkpt>
      <trkpt lat="48.481272" lon="18.650878"><ele>613</ele></trkpt>
      <trkpt lat="48.481287" lon="18.650818"><ele>608</ele></trkpt>
      <trkpt lat="48.481309" lon="18.650755"><ele>608</ele></trkpt>
      <trkpt lat="48.481328" lon="18.650706"><ele>607</ele></trkpt>
      <trkpt lat="48.481347" lon="18.650651"><ele>607</ele></trkpt>
      <trkpt lat="48.481378" lon="18.650597"><ele>608</ele></trkpt>
      <trkpt lat="48.481402" lon="18.650553"><ele>607</ele></trkpt>
      <trkpt lat="48.48143" lon="18.650476"><ele>606</ele></trkpt>
      <trkpt lat="48.481448" lon="18.650426"><ele>605</ele></trkpt>
      <trkpt lat="48.481483" lon="18.650356"><ele>605</ele></trkpt>
      <trkpt lat="48.481506" lon="18.650288"><ele>604</ele></trkpt>
      <trkpt lat="48.481535" lon="18.650232"><ele>604</ele></trkpt>
      <trkpt lat="48.481561" lon="18.650165"><ele>603</ele></trkpt>
      <trkpt lat="48.481594" lon="18.650108"><ele>602</ele></trkpt>
      <trkpt lat="48.481613" lon="18.650071"><ele>601</ele></trkpt>
      <trkpt lat="48.481641" lon="18.650013"><ele>601</ele></trkpt>
      <trkpt lat="48.481677" lon="18.649952"><ele>601</ele></trkpt>
      <trkpt lat="48.481709" lon="18.649901"><ele>601</ele></trkpt>
      <trkpt lat="48.481741" lon="18.649829"><ele>602</ele></trkpt>
      <trkpt lat="48.481748" lon="18.649741"><ele>601</ele></trkpt>
      <trkpt lat="48.481751" lon="18.649695"><ele>601</ele></trkpt>
      <trkpt lat="48.481745" lon="18.649622"><ele>602</ele></trkpt>
      <trkpt lat="48.48174" lon="18.64957"><ele>602</ele></trkpt>
      <trkpt lat="48.481733" lon="18.64951"><ele>601</ele></trkpt>
      <trkpt lat="48.481712" lon="18.649435"><ele>601</ele></trkpt>
      <trkpt lat="48.481698" lon="18.649358"><ele>599</ele></trkpt>
      <trkpt lat="48.481679" lon="18.649285"><ele>598</ele></trkpt>
      <trkpt lat="48.481671" lon="18.649253"><ele>598</ele></trkpt>
      <trkpt lat="48.481655" lon="18.649167"><ele>596</ele></trkpt>
      <trkpt lat="48.48163" lon="18.649111"><ele>596</ele></trkpt>
      <trkpt lat="48.481609" lon="18.649036"><ele>596</ele></trkpt>
      <trkpt lat="48.481581" lon="18.648976"><ele>599</ele></trkpt>
      <trkpt lat="48.481557" lon="18.648893"><ele>596</ele></trkpt>
      <trkpt lat="48.481546" lon="18.648844"><ele>596</ele></trkpt>
      <trkpt lat="48.48152" lon="18.648776"><ele>596</ele></trkpt>
      <trkpt lat="48.481493" lon="18.6487"><ele>596</ele></trkpt>
      <trkpt lat="48.481477" lon="18.648644"><ele>597</ele></trkpt>
      <trkpt lat="48.481455" lon="18.648546"><ele>597</ele></trkpt>
      <trkpt lat="48.481429" lon="18.648468"><ele>597</ele></trkpt>
      <trkpt lat="48.481399" lon="18.648346"><ele>599</ele></trkpt>
      <trkpt lat="48.481366" lon="18.648267"><ele>599</ele></trkpt>
      <trkpt lat="48.481347" lon="18.648224"><ele>598</ele></trkpt>
      <trkpt lat="48.481331" lon="18.648191"><ele>596</ele></trkpt>
      <trkpt lat="48.481314" lon="18.64816"><ele>596</ele></trkpt>
      <trkpt lat="48.481259" lon="18.648076"><ele>599</ele></trkpt>
      <trkpt lat="48.481227" lon="18.648018"><ele>599</ele></trkpt>
      <trkpt lat="48.481192" lon="18.647939"><ele>596</ele></trkpt>
      <trkpt lat="48.481172" lon="18.647896"><ele>595</ele></trkpt>
      <trkpt lat="48.481137" lon="18.647812"><ele>598</ele></trkpt>
      <trkpt lat="48.481107" lon="18.647745"><ele>595</ele></trkpt>
      <trkpt lat="48.481092" lon="18.647717"><ele>594</ele></trkpt>
      <trkpt lat="48.481052" lon="18.647663"><ele>594</ele></trkpt>
      <trkpt lat="48.481007" lon="18.647612"><ele>594</ele></trkpt>
      <trkpt lat="48.480944" lon="18.64751"><ele>595</ele></trkpt>
      <trkpt lat="48.480927" lon="18.647477"><ele>592</ele></trkpt>
      <trkpt lat="48.480911" lon="18.647442"><ele>592</ele></trkpt>
      <trkpt lat="48.480893" lon="18.647405"><ele>591</ele></trkpt>
      <trkpt lat="48.480876" lon="18.647368"><ele>590</ele></trkpt>
      <trkpt lat="48.480857" lon="18.64733"><ele>589</ele></trkpt>
      <trkpt lat="48.480801" lon="18.647221"><ele>587</ele></trkpt>
      <trkpt lat="48.480784" lon="18.647182"><ele>586</ele></trkpt>
      <trkpt lat="48.480764" lon="18.647134"><ele>585</ele></trkpt>
      <trkpt lat="48.480746" lon="18.647089"><ele>595</ele></trkpt>
      <trkpt lat="48.480706" lon="18.647008"><ele>596</ele></trkpt>
      <trkpt lat="48.480687" lon="18.646972"><ele>596</ele></trkpt>
      <trkpt lat="48.480665" lon="18.646937"><ele>593</ele></trkpt>
      <trkpt lat="48.480647" lon="18.646899"><ele>595</ele></trkpt>
      <trkpt lat="48.48063" lon="18.646866"><ele>594</ele></trkpt>
      <trkpt lat="48.480613" lon="18.646834"><ele>596</ele></trkpt>
      <trkpt lat="48.480597" lon="18.646804"><ele>596</ele></trkpt>
      <trkpt lat="48.48058" lon="18.64677"><ele>593</ele></trkpt>
      <trkpt lat="48.480562" lon="18.646726"><ele>590</ele></trkpt>
      <trkpt lat="48.480544" lon="18.646682"><ele>588</ele></trkpt>
      <trkpt lat="48.480528" lon="18.646644"><ele>584</ele></trkpt>
      <trkpt lat="48.480495" lon="18.646576"><ele>584</ele></trkpt>
      <trkpt lat="48.480478" lon="18.646541"><ele>583</ele></trkpt>
      <trkpt lat="48.480461" lon="18.646504"><ele>584</ele></trkpt>
      <trkpt lat="48.48041" lon="18.646389"><ele>582</ele></trkpt>
      <trkpt lat="48.480393" lon="18.646349"><ele>582</ele></trkpt>
      <trkpt lat="48.480349" lon="18.646202"><ele>582</ele></trkpt>
      <trkpt lat="48.480332" lon="18.646105"><ele>581</ele></trkpt>
      <trkpt lat="48.4803" lon="18.646041"><ele>580</ele></trkpt>
      <trkpt lat="48.480259" lon="18.64597"><ele>580</ele></trkpt>
      <trkpt lat="48.480247" lon="18.645878"><ele>581</ele></trkpt>
      <trkpt lat="48.480242" lon="18.645836"><ele>581</ele></trkpt>
      <trkpt lat="48.480209" lon="18.645765"><ele>585</ele></trkpt>
      <trkpt lat="48.48019" lon="18.645729"><ele>585</ele></trkpt>
      <trkpt lat="48.48018" lon="18.64566"><ele>586</ele></trkpt>
      <trkpt lat="48.480151" lon="18.645482"><ele>590</ele></trkpt>
      <trkpt lat="48.480143" lon="18.645439"><ele>593</ele></trkpt>
      <trkpt lat="48.48011" lon="18.645375"><ele>592</ele></trkpt>
      <trkpt lat="48.480083" lon="18.645298"><ele>593</ele></trkpt>
      <trkpt lat="48.480061" lon="18.645169"><ele>597</ele></trkpt>
      <trkpt lat="48.480052" lon="18.645066"><ele>601</ele></trkpt>
      <trkpt lat="48.48005" lon="18.644982"><ele>605</ele></trkpt>
      <trkpt lat="48.480089" lon="18.644865"><ele>608</ele></trkpt>
      <trkpt lat="48.480111" lon="18.644807"><ele>608</ele></trkpt>
      <trkpt lat="48.480128" lon="18.644739"><ele>610</ele></trkpt>
      <trkpt lat="48.48013" lon="18.644561"><ele>605</ele></trkpt>
      <trkpt lat="48.48015" lon="18.644488"><ele>612</ele></trkpt>
      <trkpt lat="48.480193" lon="18.644385"><ele>615</ele></trkpt>
      <trkpt lat="48.480191" lon="18.644306"><ele>617</ele></trkpt>
      <trkpt lat="48.48018" lon="18.644224"><ele>616</ele></trkpt>
      <trkpt lat="48.480186" lon="18.644112"><ele>613</ele></trkpt>
      <trkpt lat="48.480195" lon="18.644028"><ele>614</ele></trkpt>
      <trkpt lat="48.480205" lon="18.643913"><ele>615</ele></trkpt>
      <trkpt lat="48.480201" lon="18.64382"><ele>616</ele></trkpt>
      <trkpt lat="48.4802" lon="18.64374"><ele>616</ele></trkpt>
      <trkpt lat="48.480187" lon="18.643656"><ele>616</ele></trkpt>
      <trkpt lat="48.480183" lon="18.643577"><ele>616</ele></trkpt>
      <trkpt lat="48.480187" lon="18.643505"><ele>619</ele></trkpt>
      <trkpt lat="48.480189" lon="18.643462"><ele>619</ele></trkpt>
      <trkpt lat="48.48019" lon="18.643419"><ele>620</ele></trkpt>
      <trkpt lat="48.480151" lon="18.643295"><ele>621</ele></trkpt>
      <trkpt lat="48.480108" lon="18.643249"><ele>621</ele></trkpt>
      <trkpt lat="48.480086" lon="18.643163"><ele>622</ele></trkpt>
      <trkpt lat="48.480076" lon="18.643093"><ele>625</ele></trkpt>
      <trkpt lat="48.480074" lon="18.642999"><ele>627</ele></trkpt>
      <trkpt lat="48.480069" lon="18.642941"><ele>628</ele></trkpt>
      <trkpt lat="48.480064" lon="18.642891"><ele>627</ele></trkpt>
      <trkpt lat="48.48007" lon="18.642795"><ele>626</ele></trkpt>
      <trkpt lat="48.480087" lon="18.642665"><ele>626</ele></trkpt>
      <trkpt lat="48.480086" lon="18.642553"><ele>628</ele></trkpt>
      <trkpt lat="48.480073" lon="18.64242"><ele>627</ele></trkpt>
      <trkpt lat="48.480073" lon="18.64233"><ele>627</ele></trkpt>
      <trkpt lat="48.480078" lon="18.642201"><ele>624</ele></trkpt>
      <trkpt lat="48.480053" lon="18.642015"><ele>623</ele></trkpt>
      <trkpt lat="48.480039" lon="18.641945"><ele>622</ele></trkpt>
      <trkpt lat="48.480042" lon="18.641812"><ele>622</ele></trkpt>
      <trkpt lat="48.480059" lon="18.641744"><ele>622</ele></trkpt>
      <trkpt lat="48.480065" lon="18.641653"><ele>624</ele></trkpt>
      <trkpt lat="48.480052" lon="18.641527"><ele>625</ele></trkpt>
      <trkpt lat="48.480047" lon="18.641481"><ele>625</ele></trkpt>
      <trkpt lat="48.480023" lon="18.641411"><ele>627</ele></trkpt>
      <trkpt lat="48.479968" lon="18.641358"><ele>628</ele></trkpt>
      <trkpt lat="48.479947" lon="18.641263"><ele>625</ele></trkpt>
      <trkpt lat="48.479938" lon="18.641171"><ele>621</ele></trkpt>
      <trkpt lat="48.47995" lon="18.641057"><ele>617</ele></trkpt>
      <trkpt lat="48.479965" lon="18.640963"><ele>615</ele></trkpt>
      <trkpt lat="48.479966" lon="18.640857"><ele>613</ele></trkpt>
      <trkpt lat="48.479965" lon="18.6408"><ele>614</ele></trkpt>
      <trkpt lat="48.479965" lon="18.640742"><ele>615</ele></trkpt>
      <trkpt lat="48.479969" lon="18.640641"><ele>619</ele></trkpt>
      <trkpt lat="48.47998" lon="18.640563"><ele>619</ele></trkpt>
      <trkpt lat="48.479981" lon="18.640441"><ele>619</ele></trkpt>
      <trkpt lat="48.47998" lon="18.640403"><ele>618</ele></trkpt>
      <trkpt lat="48.479964" lon="18.640303"><ele>619</ele></trkpt>
      <trkpt lat="48.479956" lon="18.640254"><ele>622</ele></trkpt>
      <trkpt lat="48.47996" lon="18.640169"><ele>623</ele></trkpt>
      <trkpt lat="48.479953" lon="18.640075"><ele>621</ele></trkpt>
      <trkpt lat="48.479955" lon="18.640007"><ele>620</ele></trkpt>
      <trkpt lat="48.479954" lon="18.639964"><ele>621</ele></trkpt>
      <trkpt lat="48.479952" lon="18.639928"><ele>621</ele></trkpt>
      <trkpt lat="48.479949" lon="18.63989"><ele>620</ele></trkpt>
      <trkpt lat="48.479939" lon="18.639791"><ele>621</ele></trkpt>
      <trkpt lat="48.479939" lon="18.639714"><ele>623</ele></trkpt>
      <trkpt lat="48.47993" lon="18.639639"><ele>625</ele></trkpt>
      <trkpt lat="48.479923" lon="18.639522"><ele>625</ele></trkpt>
      <trkpt lat="48.479922" lon="18.639477"><ele>625</ele></trkpt>
      <trkpt lat="48.479917" lon="18.63943"><ele>624</ele></trkpt>
      <trkpt lat="48.479917" lon="18.639307"><ele>623</ele></trkpt>
      <trkpt lat="48.479931" lon="18.639202"><ele>625</ele></trkpt>
      <trkpt lat="48.479939" lon="18.639159"><ele>626</ele></trkpt>
      <trkpt lat="48.479931" lon="18.639058"><ele>624</ele></trkpt>
      <trkpt lat="48.479929" lon="18.638927"><ele>623</ele></trkpt>
      <trkpt lat="48.479929" lon="18.638801"><ele>624</ele></trkpt>
      <trkpt lat="48.479896" lon="18.638667"><ele>626</ele></trkpt>
      <trkpt lat="48.479896" lon="18.638588"><ele>627</ele></trkpt>
      <trkpt lat="48.479898" lon="18.638546"><ele>625</ele></trkpt>
      <trkpt lat="48.47991" lon="18.638459"><ele>624</ele></trkpt>
      <trkpt lat="48.479917" lon="18.638421"><ele>626</ele></trkpt>
      <trkpt lat="48.479923" lon="18.638383"><ele>624</ele></trkpt>
      <trkpt lat="48.479929" lon="18.638345"><ele>626</ele></trkpt>
      <trkpt lat="48.479932" lon="18.638262"><ele>627</ele></trkpt>
      <trkpt lat="48.479921" lon="18.638163"><ele>626</ele></trkpt>
      <trkpt lat="48.479915" lon="18.638109"><ele>626</ele></trkpt>
      <trkpt lat="48.479912" lon="18.638054"><ele>626</ele></trkpt>
      <trkpt lat="48.4799" lon="18.637887"><ele>623</ele></trkpt>
      <trkpt lat="48.479868" lon="18.637779"><ele>620</ele></trkpt>
      <trkpt lat="48.479848" lon="18.637724"><ele>618</ele></trkpt>
      <trkpt lat="48.479829" lon="18.637675"><ele>617</ele></trkpt>
      <trkpt lat="48.479783" lon="18.63757"><ele>617</ele></trkpt>
      <trkpt lat="48.47977" lon="18.637542"><ele>616</ele></trkpt>
      <trkpt lat="48.479719" lon="18.637479"><ele>613</ele></trkpt>
      <trkpt lat="48.479657" lon="18.637408"><ele>615</ele></trkpt>
      <trkpt lat="48.479626" lon="18.637378"><ele>613</ele></trkpt>
      <trkpt lat="48.479598" lon="18.63735"><ele>613</ele></trkpt>
      <trkpt lat="48.47952" lon="18.637306"><ele>607</ele></trkpt>
      <trkpt lat="48.47945" lon="18.637264"><ele>606</ele></trkpt>
      <trkpt lat="48.479383" lon="18.637225"><ele>611</ele></trkpt>
      <trkpt lat="48.479318" lon="18.637186"><ele>608</ele></trkpt>
      <trkpt lat="48.479294" lon="18.637168"><ele>606</ele></trkpt>
      <trkpt lat="48.47927" lon="18.637154"><ele>603</ele></trkpt>
      <trkpt lat="48.479245" lon="18.637138"><ele>602</ele></trkpt>
      <trkpt lat="48.47922" lon="18.637124"><ele>602</ele></trkpt>
      <trkpt lat="48.479195" lon="18.637113"><ele>602</ele></trkpt>
      <trkpt lat="48.479168" lon="18.637102"><ele>601</ele></trkpt>
      <trkpt lat="48.47907" lon="18.637029"><ele>600</ele></trkpt>
      <trkpt lat="48.479" lon="18.636979"><ele>599</ele></trkpt>
      <trkpt lat="48.478962" lon="18.636912"><ele>596</ele></trkpt>
      <trkpt lat="48.478945" lon="18.636877"><ele>594</ele></trkpt>
      <trkpt lat="48.4789" lon="18.636815"><ele>592</ele></trkpt>
      <trkpt lat="48.478827" lon="18.636749"><ele>591</ele></trkpt>
      <trkpt lat="48.478782" lon="18.636727"><ele>589</ele></trkpt>
      <trkpt lat="48.478737" lon="18.636715"><ele>588</ele></trkpt>
      <trkpt lat="48.47869" lon="18.636713"><ele>587</ele></trkpt>
      <trkpt lat="48.47864" lon="18.636714"><ele>585</ele></trkpt>
      <trkpt lat="48.478592" lon="18.636716"><ele>591</ele></trkpt>
      <trkpt lat="48.478546" lon="18.636716"><ele>589</ele></trkpt>
      <trkpt lat="48.478505" lon="18.636719"><ele>588</ele></trkpt>
      <trkpt lat="48.478473" lon="18.636723"><ele>587</ele></trkpt>
      <trkpt lat="48.478424" lon="18.636744"><ele>585</ele></trkpt>
      <trkpt lat="48.478391" lon="18.636759"><ele>584</ele></trkpt>
      <trkpt lat="48.478331" lon="18.636753"><ele>583</ele></trkpt>
      <trkpt lat="48.478243" lon="18.636713"><ele>582</ele></trkpt>
      <trkpt lat="48.4782" lon="18.636691"><ele>582</ele></trkpt>
      <trkpt lat="48.478146" lon="18.636674"><ele>582</ele></trkpt>
      <trkpt lat="48.478091" lon="18.636654"><ele>581</ele></trkpt>
      <trkpt lat="48.478041" lon="18.63664"><ele>581</ele></trkpt>
      <trkpt lat="48.477998" lon="18.636626"><ele>580</ele></trkpt>
      <trkpt lat="48.477959" lon="18.636618"><ele>578</ele></trkpt>
      <trkpt lat="48.477868" lon="18.636615"><ele>578</ele></trkpt>
      <trkpt lat="48.477822" lon="18.636615"><ele>580</ele></trkpt>
      <trkpt lat="48.477782" lon="18.636615"><ele>580</ele></trkpt>
      <trkpt lat="48.47775" lon="18.636612"><ele>581</ele></trkpt>
      <trkpt lat="48.477722" lon="18.636611"><ele>581</ele></trkpt>
      <trkpt lat="48.477698" lon="18.636609"><ele>581</ele></trkpt>
      <trkpt lat="48.477618" lon="18.636605"><ele>579</ele></trkpt>
      <trkpt lat="48.477587" lon="18.636606"><ele>577</ele></trkpt>
      <trkpt lat="48.477558" lon="18.636607"><ele>577</ele></trkpt>
      <trkpt lat="48.477507" lon="18.636622"><ele>578</ele></trkpt>
      <trkpt lat="48.477459" lon="18.636688"><ele>574</ele></trkpt>
      <trkpt lat="48.477428" lon="18.636732"><ele>574</ele></trkpt>
      <trkpt lat="48.47737" lon="18.636787"><ele>575</ele></trkpt>
      <trkpt lat="48.477322" lon="18.636778"><ele>573</ele></trkpt>
      <trkpt lat="48.477249" lon="18.636753"><ele>572</ele></trkpt>
      <trkpt lat="48.47721" lon="18.636737"><ele>572</ele></trkpt>
      <trkpt lat="48.477169" lon="18.636725"><ele>572</ele></trkpt>
      <trkpt lat="48.477136" lon="18.636716"><ele>573</ele></trkpt>
      <trkpt lat="48.477048" lon="18.636718"><ele>575</ele></trkpt>
      <trkpt lat="48.477006" lon="18.636724"><ele>574</ele></trkpt>
      <trkpt lat="48.476965" lon="18.636733"><ele>573</ele></trkpt>
      <trkpt lat="48.476887" lon="18.63673"><ele>572</ele></trkpt>
      <trkpt lat="48.47684" lon="18.636724"><ele>571</ele></trkpt>
      <trkpt lat="48.476747" lon="18.636706"><ele>569</ele></trkpt>
      <trkpt lat="48.476627" lon="18.636697"><ele>567</ele></trkpt>
      <trkpt lat="48.476578" lon="18.636711"><ele>569</ele></trkpt>
      <trkpt lat="48.476546" lon="18.636759"><ele>567</ele></trkpt>
      <trkpt lat="48.476494" lon="18.636804"><ele>565</ele></trkpt>
      <trkpt lat="48.47641" lon="18.636847"><ele>561</ele></trkpt>
      <trkpt lat="48.476385" lon="18.63686"><ele>569</ele></trkpt>
      <trkpt lat="48.476328" lon="18.636918"><ele>559</ele></trkpt>
      <trkpt lat="48.476258" lon="18.636922"><ele>554</ele></trkpt>
      <trkpt lat="48.476221" lon="18.636834"><ele>554</ele></trkpt>
      <trkpt lat="48.476211" lon="18.636711"><ele>548</ele></trkpt>
      <trkpt lat="48.47627" lon="18.636524"><ele>547</ele></trkpt>
      <trkpt lat="48.476262" lon="18.636456"><ele>553</ele></trkpt>
      <trkpt lat="48.476285" lon="18.636395"><ele>547</ele></trkpt>
      <trkpt lat="48.47633" lon="18.636371"><ele>545</ele></trkpt>
      <trkpt lat="48.476367" lon="18.636312"><ele>548</ele></trkpt>
      <trkpt lat="48.476417" lon="18.636268"><ele>545</ele></trkpt>
      <trkpt lat="48.476517" lon="18.636202"><ele>544</ele></trkpt>
      <trkpt lat="48.476598" lon="18.636078"><ele>541</ele></trkpt>
      <trkpt lat="48.476631" lon="18.636"><ele>540</ele></trkpt>
      <trkpt lat="48.476665" lon="18.635922"><ele>539</ele></trkpt>
      <trkpt lat="48.476701" lon="18.63585"><ele>538</ele></trkpt>
      <trkpt lat="48.476742" lon="18.635781"><ele>536</ele></trkpt>
      <trkpt lat="48.476845" lon="18.635654"><ele>534</ele></trkpt>
      <trkpt lat="48.476938" lon="18.635615"><ele>529</ele></trkpt>
      <trkpt lat="48.476986" lon="18.635555"><ele>529</ele></trkpt>
      <trkpt lat="48.477051" lon="18.635462"><ele>525</ele></trkpt>
      <trkpt lat="48.477158" lon="18.635348"><ele>523</ele></trkpt>
      <trkpt lat="48.477193" lon="18.635317"><ele>524</ele></trkpt>
      <trkpt lat="48.477266" lon="18.635252"><ele>526</ele></trkpt>
      <trkpt lat="48.477335" lon="18.635186"><ele>525</ele></trkpt>
      <trkpt lat="48.477489" lon="18.635107"><ele>525</ele></trkpt>
      <trkpt lat="48.477532" lon="18.635086"><ele>525</ele></trkpt>
      <trkpt lat="48.477625" lon="18.634994"><ele>525</ele></trkpt>
      <trkpt lat="48.477648" lon="18.634975"><ele>525</ele></trkpt>
      <trkpt lat="48.477691" lon="18.634929"><ele>525</ele></trkpt>
      <trkpt lat="48.477734" lon="18.634896"><ele>525</ele></trkpt>
      <trkpt lat="48.477768" lon="18.634869"><ele>524</ele></trkpt>
      <trkpt lat="48.477841" lon="18.634806"><ele>523</ele></trkpt>
      <trkpt lat="48.477888" lon="18.634753"><ele>523</ele></trkpt>
      <trkpt lat="48.477934" lon="18.634753"><ele>522</ele></trkpt>
      <trkpt lat="48.477988" lon="18.634727"><ele>522</ele></trkpt>
      <trkpt lat="48.478015" lon="18.634711"><ele>522</ele></trkpt>
      <trkpt lat="48.478119" lon="18.634616"><ele>522</ele></trkpt>
      <trkpt lat="48.47818" lon="18.63457"><ele>523</ele></trkpt>
      <trkpt lat="48.478234" lon="18.634516"><ele>522</ele></trkpt>
      <trkpt lat="48.478344" lon="18.634456"><ele>520</ele></trkpt>
      <trkpt lat="48.478404" lon="18.634401"><ele>521</ele></trkpt>
      <trkpt lat="48.478521" lon="18.634359"><ele>513</ele></trkpt>
      <trkpt lat="48.478591" lon="18.634349"><ele>512</ele></trkpt>
      <trkpt lat="48.478663" lon="18.634317"><ele>511</ele></trkpt>
      <trkpt lat="48.478776" lon="18.634273"><ele>527</ele></trkpt>
      <trkpt lat="48.478859" lon="18.634201"><ele>519</ele></trkpt>
      <trkpt lat="48.478926" lon="18.634129"><ele>516</ele></trkpt>
      <trkpt lat="48.478952" lon="18.6341"><ele>514</ele></trkpt>
      <trkpt lat="48.479016" lon="18.634027"><ele>513</ele></trkpt>
      <trkpt lat="48.479092" lon="18.633973"><ele>509</ele></trkpt>
      <trkpt lat="48.479135" lon="18.633948"><ele>509</ele></trkpt>
      <trkpt lat="48.479187" lon="18.633924"><ele>508</ele></trkpt>
      <trkpt lat="48.479316" lon="18.633865"><ele>508</ele></trkpt>
      <trkpt lat="48.479388" lon="18.633852"><ele>509</ele></trkpt>
      <trkpt lat="48.479455" lon="18.633814"><ele>511</ele></trkpt>
      <trkpt lat="48.479517" lon="18.633823"><ele>513</ele></trkpt>
      <trkpt lat="48.479554" lon="18.633829"><ele>516</ele></trkpt>
      <trkpt lat="48.479633" lon="18.633851"><ele>516</ele></trkpt>
      <trkpt lat="48.47968" lon="18.633828"><ele>518</ele></trkpt>
      <trkpt lat="48.479726" lon="18.633752"><ele>542</ele></trkpt>
      <trkpt lat="48.479744" lon="18.633665"><ele>535</ele></trkpt>
      <trkpt lat="48.479752" lon="18.633618"><ele>536</ele></trkpt>
      <trkpt lat="48.479758" lon="18.633517"><ele>536</ele></trkpt>
      <trkpt lat="48.479759" lon="18.63346"><ele>536</ele></trkpt>
      <trkpt lat="48.479763" lon="18.633404"><ele>531</ele></trkpt>
      <trkpt lat="48.479768" lon="18.633348"><ele>531</ele></trkpt>
      <trkpt lat="48.479769" lon="18.633296"><ele>532</ele></trkpt>
      <trkpt lat="48.479772" lon="18.633251"><ele>531</ele></trkpt>
      <trkpt lat="48.479788" lon="18.633152"><ele>531</ele></trkpt>
      <trkpt lat="48.479796" lon="18.633093"><ele>531</ele></trkpt>
      <trkpt lat="48.479802" lon="18.633043"><ele>533</ele></trkpt>
      <trkpt lat="48.479803" lon="18.632956"><ele>534</ele></trkpt>
      <trkpt lat="48.479781" lon="18.632795"><ele>531</ele></trkpt>
      <trkpt lat="48.479759" lon="18.632708"><ele>529</ele></trkpt>
      <trkpt lat="48.479731" lon="18.63264"><ele>529</ele></trkpt>
      <trkpt lat="48.479636" lon="18.632547"><ele>527</ele></trkpt>
      <trkpt lat="48.479506" lon="18.63251"><ele>524</ele></trkpt>
      <trkpt lat="48.479444" lon="18.632495"><ele>524</ele></trkpt>
      <trkpt lat="48.47935" lon="18.632446"><ele>526</ele></trkpt>
      <trkpt lat="48.479301" lon="18.632436"><ele>525</ele></trkpt>
      <trkpt lat="48.479244" lon="18.632464"><ele>525</ele></trkpt>
      <trkpt lat="48.479187" lon="18.632452"><ele>523</ele></trkpt>
      <trkpt lat="48.479128" lon="18.632434"><ele>522</ele></trkpt>
      <trkpt lat="48.479095" lon="18.632423"><ele>522</ele></trkpt>
      <trkpt lat="48.47904" lon="18.632388"><ele>522</ele></trkpt>
      <trkpt lat="48.478978" lon="18.63234"><ele>523</ele></trkpt>
      <trkpt lat="48.478926" lon="18.632317"><ele>524</ele></trkpt>
      <trkpt lat="48.478898" lon="18.632308"><ele>524</ele></trkpt>
      <trkpt lat="48.478851" lon="18.632298"><ele>522</ele></trkpt>
      <trkpt lat="48.478827" lon="18.632291"><ele>522</ele></trkpt>
      <trkpt lat="48.478802" lon="18.632282"><ele>522</ele></trkpt>
      <trkpt lat="48.47878" lon="18.632272"><ele>520</ele></trkpt>
      <trkpt lat="48.478734" lon="18.632259"><ele>520</ele></trkpt>
      <trkpt lat="48.478657" lon="18.63223"><ele>521</ele></trkpt>
      <trkpt lat="48.478613" lon="18.632245"><ele>523</ele></trkpt>
      <trkpt lat="48.478587" lon="18.632254"><ele>524</ele></trkpt>
      <trkpt lat="48.478525" lon="18.632261"><ele>524</ele></trkpt>
      <trkpt lat="48.478443" lon="18.63222"><ele>527</ele></trkpt>
      <trkpt lat="48.478403" lon="18.632203"><ele>528</ele></trkpt>
      <trkpt lat="48.478342" lon="18.632171"><ele>529</ele></trkpt>
      <trkpt lat="48.478293" lon="18.632124"><ele>527</ele></trkpt>
      <trkpt lat="48.478261" lon="18.632067"><ele>528</ele></trkpt>
      <trkpt lat="48.478174" lon="18.631968"><ele>531</ele></trkpt>
      <trkpt lat="48.4781" lon="18.631901"><ele>532</ele></trkpt>
      <trkpt lat="48.478071" lon="18.631879"><ele>532</ele></trkpt>
      <trkpt lat="48.478036" lon="18.63183"><ele>535</ele></trkpt>
      <trkpt lat="48.47803" lon="18.631754"><ele>535</ele></trkpt>
      <trkpt lat="48.478039" lon="18.631667"><ele>534</ele></trkpt>
      <trkpt lat="48.478061" lon="18.631561"><ele>533</ele></trkpt>
      <trkpt lat="48.478084" lon="18.631494"><ele>532</ele></trkpt>
      <trkpt lat="48.478086" lon="18.631406"><ele>527</ele></trkpt>
      <trkpt lat="48.47809" lon="18.631323"><ele>524</ele></trkpt>
      <trkpt lat="48.478103" lon="18.631251"><ele>523</ele></trkpt>
      <trkpt lat="48.47811" lon="18.631197"><ele>524</ele></trkpt>
      <trkpt lat="48.478117" lon="18.631161"><ele>523</ele></trkpt>
      <trkpt lat="48.478138" lon="18.631092"><ele>523</ele></trkpt>
      <trkpt lat="48.478165" lon="18.631012"><ele>524</ele></trkpt>
      <trkpt lat="48.478231" lon="18.63092"><ele>526</ele></trkpt>
      <trkpt lat="48.478328" lon="18.63084"><ele>524</ele></trkpt>
      <trkpt lat="48.478463" lon="18.630798"><ele>526</ele></trkpt>
      <trkpt lat="48.478501" lon="18.63076"><ele>527</ele></trkpt>
      <trkpt lat="48.478546" lon="18.630695"><ele>528</ele></trkpt>
      <trkpt lat="48.478574" lon="18.630633"><ele>528</ele></trkpt>
      <trkpt lat="48.478588" lon="18.63056"><ele>528</ele></trkpt>
      <trkpt lat="48.478605" lon="18.630443"><ele>528</ele></trkpt>
      <trkpt lat="48.478639" lon="18.630279"><ele>529</ele></trkpt>
      <trkpt lat="48.478624" lon="18.630195"><ele>530</ele></trkpt>
      <trkpt lat="48.478597" lon="18.630108"><ele>529</ele></trkpt>
      <trkpt lat="48.478584" lon="18.630072"><ele>530</ele></trkpt>
      <trkpt lat="48.478572" lon="18.630042"><ele>531</ele></trkpt>
      <trkpt lat="48.478558" lon="18.630011"><ele>531</ele></trkpt>
      <trkpt lat="48.478542" lon="18.629977"><ele>530</ele></trkpt>
      <trkpt lat="48.478519" lon="18.629932"><ele>531</ele></trkpt>
      <trkpt lat="48.478501" lon="18.629896"><ele>532</ele></trkpt>
      <trkpt lat="48.478449" lon="18.629818"><ele>535</ele></trkpt>
      <trkpt lat="48.47843" lon="18.629789"><ele>535</ele></trkpt>
      <trkpt lat="48.478413" lon="18.62976"><ele>536</ele></trkpt>
      <trkpt lat="48.478368" lon="18.629716"><ele>535</ele></trkpt>
      <trkpt lat="48.478263" lon="18.629711"><ele>536</ele></trkpt>
      <trkpt lat="48.478185" lon="18.629698"><ele>535</ele></trkpt>
      <trkpt lat="48.478144" lon="18.62965"><ele>537</ele></trkpt>
      <trkpt lat="48.478105" lon="18.629606"><ele>533</ele></trkpt>
      <trkpt lat="48.478072" lon="18.62955"><ele>531</ele></trkpt>
      <trkpt lat="48.478032" lon="18.629511"><ele>528</ele></trkpt>
      <trkpt lat="48.478009" lon="18.629493"><ele>527</ele></trkpt>
      <trkpt lat="48.477985" lon="18.629473"><ele>526</ele></trkpt>
      <trkpt lat="48.477922" lon="18.629447"><ele>526</ele></trkpt>
      <trkpt lat="48.477845" lon="18.629434"><ele>525</ele></trkpt>
      <trkpt lat="48.477799" lon="18.629423"><ele>526</ele></trkpt>
      <trkpt lat="48.477754" lon="18.629404"><ele>525</ele></trkpt>
      <trkpt lat="48.477664" lon="18.629361"><ele>525</ele></trkpt>
      <trkpt lat="48.477623" lon="18.629345"><ele>526</ele></trkpt>
      <trkpt lat="48.47758" lon="18.629328"><ele>525</ele></trkpt>
      <trkpt lat="48.47754" lon="18.629311"><ele>525</ele></trkpt>
      <trkpt lat="48.477506" lon="18.629294"><ele>525</ele></trkpt>
      <trkpt lat="48.477477" lon="18.629278"><ele>526</ele></trkpt>
      <trkpt lat="48.477391" lon="18.629188"><ele>524</ele></trkpt>
      <trkpt lat="48.477357" lon="18.62913"><ele>526</ele></trkpt>
      <trkpt lat="48.477348" lon="18.629044"><ele>526</ele></trkpt>
      <trkpt lat="48.477341" lon="18.628982"><ele>525</ele></trkpt>
      <trkpt lat="48.477337" lon="18.628948"><ele>525</ele></trkpt>
      <trkpt lat="48.477346" lon="18.628839"><ele>524</ele></trkpt>
      <trkpt lat="48.477376" lon="18.628768"><ele>524</ele></trkpt>
      <trkpt lat="48.477391" lon="18.628731"><ele>524</ele></trkpt>
      <trkpt lat="48.477406" lon="18.628653"><ele>523</ele></trkpt>
      <trkpt lat="48.477412" lon="18.628569"><ele>525</ele></trkpt>
      <trkpt lat="48.477442" lon="18.628498"><ele>528</ele></trkpt>
      <trkpt lat="48.477489" lon="18.628415"><ele>522</ele></trkpt>
      <trkpt lat="48.477524" lon="18.62833"><ele>519</ele></trkpt>
      <trkpt lat="48.477549" lon="18.628279"><ele>519</ele></trkpt>
      <trkpt lat="48.477596" lon="18.62822"><ele>518</ele></trkpt>
      <trkpt lat="48.477607" lon="18.62815"><ele>519</ele></trkpt>
      <trkpt lat="48.477597" lon="18.628031"><ele>516</ele></trkpt>
      <trkpt lat="48.477615" lon="18.627878"><ele>514</ele></trkpt>
      <trkpt lat="48.47765" lon="18.627719"><ele>510</ele></trkpt>
      <trkpt lat="48.477663" lon="18.627623"><ele>510</ele></trkpt>
      <trkpt lat="48.477721" lon="18.62744"><ele>509</ele></trkpt>
      <trkpt lat="48.477741" lon="18.627375"><ele>508</ele></trkpt>
      <trkpt lat="48.477778" lon="18.627289"><ele>512</ele></trkpt>
      <trkpt lat="48.477859" lon="18.627191"><ele>515</ele></trkpt>
      <trkpt lat="48.477891" lon="18.627159"><ele>516</ele></trkpt>
      <trkpt lat="48.477943" lon="18.627094"><ele>516</ele></trkpt>
      <trkpt lat="48.477973" lon="18.62705"><ele>517</ele></trkpt>
      <trkpt lat="48.478029" lon="18.626911"><ele>519</ele></trkpt>
      <trkpt lat="48.478041" lon="18.626875"><ele>520</ele></trkpt>
      <trkpt lat="48.478053" lon="18.626833"><ele>519</ele></trkpt>
      <trkpt lat="48.478064" lon="18.626792"><ele>517</ele></trkpt>
      <trkpt lat="48.478078" lon="18.626747"><ele>516</ele></trkpt>
      <trkpt lat="48.478086" lon="18.626632"><ele>512</ele></trkpt>
      <trkpt lat="48.478086" lon="18.626582"><ele>512</ele></trkpt>
      <trkpt lat="48.478104" lon="18.62648"><ele>510</ele></trkpt>
      <trkpt lat="48.478135" lon="18.626386"><ele>515</ele></trkpt>
      <trkpt lat="48.47815" lon="18.626344"><ele>514</ele></trkpt>
      <trkpt lat="48.478171" lon="18.626269"><ele>516</ele></trkpt>
      <trkpt lat="48.478185" lon="18.626217"><ele>517</ele></trkpt>
      <trkpt lat="48.478198" lon="18.626163"><ele>517</ele></trkpt>
      <trkpt lat="48.47821" lon="18.626118"><ele>517</ele></trkpt>
      <trkpt lat="48.478222" lon="18.626077"><ele>517</ele></trkpt>
      <trkpt lat="48.478262" lon="18.625998"><ele>516</ele></trkpt>
      <trkpt lat="48.478283" lon="18.625954"><ele>517</ele></trkpt>
      <trkpt lat="48.478312" lon="18.625869"><ele>518</ele></trkpt>
      <trkpt lat="48.478333" lon="18.625774"><ele>516</ele></trkpt>
      <trkpt lat="48.478342" lon="18.625729"><ele>516</ele></trkpt>
      <trkpt lat="48.478354" lon="18.625675"><ele>515</ele></trkpt>
      <trkpt lat="48.478367" lon="18.625603"><ele>515</ele></trkpt>
      <trkpt lat="48.478412" lon="18.625523"><ele>517</ele></trkpt>
      <trkpt lat="48.478444" lon="18.625429"><ele>516</ele></trkpt>
      <trkpt lat="48.478481" lon="18.62524"><ele>513</ele></trkpt>
      <trkpt lat="48.478505" lon="18.625178"><ele>510</ele></trkpt>
      <trkpt lat="48.478524" lon="18.625126"><ele>510</ele></trkpt>
      <trkpt lat="48.478543" lon="18.62508"><ele>509</ele></trkpt>
      <trkpt lat="48.478599" lon="18.624999"><ele>509</ele></trkpt>
      <trkpt lat="48.478624" lon="18.624964"><ele>509</ele></trkpt>
      <trkpt lat="48.478652" lon="18.624926"><ele>510</ele></trkpt>
      <trkpt lat="48.478681" lon="18.624881"><ele>511</ele></trkpt>
      <trkpt lat="48.478712" lon="18.624801"><ele>510</ele></trkpt>
      <trkpt lat="48.478716" lon="18.624724"><ele>510</ele></trkpt>
      <trkpt lat="48.478708" lon="18.624618"><ele>511</ele></trkpt>
      <trkpt lat="48.478704" lon="18.624498"><ele>512</ele></trkpt>
      <trkpt lat="48.478721" lon="18.62443"><ele>513</ele></trkpt>
      <trkpt lat="48.478731" lon="18.624393"><ele>513</ele></trkpt>
      <trkpt lat="48.478714" lon="18.624311"><ele>514</ele></trkpt>
      <trkpt lat="48.478687" lon="18.624247"><ele>511</ele></trkpt>
      <trkpt lat="48.478652" lon="18.624169"><ele>503</ele></trkpt>
      <trkpt lat="48.478609" lon="18.624109"><ele>502</ele></trkpt>
      <trkpt lat="48.478563" lon="18.624085"><ele>504</ele></trkpt>
      <trkpt lat="48.478518" lon="18.624076"><ele>501</ele></trkpt>
      <trkpt lat="48.478474" lon="18.624088"><ele>504</ele></trkpt>
      <trkpt lat="48.478407" lon="18.624122"><ele>504</ele></trkpt>
      <trkpt lat="48.478336" lon="18.62414"><ele>508</ele></trkpt>
      <trkpt lat="48.478276" lon="18.624129"><ele>509</ele></trkpt>
      <trkpt lat="48.478176" lon="18.624146"><ele>509</ele></trkpt>
      <trkpt lat="48.478119" lon="18.624144"><ele>509</ele></trkpt>
      <trkpt lat="48.478058" lon="18.624164"><ele>510</ele></trkpt>
      <trkpt lat="48.477988" lon="18.624151"><ele>510</ele></trkpt>
      <trkpt lat="48.477909" lon="18.624165"><ele>511</ele></trkpt>
      <trkpt lat="48.477864" lon="18.624213"><ele>515</ele></trkpt>
      <trkpt lat="48.477779" lon="18.62428"><ele>515</ele></trkpt>
      <trkpt lat="48.477698" lon="18.624293"><ele>516</ele></trkpt>
      <trkpt lat="48.47766" lon="18.624299"><ele>516</ele></trkpt>
      <trkpt lat="48.47765" lon="18.624285"><ele>516</ele></trkpt>
      <trkpt lat="48.477597" lon="18.624264"><ele>515</ele></trkpt>
      <trkpt lat="48.477541" lon="18.624315"><ele>516</ele></trkpt>
      <trkpt lat="48.477492" lon="18.624329"><ele>517</ele></trkpt>
      <trkpt lat="48.477465" lon="18.624338"><ele>518</ele></trkpt>
      <trkpt lat="48.47735" lon="18.6244"><ele>519</ele></trkpt>
      <trkpt lat="48.477327" lon="18.624414"><ele>519</ele></trkpt>
      <trkpt lat="48.477277" lon="18.624466"><ele>520</ele></trkpt>
      <trkpt lat="48.477226" lon="18.624517"><ele>522</ele></trkpt>
      <trkpt lat="48.47715" lon="18.624578"><ele>522</ele></trkpt>
      <trkpt lat="48.477084" lon="18.624614"><ele>523</ele></trkpt>
      <trkpt lat="48.477036" lon="18.624612"><ele>527</ele></trkpt>
      <trkpt lat="48.477012" lon="18.624573"><ele>526</ele></trkpt>
      <trkpt lat="48.476956" lon="18.624576"><ele>524</ele></trkpt>
      <trkpt lat="48.47691" lon="18.624586"><ele>522</ele></trkpt>
      <trkpt lat="48.476852" lon="18.624635"><ele>523</ele></trkpt>
      <trkpt lat="48.476823" lon="18.6247"><ele>519</ele></trkpt>
      <trkpt lat="48.476743" lon="18.624674"><ele>521</ele></trkpt>
      <trkpt lat="48.476696" lon="18.624673"><ele>519</ele></trkpt>
      <trkpt lat="48.476641" lon="18.624645"><ele>515</ele></trkpt>
      <trkpt lat="48.476568" lon="18.62466"><ele>516</ele></trkpt>
      <trkpt lat="48.476535" lon="18.624668"><ele>517</ele></trkpt>
      <trkpt lat="48.476475" lon="18.624676"><ele>516</ele></trkpt>
      <trkpt lat="48.47643" lon="18.624711"><ele>523</ele></trkpt>
      <trkpt lat="48.476408" lon="18.624732"><ele>526</ele></trkpt>
      <trkpt lat="48.476359" lon="18.624742"><ele>526</ele></trkpt>
      <trkpt lat="48.476314" lon="18.624738"><ele>528</ele></trkpt>
      <trkpt lat="48.476267" lon="18.624746"><ele>531</ele></trkpt>
      <trkpt lat="48.476215" lon="18.624716"><ele>539</ele></trkpt>
      <trkpt lat="48.47617" lon="18.624697"><ele>540</ele></trkpt>
      <trkpt lat="48.476121" lon="18.62465"><ele>539</ele></trkpt>
      <trkpt lat="48.476062" lon="18.62463"><ele>541</ele></trkpt>
      <trkpt lat="48.476027" lon="18.624621"><ele>541</ele></trkpt>
      <trkpt lat="48.476" lon="18.624612"><ele>542</ele></trkpt>
      <trkpt lat="48.475943" lon="18.624611"><ele>543</ele></trkpt>
      <trkpt lat="48.4759" lon="18.624632"><ele>544</ele></trkpt>
      <trkpt lat="48.475853" lon="18.624613"><ele>548</ele></trkpt>
      <trkpt lat="48.475798" lon="18.624609"><ele>549</ele></trkpt>
      <trkpt lat="48.47575" lon="18.624619"><ele>553</ele></trkpt>
      <trkpt lat="48.475724" lon="18.624621"><ele>554</ele></trkpt>
      <trkpt lat="48.475679" lon="18.624609"><ele>553</ele></trkpt>
      <trkpt lat="48.475654" lon="18.624603"><ele>554</ele></trkpt>
      <trkpt lat="48.475611" lon="18.624595"><ele>554</ele></trkpt>
      <trkpt lat="48.475545" lon="18.624604"><ele>553</ele></trkpt>
      <trkpt lat="48.475475" lon="18.624593"><ele>549</ele></trkpt>
      <trkpt lat="48.475439" lon="18.624638"><ele>558</ele></trkpt>
      <trkpt lat="48.475384" lon="18.624614"><ele>557</ele></trkpt>
      <trkpt lat="48.475348" lon="18.62457"><ele>558</ele></trkpt>
      <trkpt lat="48.475297" lon="18.624581"><ele>558</ele></trkpt>
      <trkpt lat="48.475226" lon="18.624589"><ele>558</ele></trkpt>
      <trkpt lat="48.475169" lon="18.624611"><ele>561</ele></trkpt>
      <trkpt lat="48.475125" lon="18.624623"><ele>562</ele></trkpt>
      <trkpt lat="48.4751" lon="18.624633"><ele>562</ele></trkpt>
      <trkpt lat="48.47504" lon="18.624673"><ele>564</ele></trkpt>
      <trkpt lat="48.474953" lon="18.624736"><ele>561</ele></trkpt>
      <trkpt lat="48.474902" lon="18.62471"><ele>561</ele></trkpt>
      <trkpt lat="48.474868" lon="18.624652"><ele>567</ele></trkpt>
      <trkpt lat="48.47479" lon="18.624628"><ele>567</ele></trkpt>
      <trkpt lat="48.474727" lon="18.624616"><ele>568</ele></trkpt>
      <trkpt lat="48.474681" lon="18.624635"><ele>566</ele></trkpt>
      <trkpt lat="48.474655" lon="18.624646"><ele>565</ele></trkpt>
      <trkpt lat="48.474621" lon="18.62466"><ele>567</ele></trkpt>
      <trkpt lat="48.474574" lon="18.624702"><ele>567</ele></trkpt>
      <trkpt lat="48.474522" lon="18.624707"><ele>564</ele></trkpt>
      <trkpt lat="48.474497" lon="18.624706"><ele>564</ele></trkpt>
      <trkpt lat="48.474426" lon="18.624721"><ele>562</ele></trkpt>
      <trkpt lat="48.474397" lon="18.624727"><ele>562</ele></trkpt>
      <trkpt lat="48.474363" lon="18.624731"><ele>561</ele></trkpt>
      <trkpt lat="48.474313" lon="18.624725"><ele>563</ele></trkpt>
      <trkpt lat="48.474267" lon="18.624727"><ele>562</ele></trkpt>
      <trkpt lat="48.474206" lon="18.624752"><ele>561</ele></trkpt>
      <trkpt lat="48.474147" lon="18.62479"><ele>563</ele></trkpt>
      <trkpt lat="48.474103" lon="18.624812"><ele>563</ele></trkpt>
      <trkpt lat="48.474068" lon="18.624833"><ele>563</ele></trkpt>
      <trkpt lat="48.474033" lon="18.624855"><ele>563</ele></trkpt>
      <trkpt lat="48.473981" lon="18.624874"><ele>562</ele></trkpt>
      <trkpt lat="48.473949" lon="18.624889"><ele>562</ele></trkpt>
      <trkpt lat="48.473915" lon="18.624902"><ele>562</ele></trkpt>
      <trkpt lat="48.473866" lon="18.624932"><ele>562</ele></trkpt>
      <trkpt lat="48.473824" lon="18.62498"><ele>563</ele></trkpt>
      <trkpt lat="48.473773" lon="18.625026"><ele>563</ele></trkpt>
      <trkpt lat="48.473742" lon="18.625056"><ele>563</ele></trkpt>
      <trkpt lat="48.473682" lon="18.625119"><ele>563</ele></trkpt>
      <trkpt lat="48.473654" lon="18.625149"><ele>563</ele></trkpt>
      <trkpt lat="48.473627" lon="18.625182"><ele>562</ele></trkpt>
      <trkpt lat="48.473599" lon="18.625212"><ele>561</ele></trkpt>
      <trkpt lat="48.473572" lon="18.625239"><ele>562</ele></trkpt>
      <trkpt lat="48.473526" lon="18.625269"><ele>560</ele></trkpt>
      <trkpt lat="48.473479" lon="18.625304"><ele>556</ele></trkpt>
      <trkpt lat="48.473441" lon="18.625373"><ele>556</ele></trkpt>
      <trkpt lat="48.473399" lon="18.625403"><ele>555</ele></trkpt>
      <trkpt lat="48.47337" lon="18.625458"><ele>556</ele></trkpt>
      <trkpt lat="48.473332" lon="18.625538"><ele>555</ele></trkpt>
      <trkpt lat="48.473287" lon="18.625582"><ele>551</ele></trkpt>
      <trkpt lat="48.473214" lon="18.625688"><ele>548</ele></trkpt>
      <trkpt lat="48.473137" lon="18.625791"><ele>548</ele></trkpt>
      <trkpt lat="48.473094" lon="18.625836"><ele>548</ele></trkpt>
      <trkpt lat="48.473052" lon="18.625877"><ele>550</ele></trkpt>
      <trkpt lat="48.473009" lon="18.625921"><ele>549</ele></trkpt>
      <trkpt lat="48.472972" lon="18.625972"><ele>548</ele></trkpt>
      <trkpt lat="48.472937" lon="18.626018"><ele>548</ele></trkpt>
      <trkpt lat="48.472898" lon="18.626062"><ele>546</ele></trkpt>
      <trkpt lat="48.472858" lon="18.626097"><ele>548</ele></trkpt>
      <trkpt lat="48.472794" lon="18.626171"><ele>548</ele></trkpt>
      <trkpt lat="48.472747" lon="18.626248"><ele>547</ele></trkpt>
      <trkpt lat="48.472729" lon="18.626277"><ele>547</ele></trkpt>
      <trkpt lat="48.47269" lon="18.626316"><ele>547</ele></trkpt>
      <trkpt lat="48.472632" lon="18.626357"><ele>545</ele></trkpt>
      <trkpt lat="48.472558" lon="18.626362"><ele>546</ele></trkpt>
      <trkpt lat="48.472508" lon="18.626333"><ele>548</ele></trkpt>
      <trkpt lat="48.47245" lon="18.626284"><ele>548</ele></trkpt>
      <trkpt lat="48.472425" lon="18.62626"><ele>549</ele></trkpt>
      <trkpt lat="48.472395" lon="18.626232"><ele>550</ele></trkpt>
      <trkpt lat="48.472376" lon="18.626211"><ele>549</ele></trkpt>
      <trkpt lat="48.472353" lon="18.626186"><ele>550</ele></trkpt>
      <trkpt lat="48.472332" lon="18.626159"><ele>549</ele></trkpt>
      <trkpt lat="48.47229" lon="18.626126"><ele>550</ele></trkpt>
      <trkpt lat="48.472249" lon="18.626099"><ele>549</ele></trkpt>
      <trkpt lat="48.472204" lon="18.626054"><ele>549</ele></trkpt>
      <trkpt lat="48.472142" lon="18.626048"><ele>545</ele></trkpt>
      <trkpt lat="48.472115" lon="18.626047"><ele>546</ele></trkpt>
      <trkpt lat="48.472056" lon="18.626041"><ele>544</ele></trkpt>
      <trkpt lat="48.472031" lon="18.626039"><ele>543</ele></trkpt>
      <trkpt lat="48.471965" lon="18.626056"><ele>538</ele></trkpt>
      <trkpt lat="48.471811" lon="18.626071"><ele>537</ele></trkpt>
      <trkpt lat="48.471748" lon="18.626093"><ele>537</ele></trkpt>
      <trkpt lat="48.471719" lon="18.626106"><ele>536</ele></trkpt>
      <trkpt lat="48.471657" lon="18.626145"><ele>537</ele></trkpt>
      <trkpt lat="48.471631" lon="18.626159"><ele>537</ele></trkpt>
      <trkpt lat="48.471589" lon="18.626209"><ele>538</ele></trkpt>
      <trkpt lat="48.471555" lon="18.626248"><ele>539</ele></trkpt>
      <trkpt lat="48.471535" lon="18.626267"><ele>539</ele></trkpt>
      <trkpt lat="48.47147" lon="18.626307"><ele>541</ele></trkpt>
      <trkpt lat="48.471415" lon="18.626347"><ele>541</ele></trkpt>
      <trkpt lat="48.471389" lon="18.62637"><ele>543</ele></trkpt>
      <trkpt lat="48.471348" lon="18.626414"><ele>542</ele></trkpt>
      <trkpt lat="48.471273" lon="18.626464"><ele>539</ele></trkpt>
      <trkpt lat="48.471249" lon="18.62648"><ele>539</ele></trkpt>
      <trkpt lat="48.471191" lon="18.626512"><ele>533</ele></trkpt>
      <trkpt lat="48.471138" lon="18.626546"><ele>532</ele></trkpt>
      <trkpt lat="48.471102" lon="18.626566"><ele>532</ele></trkpt>
      <trkpt lat="48.471053" lon="18.626562"><ele>532</ele></trkpt>
      <trkpt lat="48.471001" lon="18.626556"><ele>533</ele></trkpt>
      <trkpt lat="48.470952" lon="18.626565"><ele>534</ele></trkpt>
      <trkpt lat="48.470886" lon="18.626582"><ele>538</ele></trkpt>
      <trkpt lat="48.470861" lon="18.62659"><ele>537</ele></trkpt>
      <trkpt lat="48.470833" lon="18.626601"><ele>535</ele></trkpt>
      <trkpt lat="48.470761" lon="18.626646"><ele>533</ele></trkpt>
      <trkpt lat="48.470737" lon="18.626663"><ele>533</ele></trkpt>
      <trkpt lat="48.470685" lon="18.626727"><ele>530</ele></trkpt>
      <trkpt lat="48.470623" lon="18.626736"><ele>528</ele></trkpt>
      <trkpt lat="48.470579" lon="18.626745"><ele>527</ele></trkpt>
      <trkpt lat="48.47052" lon="18.626779"><ele>524</ele></trkpt>
      <trkpt lat="48.470442" lon="18.626855"><ele>523</ele></trkpt>
      <trkpt lat="48.470352" lon="18.62693"><ele>521</ele></trkpt>
      <trkpt lat="48.470138" lon="18.627022"><ele>520</ele></trkpt>
      <trkpt lat="48.470061" lon="18.627015"><ele>528</ele></trkpt>
      <trkpt lat="48.470004" lon="18.627051"><ele>522</ele></trkpt>
      <trkpt lat="48.469946" lon="18.62709"><ele>519</ele></trkpt>
      <trkpt lat="48.469864" lon="18.627089"><ele>517</ele></trkpt>
      <trkpt lat="48.469824" lon="18.627088"><ele>516</ele></trkpt>
      <trkpt lat="48.469766" lon="18.627105"><ele>524</ele></trkpt>
      <trkpt lat="48.469725" lon="18.627141"><ele>517</ele></trkpt>
      <trkpt lat="48.469703" lon="18.627203"><ele>515</ele></trkpt>
      <trkpt lat="48.469661" lon="18.627248"><ele>509</ele></trkpt>
      <trkpt lat="48.469524" lon="18.627333"><ele>506</ele></trkpt>
      <trkpt lat="48.469485" lon="18.627359"><ele>505</ele></trkpt>
      <trkpt lat="48.469444" lon="18.627388"><ele>504</ele></trkpt>
      <trkpt lat="48.469399" lon="18.627406"><ele>503</ele></trkpt>
      <trkpt lat="48.469362" lon="18.627422"><ele>502</ele></trkpt>
      <trkpt lat="48.469296" lon="18.627445"><ele>500</ele></trkpt>
      <trkpt lat="48.469258" lon="18.627461"><ele>500</ele></trkpt>
      <trkpt lat="48.469129" lon="18.627494"><ele>497</ele></trkpt>
      <trkpt lat="48.469006" lon="18.627559"><ele>495</ele></trkpt>
      <trkpt lat="48.468828" lon="18.627763"><ele>492</ele></trkpt>
      <trkpt lat="48.46875" lon="18.627871"><ele>513</ele></trkpt>
      <trkpt lat="48.468726" lon="18.627908"><ele>507</ele></trkpt>
      <trkpt lat="48.468733" lon="18.627987"><ele>500</ele></trkpt>
      <trkpt lat="48.468715" lon="18.628051"><ele>498</ele></trkpt>
      <trkpt lat="48.468703" lon="18.628101"><ele>491</ele></trkpt>
      <trkpt lat="48.468655" lon="18.628227"><ele>488</ele></trkpt>
      <trkpt lat="48.468613" lon="18.628257"><ele>488</ele></trkpt>
      <trkpt lat="48.468562" lon="18.628283"><ele>488</ele></trkpt>
      <trkpt lat="48.468501" lon="18.628304"><ele>488</ele></trkpt>
      <trkpt lat="48.468441" lon="18.628323"><ele>488</ele></trkpt>
      <trkpt lat="48.468392" lon="18.628339"><ele>490</ele></trkpt>
      <trkpt lat="48.468351" lon="18.62835"><ele>491</ele></trkpt>
      <trkpt lat="48.468308" lon="18.628363"><ele>492</ele></trkpt>
      <trkpt lat="48.46822" lon="18.628385"><ele>491</ele></trkpt>
      <trkpt lat="48.468137" lon="18.628391"><ele>490</ele></trkpt>
      <trkpt lat="48.468063" lon="18.628405"><ele>491</ele></trkpt>
      <trkpt lat="48.468005" lon="18.62843"><ele>493</ele></trkpt>
      <trkpt lat="48.467945" lon="18.628473"><ele>501</ele></trkpt>
      <trkpt lat="48.467922" lon="18.628493"><ele>500</ele></trkpt>
      <trkpt lat="48.467892" lon="18.628551"><ele>495</ele></trkpt>
      <trkpt lat="48.467865" lon="18.62863"><ele>491</ele></trkpt>
      <trkpt lat="48.467868" lon="18.628718"><ele>487</ele></trkpt>
      <trkpt lat="48.467908" lon="18.628805"><ele>500</ele></trkpt>
      <trkpt lat="48.467984" lon="18.628902"><ele>494</ele></trkpt>
      <trkpt lat="48.468034" lon="18.628938"><ele>490</ele></trkpt>
      <trkpt lat="48.46806" lon="18.628957"><ele>487</ele></trkpt>
      <trkpt lat="48.468084" lon="18.628971"><ele>486</ele></trkpt>
      <trkpt lat="48.468107" lon="18.628982"><ele>486</ele></trkpt>
      <trkpt lat="48.468134" lon="18.628993"><ele>485</ele></trkpt>
      <trkpt lat="48.468199" lon="18.628995"><ele>480</ele></trkpt>
      <trkpt lat="48.468256" lon="18.628999"><ele>478</ele></trkpt>
      <trkpt lat="48.468341" lon="18.629028"><ele>477</ele></trkpt>
      <trkpt lat="48.468401" lon="18.629066"><ele>477</ele></trkpt>
      <trkpt lat="48.46845" lon="18.629106"><ele>476</ele></trkpt>
      <trkpt lat="48.468475" lon="18.629203"><ele>472</ele></trkpt>
      <trkpt lat="48.468512" lon="18.629405"><ele>470</ele></trkpt>
      <trkpt lat="48.468518" lon="18.629444"><ele>503</ele></trkpt>
      <trkpt lat="48.468525" lon="18.62953"><ele>493</ele></trkpt>
      <trkpt lat="48.468526" lon="18.629573"><ele>487</ele></trkpt>
      <trkpt lat="48.468515" lon="18.629668"><ele>481</ele></trkpt>
      <trkpt lat="48.46851" lon="18.629711"><ele>479</ele></trkpt>
      <trkpt lat="48.468506" lon="18.629809"><ele>477</ele></trkpt>
      <trkpt lat="48.468505" lon="18.62985"><ele>474</ele></trkpt>
      <trkpt lat="48.468504" lon="18.629895"><ele>473</ele></trkpt>
      <trkpt lat="48.468513" lon="18.629994"><ele>472</ele></trkpt>
      <trkpt lat="48.468533" lon="18.630096"><ele>468</ele></trkpt>
      <trkpt lat="48.468542" lon="18.630144"><ele>465</ele></trkpt>
      <trkpt lat="48.468551" lon="18.630199"><ele>463</ele></trkpt>
      <trkpt lat="48.468561" lon="18.630274"><ele>461</ele></trkpt>
      <trkpt lat="48.468587" lon="18.630423"><ele>460</ele></trkpt>
      <trkpt lat="48.46861" lon="18.630618"><ele>455</ele></trkpt>
      <trkpt lat="48.468613" lon="18.630708"><ele>455</ele></trkpt>
      <trkpt lat="48.468594" lon="18.630785"><ele>453</ele></trkpt>
      <trkpt lat="48.468562" lon="18.630852"><ele>453</ele></trkpt>
      <trkpt lat="48.468559" lon="18.630922"><ele>449</ele></trkpt>
      <trkpt lat="48.468517" lon="18.630962"><ele>451</ele></trkpt>
      <trkpt lat="48.468489" lon="18.631017"><ele>449</ele></trkpt>
      <trkpt lat="48.468475" lon="18.63105"><ele>449</ele></trkpt>
      <trkpt lat="48.468458" lon="18.631084"><ele>450</ele></trkpt>
      <trkpt lat="48.46842" lon="18.631142"><ele>449</ele></trkpt>
      <trkpt lat="48.468357" lon="18.631181"><ele>450</ele></trkpt>
      <trkpt lat="48.468273" lon="18.63119"><ele>451</ele></trkpt>
      <trkpt lat="48.468166" lon="18.631165"><ele>452</ele></trkpt>
      <trkpt lat="48.46816" lon="18.631147"><ele>449</ele></trkpt>
      <trkpt lat="48.468078" lon="18.631182"><ele>445</ele></trkpt>
      <trkpt lat="48.468011" lon="18.631208"><ele>444</ele></trkpt>
      <trkpt lat="48.467948" lon="18.631242"><ele>443</ele></trkpt>
      <trkpt lat="48.467895" lon="18.631277"><ele>444</ele></trkpt>
      <trkpt lat="48.467851" lon="18.631317"><ele>443</ele></trkpt>
      <trkpt lat="48.467786" lon="18.631407"><ele>439</ele></trkpt>
      <trkpt lat="48.467755" lon="18.63145"><ele>439</ele></trkpt>
      <trkpt lat="48.46772" lon="18.631493"><ele>437</ele></trkpt>
      <trkpt lat="48.467682" lon="18.63153"><ele>439</ele></trkpt>
      <trkpt lat="48.467607" lon="18.631593"><ele>438</ele></trkpt>
      <trkpt lat="48.46757" lon="18.631623"><ele>436</ele></trkpt>
      <trkpt lat="48.467541" lon="18.63165"><ele>438</ele></trkpt>
      <trkpt lat="48.467509" lon="18.631675"><ele>437</ele></trkpt>
      <trkpt lat="48.467473" lon="18.631701"><ele>436</ele></trkpt>
      <trkpt lat="48.467413" lon="18.631735"><ele>435</ele></trkpt>
      <trkpt lat="48.467354" lon="18.631762"><ele>435</ele></trkpt>
      <trkpt lat="48.467268" lon="18.631836"><ele>435</ele></trkpt>
      <trkpt lat="48.467234" lon="18.631892"><ele>436</ele></trkpt>
      <trkpt lat="48.467185" lon="18.631918"><ele>438</ele></trkpt>
      <trkpt lat="48.467138" lon="18.631955"><ele>438</ele></trkpt>
      <trkpt lat="48.467052" lon="18.632024"><ele>439</ele></trkpt>
      <trkpt lat="48.467008" lon="18.632085"><ele>439</ele></trkpt>
      <trkpt lat="48.466987" lon="18.63211"><ele>438</ele></trkpt>
      <trkpt lat="48.466872" lon="18.632204"><ele>434</ele></trkpt>
      <trkpt lat="48.466817" lon="18.632259"><ele>433</ele></trkpt>
      <trkpt lat="48.466673" lon="18.632392"><ele>432</ele></trkpt>
      <trkpt lat="48.466633" lon="18.632422"><ele>432</ele></trkpt>
      <trkpt lat="48.466555" lon="18.632505"><ele>432</ele></trkpt>
      <trkpt lat="48.466513" lon="18.632568"><ele>433</ele></trkpt>
      <trkpt lat="48.466484" lon="18.632655"><ele>430</ele></trkpt>
      <trkpt lat="48.466449" lon="18.632742"><ele>433</ele></trkpt>
      <trkpt lat="48.46639" lon="18.632799"><ele>432</ele></trkpt>
      <trkpt lat="48.46632" lon="18.632829"><ele>430</ele></trkpt>
      <trkpt lat="48.46629" lon="18.632839"><ele>430</ele></trkpt>
      <trkpt lat="48.466262" lon="18.632847"><ele>431</ele></trkpt>
      <trkpt lat="48.466211" lon="18.632853"><ele>430</ele></trkpt>
      <trkpt lat="48.466176" lon="18.632854"><ele>432</ele></trkpt>
      <trkpt lat="48.466103" lon="18.632855"><ele>428</ele></trkpt>
      <trkpt lat="48.466031" lon="18.632835"><ele>429</ele></trkpt>
      <trkpt lat="48.465967" lon="18.632815"><ele>429</ele></trkpt>
      <trkpt lat="48.465907" lon="18.632796"><ele>429</ele></trkpt>
      <trkpt lat="48.465867" lon="18.632786"><ele>429</ele></trkpt>
      <trkpt lat="48.465825" lon="18.632772"><ele>430</ele></trkpt>
      <trkpt lat="48.465784" lon="18.632756"><ele>430</ele></trkpt>
      <trkpt lat="48.465748" lon="18.632742"><ele>429</ele></trkpt>
      <trkpt lat="48.465716" lon="18.632728"><ele>428</ele></trkpt>
      <trkpt lat="48.465686" lon="18.632713"><ele>430</ele></trkpt>
      <trkpt lat="48.465651" lon="18.632694"><ele>430</ele></trkpt>
      <trkpt lat="48.465614" lon="18.632671"><ele>431</ele></trkpt>
      <trkpt lat="48.465579" lon="18.632651"><ele>430</ele></trkpt>
      <trkpt lat="48.465546" lon="18.632633"><ele>430</ele></trkpt>
      <trkpt lat="48.465519" lon="18.632614"><ele>430</ele></trkpt>
      <trkpt lat="48.465494" lon="18.632598"><ele>431</ele></trkpt>
      <trkpt lat="48.465445" lon="18.63256"><ele>430</ele></trkpt>
      <trkpt lat="48.465421" lon="18.632543"><ele>429</ele></trkpt>
      <trkpt lat="48.465392" lon="18.632528"><ele>428</ele></trkpt>
      <trkpt lat="48.465333" lon="18.632508"><ele>431</ele></trkpt>
      <trkpt lat="48.465292" lon="18.632472"><ele>428</ele></trkpt>
      <trkpt lat="48.465245" lon="18.63241"><ele>426</ele></trkpt>
      <trkpt lat="48.465218" lon="18.632372"><ele>425</ele></trkpt>
      <trkpt lat="48.4652" lon="18.632346"><ele>430</ele></trkpt>
      <trkpt lat="48.465158" lon="18.632308"><ele>430</ele></trkpt>
      <trkpt lat="48.465102" lon="18.632259"><ele>427</ele></trkpt>
      <trkpt lat="48.465056" lon="18.632234"><ele>425</ele></trkpt>
      <trkpt lat="48.465008" lon="18.632219"><ele>423</ele></trkpt>
      <trkpt lat="48.464964" lon="18.632196"><ele>422</ele></trkpt>
      <trkpt lat="48.464856" lon="18.632097"><ele>427</ele></trkpt>
      <trkpt lat="48.464822" lon="18.63206"><ele>427</ele></trkpt>
      <trkpt lat="48.46479" lon="18.632024"><ele>424</ele></trkpt>
      <trkpt lat="48.464658" lon="18.631846"><ele>422</ele></trkpt>
      <trkpt lat="48.464628" lon="18.631804"><ele>422</ele></trkpt>
      <trkpt lat="48.464579" lon="18.631714"><ele>422</ele></trkpt>
      <trkpt lat="48.464563" lon="18.631682"><ele>421</ele></trkpt>
      <trkpt lat="48.464551" lon="18.631653"><ele>420</ele></trkpt>
      <trkpt lat="48.464502" lon="18.631563"><ele>418</ele></trkpt>
      <trkpt lat="48.464478" lon="18.631517"><ele>418</ele></trkpt>
      <trkpt lat="48.464456" lon="18.631479"><ele>418</ele></trkpt>
      <trkpt lat="48.464431" lon="18.63144"><ele>417</ele></trkpt>
      <trkpt lat="48.464401" lon="18.631395"><ele>414</ele></trkpt>
      <trkpt lat="48.464372" lon="18.631343"><ele>412</ele></trkpt>
      <trkpt lat="48.464287" lon="18.631202"><ele>410</ele></trkpt>
      <trkpt lat="48.464243" lon="18.631104"><ele>410</ele></trkpt>
      <trkpt lat="48.464188" lon="18.631005"><ele>407</ele></trkpt>
      <trkpt lat="48.464162" lon="18.630955"><ele>406</ele></trkpt>
      <trkpt lat="48.464142" lon="18.630919"><ele>406</ele></trkpt>
      <trkpt lat="48.464098" lon="18.630878"><ele>407</ele></trkpt>
      <trkpt lat="48.464053" lon="18.630811"><ele>406</ele></trkpt>
      <trkpt lat="48.464031" lon="18.630775"><ele>406</ele></trkpt>
      <trkpt lat="48.463982" lon="18.6307"><ele>407</ele></trkpt>
      <trkpt lat="48.463951" lon="18.630653"><ele>407</ele></trkpt>
      <trkpt lat="48.463924" lon="18.630615"><ele>407</ele></trkpt>
      <trkpt lat="48.463897" lon="18.630581"><ele>407</ele></trkpt>
      <trkpt lat="48.463869" lon="18.630551"><ele>406</ele></trkpt>
      <trkpt lat="48.463843" lon="18.630522"><ele>406</ele></trkpt>
      <trkpt lat="48.463817" lon="18.630496"><ele>405</ele></trkpt>
      <trkpt lat="48.463766" lon="18.630448"><ele>405</ele></trkpt>
      <trkpt lat="48.463736" lon="18.630422"><ele>404</ele></trkpt>
      <trkpt lat="48.46371" lon="18.630398"><ele>403</ele></trkpt>
      <trkpt lat="48.463658" lon="18.630344"><ele>401</ele></trkpt>
      <trkpt lat="48.463627" lon="18.630316"><ele>399</ele></trkpt>
      <trkpt lat="48.4636" lon="18.630287"><ele>398</ele></trkpt>
      <trkpt lat="48.463553" lon="18.630223"><ele>396</ele></trkpt>
      <trkpt lat="48.463491" lon="18.630171"><ele>397</ele></trkpt>
      <trkpt lat="48.463396" lon="18.630151"><ele>396</ele></trkpt>
      <trkpt lat="48.463318" lon="18.630167"><ele>396</ele></trkpt>
      <trkpt lat="48.463289" lon="18.630172"><ele>396</ele></trkpt>
      <trkpt lat="48.463239" lon="18.630171"><ele>396</ele></trkpt>
      <trkpt lat="48.463185" lon="18.630161"><ele>394</ele></trkpt>
      <trkpt lat="48.46312" lon="18.630177"><ele>395</ele></trkpt>
      <trkpt lat="48.463059" lon="18.630211"><ele>396</ele></trkpt>
      <trkpt lat="48.463007" lon="18.630259"><ele>394</ele></trkpt>
      <trkpt lat="48.462987" lon="18.630276"><ele>410</ele></trkpt>
      <trkpt lat="48.462924" lon="18.630315"><ele>402</ele></trkpt>
      <trkpt lat="48.462884" lon="18.630336"><ele>399</ele></trkpt>
      <trkpt lat="48.462841" lon="18.630358"><ele>397</ele></trkpt>
      <trkpt lat="48.462796" lon="18.63038"><ele>395</ele></trkpt>
      <trkpt lat="48.46271" lon="18.630419"><ele>394</ele></trkpt>
      <trkpt lat="48.462666" lon="18.630446"><ele>394</ele></trkpt>
      <trkpt lat="48.462608" lon="18.630496"><ele>404</ele></trkpt>
      <trkpt lat="48.462535" lon="18.630537"><ele>396</ele></trkpt>
      <trkpt lat="48.462497" lon="18.630555"><ele>393</ele></trkpt>
      <trkpt lat="48.462463" lon="18.630572"><ele>393</ele></trkpt>
      <trkpt lat="48.462407" lon="18.630596"><ele>392</ele></trkpt>
      <trkpt lat="48.46238" lon="18.630606"><ele>394</ele></trkpt>
      <trkpt lat="48.462333" lon="18.63063"><ele>393</ele></trkpt>
      <trkpt lat="48.462265" lon="18.630647"><ele>395</ele></trkpt>
      <trkpt lat="48.462207" lon="18.630655"><ele>395</ele></trkpt>
      <trkpt lat="48.462163" lon="18.630675"><ele>392</ele></trkpt>
      <trkpt lat="48.462107" lon="18.630711"><ele>393</ele></trkpt>
      <trkpt lat="48.462054" lon="18.630736"><ele>393</ele></trkpt>
      <trkpt lat="48.462002" lon="18.630769"><ele>394</ele></trkpt>
      <trkpt lat="48.46194" lon="18.630797"><ele>395</ele></trkpt>
      <trkpt lat="48.461911" lon="18.630808"><ele>393</ele></trkpt>
      <trkpt lat="48.461877" lon="18.630822"><ele>393</ele></trkpt>
      <trkpt lat="48.4618" lon="18.630854"><ele>395</ele></trkpt>
      <trkpt lat="48.461753" lon="18.630865"><ele>395</ele></trkpt>
      <trkpt lat="48.461709" lon="18.630876"><ele>396</ele></trkpt>
      <trkpt lat="48.461669" lon="18.630886"><ele>395</ele></trkpt>
      <trkpt lat="48.461626" lon="18.630894"><ele>394</ele></trkpt>
      <trkpt lat="48.461583" lon="18.6309"><ele>393</ele></trkpt>
      <trkpt lat="48.461538" lon="18.630906"><ele>391</ele></trkpt>
      <trkpt lat="48.461464" lon="18.630913"><ele>389</ele></trkpt>
      <trkpt lat="48.461406" lon="18.630929"><ele>391</ele></trkpt>
      <trkpt lat="48.461355" lon="18.630941"><ele>390</ele></trkpt>
      <trkpt lat="48.461328" lon="18.630951"><ele>391</ele></trkpt>
      <trkpt lat="48.461277" lon="18.630969"><ele>393</ele></trkpt>
      <trkpt lat="48.461219" lon="18.631"><ele>394</ele></trkpt>
      <trkpt lat="48.461195" lon="18.63101"><ele>395</ele></trkpt>
      <trkpt lat="48.461173" lon="18.63102"><ele>396</ele></trkpt>
      <trkpt lat="48.461148" lon="18.631031"><ele>396</ele></trkpt>
      <trkpt lat="48.461119" lon="18.631048"><ele>396</ele></trkpt>
      <trkpt lat="48.461098" lon="18.631062"><ele>396</ele></trkpt>
      <trkpt lat="48.461045" lon="18.631095"><ele>395</ele></trkpt>
      <trkpt lat="48.460964" lon="18.631132"><ele>393</ele></trkpt>
      <trkpt lat="48.460924" lon="18.63115"><ele>392</ele></trkpt>
      <trkpt lat="48.460845" lon="18.631174"><ele>405</ele></trkpt>
      <trkpt lat="48.460759" lon="18.631201"><ele>403</ele></trkpt>
      <trkpt lat="48.460722" lon="18.631213"><ele>400</ele></trkpt>
      <trkpt lat="48.460659" lon="18.631246"><ele>396</ele></trkpt>
      <trkpt lat="48.460627" lon="18.631263"><ele>396</ele></trkpt>
      <trkpt lat="48.460558" lon="18.631284"><ele>395</ele></trkpt>
      <trkpt lat="48.460517" lon="18.631291"><ele>394</ele></trkpt>
      <trkpt lat="48.460482" lon="18.631293"><ele>394</ele></trkpt>
      <trkpt lat="48.460447" lon="18.631294"><ele>394</ele></trkpt>
      <trkpt lat="48.460418" lon="18.631296"><ele>394</ele></trkpt>
      <trkpt lat="48.460362" lon="18.631305"><ele>394</ele></trkpt>
      <trkpt lat="48.460333" lon="18.631305"><ele>395</ele></trkpt>
      <trkpt lat="48.460304" lon="18.631306"><ele>394</ele></trkpt>
      <trkpt lat="48.460281" lon="18.631305"><ele>394</ele></trkpt>
      <trkpt lat="48.460258" lon="18.631306"><ele>394</ele></trkpt>
      <trkpt lat="48.460233" lon="18.631311"><ele>395</ele></trkpt>
      <trkpt lat="48.460165" lon="18.631339"><ele>396</ele></trkpt>
      <trkpt lat="48.460102" lon="18.631374"><ele>397</ele></trkpt>
      <trkpt lat="48.460058" lon="18.631386"><ele>398</ele></trkpt>
      <trkpt lat="48.460035" lon="18.631393"><ele>398</ele></trkpt>
      <trkpt lat="48.460008" lon="18.631404"><ele>399</ele></trkpt>
      <trkpt lat="48.459982" lon="18.631416"><ele>399</ele></trkpt>
      <trkpt lat="48.459961" lon="18.631427"><ele>400</ele></trkpt>
      <trkpt lat="48.459921" lon="18.631454"><ele>401</ele></trkpt>
      <trkpt lat="48.459892" lon="18.631471"><ele>401</ele></trkpt>
      <trkpt lat="48.459823" lon="18.631493"><ele>401</ele></trkpt>
      <trkpt lat="48.45979" lon="18.631498"><ele>402</ele></trkpt>
      <trkpt lat="48.459759" lon="18.631502"><ele>402</ele></trkpt>
      <trkpt lat="48.459721" lon="18.631506"><ele>401</ele></trkpt>
      <trkpt lat="48.459645" lon="18.631507"><ele>400</ele></trkpt>
      <trkpt lat="48.459621" lon="18.631505"><ele>399</ele></trkpt>
      <trkpt lat="48.459595" lon="18.631504"><ele>398</ele></trkpt>
      <trkpt lat="48.459553" lon="18.631504"><ele>399</ele></trkpt>
      <trkpt lat="48.459519" lon="18.631508"><ele>399</ele></trkpt>
      <trkpt lat="48.45949" lon="18.631513"><ele>398</ele></trkpt>
      <trkpt lat="48.459458" lon="18.631522"><ele>398</ele></trkpt>
      <trkpt lat="48.459431" lon="18.631534"><ele>399</ele></trkpt>
      <trkpt lat="48.459405" lon="18.631545"><ele>399</ele></trkpt>
      <trkpt lat="48.45938" lon="18.631553"><ele>398</ele></trkpt>
      <trkpt lat="48.459356" lon="18.631557"><ele>398</ele></trkpt>
      <trkpt lat="48.459328" lon="18.631565"><ele>398</ele></trkpt>
      <trkpt lat="48.459265" lon="18.631578"><ele>399</ele></trkpt>
      <trkpt lat="48.45921" lon="18.631571"><ele>399</ele></trkpt>
      <trkpt lat="48.45918" lon="18.631567"><ele>399</ele></trkpt>
      <trkpt lat="48.459148" lon="18.631564"><ele>399</ele></trkpt>
      <trkpt lat="48.459115" lon="18.631563"><ele>399</ele></trkpt>
      <trkpt lat="48.45909" lon="18.631562"><ele>400</ele></trkpt>
      <trkpt lat="48.45906" lon="18.63156"><ele>399</ele></trkpt>
      <trkpt lat="48.458968" lon="18.631558"><ele>398</ele></trkpt>
      <trkpt lat="48.45894" lon="18.631555"><ele>398</ele></trkpt>
      <trkpt lat="48.45889" lon="18.631541"><ele>398</ele></trkpt>
      <trkpt lat="48.458819" lon="18.631536"><ele>395</ele></trkpt>
      <trkpt lat="48.45879" lon="18.631531"><ele>394</ele></trkpt>
      <trkpt lat="48.458755" lon="18.631524"><ele>394</ele></trkpt>
      <trkpt lat="48.458722" lon="18.631515"><ele>394</ele></trkpt>
      <trkpt lat="48.458663" lon="18.631496"><ele>395</ele></trkpt>
      <trkpt lat="48.458637" lon="18.631484"><ele>395</ele></trkpt>
      <trkpt lat="48.458609" lon="18.631475"><ele>395</ele></trkpt>
      <trkpt lat="48.458574" lon="18.631468"><ele>396</ele></trkpt>
      <trkpt lat="48.458537" lon="18.631464"><ele>396</ele></trkpt>
      <trkpt lat="48.458503" lon="18.631462"><ele>396</ele></trkpt>
      <trkpt lat="48.458434" lon="18.63147"><ele>395</ele></trkpt>
      <trkpt lat="48.45839" lon="18.631471"><ele>394</ele></trkpt>
      <trkpt lat="48.458352" lon="18.631469"><ele>392</ele></trkpt>
      <trkpt lat="48.458322" lon="18.631468"><ele>390</ele></trkpt>
      <trkpt lat="48.458221" lon="18.631466"><ele>388</ele></trkpt>
      <trkpt lat="48.458175" lon="18.631456"><ele>388</ele></trkpt>
      <trkpt lat="48.458136" lon="18.631451"><ele>389</ele></trkpt>
      <trkpt lat="48.458099" lon="18.631451"><ele>386</ele></trkpt>
      <trkpt lat="48.458074" lon="18.631451"><ele>388</ele></trkpt>
      <trkpt lat="48.458048" lon="18.63145"><ele>387</ele></trkpt>
      <trkpt lat="48.45799" lon="18.631435"><ele>387</ele></trkpt>
      <trkpt lat="48.457959" lon="18.631428"><ele>387</ele></trkpt>
      <trkpt lat="48.457922" lon="18.631423"><ele>386</ele></trkpt>
      <trkpt lat="48.457807" lon="18.631426"><ele>383</ele></trkpt>
      <trkpt lat="48.457777" lon="18.631425"><ele>383</ele></trkpt>
      <trkpt lat="48.457747" lon="18.631423"><ele>383</ele></trkpt>
      <trkpt lat="48.457714" lon="18.631423"><ele>381</ele></trkpt>
      <trkpt lat="48.457609" lon="18.631435"><ele>377</ele></trkpt>
      <trkpt lat="48.45758" lon="18.631437"><ele>376</ele></trkpt>
      <trkpt lat="48.457552" lon="18.631438"><ele>375</ele></trkpt>
      <trkpt lat="48.457489" lon="18.631433"><ele>376</ele></trkpt>
      <trkpt lat="48.457451" lon="18.631429"><ele>374</ele></trkpt>
      <trkpt lat="48.457415" lon="18.631425"><ele>375</ele></trkpt>
      <trkpt lat="48.457331" lon="18.631419"><ele>374</ele></trkpt>
      <trkpt lat="48.457278" lon="18.631429"><ele>374</ele></trkpt>
      <trkpt lat="48.457215" lon="18.63146"><ele>391</ele></trkpt>
      <trkpt lat="48.45715" lon="18.631525"><ele>381</ele></trkpt>
      <trkpt lat="48.457111" lon="18.63161"><ele>377</ele></trkpt>
      <trkpt lat="48.457091" lon="18.631647"><ele>376</ele></trkpt>
      <trkpt lat="48.457067" lon="18.631687"><ele>376</ele></trkpt>
      <trkpt lat="48.457043" lon="18.631723"><ele>374</ele></trkpt>
      <trkpt lat="48.457018" lon="18.631767"><ele>375</ele></trkpt>
      <trkpt lat="48.456996" lon="18.63181"><ele>374</ele></trkpt>
      <trkpt lat="48.456969" lon="18.631857"><ele>372</ele></trkpt>
      <trkpt lat="48.45694" lon="18.631908"><ele>370</ele></trkpt>
      <trkpt lat="48.456915" lon="18.631951"><ele>370</ele></trkpt>
      <trkpt lat="48.45687" lon="18.632026"><ele>371</ele></trkpt>
      <trkpt lat="48.456848" lon="18.632063"><ele>371</ele></trkpt>
      <trkpt lat="48.456821" lon="18.632104"><ele>370</ele></trkpt>
      <trkpt lat="48.456788" lon="18.632153"><ele>368</ele></trkpt>
      <trkpt lat="48.456756" lon="18.6322"><ele>367</ele></trkpt>
      <trkpt lat="48.456729" lon="18.632238"><ele>366</ele></trkpt>
      <trkpt lat="48.456705" lon="18.632277"><ele>366</ele></trkpt>
      <trkpt lat="48.456681" lon="18.632315"><ele>366</ele></trkpt>
      <trkpt lat="48.456612" lon="18.63246"><ele>362</ele></trkpt>
      <trkpt lat="48.456581" lon="18.632547"><ele>362</ele></trkpt>
      <trkpt lat="48.45657" lon="18.632581"><ele>362</ele></trkpt>
      <trkpt lat="48.456559" lon="18.632616"><ele>362</ele></trkpt>
      <trkpt lat="48.456541" lon="18.632686"><ele>363</ele></trkpt>
      <trkpt lat="48.456524" lon="18.632766"><ele>362</ele></trkpt>
      <trkpt lat="48.45646" lon="18.632895"><ele>364</ele></trkpt>
      <trkpt lat="48.456412" lon="18.632956"><ele>362</ele></trkpt>
      <trkpt lat="48.456391" lon="18.63298"><ele>361</ele></trkpt>
      <trkpt lat="48.456338" lon="18.633062"><ele>360</ele></trkpt>
      <trkpt lat="48.456285" lon="18.63311"><ele>358</ele></trkpt>
      <trkpt lat="48.456259" lon="18.633131"><ele>359</ele></trkpt>
      <trkpt lat="48.456203" lon="18.633193"><ele>362</ele></trkpt>
      <trkpt lat="48.456182" lon="18.63322"><ele>363</ele></trkpt>
      <trkpt lat="48.456138" lon="18.633285"><ele>363</ele></trkpt>
      <trkpt lat="48.456114" lon="18.633317"><ele>363</ele></trkpt>
      <trkpt lat="48.456088" lon="18.633352"><ele>360</ele></trkpt>
      <trkpt lat="48.456062" lon="18.633384"><ele>360</ele></trkpt>
      <trkpt lat="48.456036" lon="18.633424"><ele>359</ele></trkpt>
      <trkpt lat="48.456007" lon="18.633463"><ele>359</ele></trkpt>
      <trkpt lat="48.455985" lon="18.633492"><ele>360</ele></trkpt>
      <trkpt lat="48.455967" lon="18.633517"><ele>359</ele></trkpt>
      <trkpt lat="48.455923" lon="18.633564"><ele>360</ele></trkpt>
      <trkpt lat="48.455897" lon="18.633595"><ele>360</ele></trkpt>
      <trkpt lat="48.455873" lon="18.633626"><ele>362</ele></trkpt>
      <trkpt lat="48.455847" lon="18.633659"><ele>362</ele></trkpt>
      <trkpt lat="48.455795" lon="18.633726"><ele>363</ele></trkpt>
      <trkpt lat="48.455771" lon="18.63376"><ele>365</ele></trkpt>
      <trkpt lat="48.455745" lon="18.633793"><ele>365</ele></trkpt>
      <trkpt lat="48.455715" lon="18.633832"><ele>363</ele></trkpt>
      <trkpt lat="48.455685" lon="18.633868"><ele>362</ele></trkpt>
      <trkpt lat="48.455657" lon="18.633902"><ele>363</ele></trkpt>
      <trkpt lat="48.455613" lon="18.633964"><ele>363</ele></trkpt>
      <trkpt lat="48.45556" lon="18.634021"><ele>362</ele></trkpt>
      <trkpt lat="48.455503" lon="18.634121"><ele>360</ele></trkpt>
      <trkpt lat="48.455461" lon="18.634224"><ele>361</ele></trkpt>
      <trkpt lat="48.455425" lon="18.634277"><ele>360</ele></trkpt>
      <trkpt lat="48.45537" lon="18.63433"><ele>362</ele></trkpt>
      <trkpt lat="48.455349" lon="18.634351"><ele>361</ele></trkpt>
      <trkpt lat="48.455303" lon="18.634336"><ele>361</ele></trkpt>
      <trkpt lat="48.455265" lon="18.634274"><ele>361</ele></trkpt>
      <trkpt lat="48.455247" lon="18.634244"><ele>360</ele></trkpt>
      <trkpt lat="48.455203" lon="18.634187"><ele>360</ele></trkpt>
      <trkpt lat="48.455184" lon="18.634166"><ele>359</ele></trkpt>
      <trkpt lat="48.455138" lon="18.634127"><ele>358</ele></trkpt>
      <trkpt lat="48.455076" lon="18.634147"><ele>374</ele></trkpt>
      <trkpt lat="48.455022" lon="18.634209"><ele>367</ele></trkpt>
      <trkpt lat="48.454939" lon="18.634267"><ele>365</ele></trkpt>
      <trkpt lat="48.45488" lon="18.634315"><ele>364</ele></trkpt>
      <trkpt lat="48.454859" lon="18.634329"><ele>364</ele></trkpt>
      <trkpt lat="48.454838" lon="18.634343"><ele>365</ele></trkpt>
      <trkpt lat="48.45481" lon="18.634363"><ele>365</ele></trkpt>
      <trkpt lat="48.454776" lon="18.634384"><ele>365</ele></trkpt>
      <trkpt lat="48.454719" lon="18.634431"><ele>367</ele></trkpt>
      <trkpt lat="48.454693" lon="18.634457"><ele>367</ele></trkpt>
      <trkpt lat="48.454666" lon="18.634488"><ele>367</ele></trkpt>
      <trkpt lat="48.454642" lon="18.634518"><ele>369</ele></trkpt>
      <trkpt lat="48.454581" lon="18.63457"><ele>371</ele></trkpt>
      <trkpt lat="48.454555" lon="18.634595"><ele>371</ele></trkpt>
      <trkpt lat="48.454529" lon="18.634623"><ele>371</ele></trkpt>
      <trkpt lat="48.454503" lon="18.634651"><ele>371</ele></trkpt>
      <trkpt lat="48.454471" lon="18.634682"><ele>371</ele></trkpt>
      <trkpt lat="48.454438" lon="18.63471"><ele>371</ele></trkpt>
      <trkpt lat="48.454408" lon="18.634734"><ele>370</ele></trkpt>
      <trkpt lat="48.454382" lon="18.634759"><ele>371</ele></trkpt>
      <trkpt lat="48.454349" lon="18.634806"><ele>388</ele></trkpt>
      <trkpt lat="48.45432" lon="18.634849"><ele>383</ele></trkpt>
      <trkpt lat="48.454282" lon="18.634885"><ele>381</ele></trkpt>
      <trkpt lat="48.454258" lon="18.634905"><ele>380</ele></trkpt>
      <trkpt lat="48.454215" lon="18.634955"><ele>376</ele></trkpt>
      <trkpt lat="48.45419" lon="18.634983"><ele>377</ele></trkpt>
      <trkpt lat="48.454144" lon="18.635006"><ele>377</ele></trkpt>
      <trkpt lat="48.454045" lon="18.634991"><ele>374</ele></trkpt>
      <trkpt lat="48.453975" lon="18.635003"><ele>371</ele></trkpt>
      <trkpt lat="48.453942" lon="18.635012"><ele>370</ele></trkpt>
      <trkpt lat="48.453916" lon="18.63502"><ele>369</ele></trkpt>
      <trkpt lat="48.453893" lon="18.635029"><ele>370</ele></trkpt>
      <trkpt lat="48.453863" lon="18.635037"><ele>371</ele></trkpt>
      <trkpt lat="48.453831" lon="18.635049"><ele>371</ele></trkpt>
      <trkpt lat="48.453799" lon="18.635062"><ele>372</ele></trkpt>
      <trkpt lat="48.453714" lon="18.63513"><ele>371</ele></trkpt>
      <trkpt lat="48.453688" lon="18.635155"><ele>371</ele></trkpt>
      <trkpt lat="48.453655" lon="18.635217"><ele>369</ele></trkpt>
      <trkpt lat="48.453635" lon="18.635311"><ele>361</ele></trkpt>
      <trkpt lat="48.45361" lon="18.635385"><ele>359</ele></trkpt>
      <trkpt lat="48.453599" lon="18.63548"><ele>359</ele></trkpt>
      <trkpt lat="48.453596" lon="18.635585"><ele>357</ele></trkpt>
      <trkpt lat="48.453594" lon="18.63563"><ele>359</ele></trkpt>
      <trkpt lat="48.453591" lon="18.635673"><ele>359</ele></trkpt>
      <trkpt lat="48.453588" lon="18.635714"><ele>359</ele></trkpt>
      <trkpt lat="48.453584" lon="18.635757"><ele>359</ele></trkpt>
      <trkpt lat="48.453594" lon="18.635836"><ele>357</ele></trkpt>
      <trkpt lat="48.453646" lon="18.636"><ele>354</ele></trkpt>
      <trkpt lat="48.453701" lon="18.636164"><ele>355</ele></trkpt>
      <trkpt lat="48.453737" lon="18.636275"><ele>354</ele></trkpt>
      <trkpt lat="48.453754" lon="18.636324"><ele>354</ele></trkpt>
      <trkpt lat="48.45377" lon="18.636365"><ele>354</ele></trkpt>
      <trkpt lat="48.453801" lon="18.636442"><ele>352</ele></trkpt>
      <trkpt lat="48.453816" lon="18.636482"><ele>352</ele></trkpt>
      <trkpt lat="48.45383" lon="18.636522"><ele>352</ele></trkpt>
      <trkpt lat="48.453845" lon="18.636562"><ele>352</ele></trkpt>
      <trkpt lat="48.45386" lon="18.636603"><ele>352</ele></trkpt>
      <trkpt lat="48.453874" lon="18.636645"><ele>351</ele></trkpt>
      <trkpt lat="48.453886" lon="18.636681"><ele>351</ele></trkpt>
      <trkpt lat="48.453898" lon="18.636719"><ele>351</ele></trkpt>
      <trkpt lat="48.453924" lon="18.636798"><ele>350</ele></trkpt>
      <trkpt lat="48.453937" lon="18.636838"><ele>350</ele></trkpt>
      <trkpt lat="48.453949" lon="18.636878"><ele>350</ele></trkpt>
      <trkpt lat="48.453961" lon="18.636921"><ele>350</ele></trkpt>
      <trkpt lat="48.453972" lon="18.63696"><ele>349</ele></trkpt>
      <trkpt lat="48.453986" lon="18.63703"><ele>348</ele></trkpt>
      <trkpt lat="48.453994" lon="18.637076"><ele>347</ele></trkpt>
      <trkpt lat="48.454003" lon="18.637117"><ele>347</ele></trkpt>
    </trkseg>
  </trk>
</gpx>