<?xml version="1.0" encoding="UTF-8"?>
<gpx creator="Garmin Connect" version="1.1"
  xsi:schemaLocation="http://www.topografix.com/GPX/1/1 http://www.topografix.com/GPX/11.xsd"
  xmlns:ns3="http://www.garmin.com/xmlschemas/TrackPointExtension/v1"
  xmlns="http://www.topografix.com/GPX/1/1"
  xmlns:xsi="http://www.w3.org/2001/XMLSchema-instance" xmlns:ns2="http://www.garmin.com/xmlschemas/GpxExtensions/v3">
  <metadata>
    <name>Tajchová Osmička Nová Baňa Beh v teréne</name>
    <link href="connect.garmin.com">
      <text>Garmin Connect</text>
    </link>
    <time>2025-08-31T06:37:00.000Z</time>
  </metadata>
  <trk>
    <name>Tajchová Osmička Nová Baňa Beh v teréne</name>
    <trkseg>
      <trkpt lat="48.45398699864745" lon="18.636960200965405">
        <ele>314.8</ele>
      </trkpt>
      <trkpt lat="48.45400686375797" lon="18.63701610825956">
        <ele>314.8</ele>
      </trkpt>
      <trkpt lat="48.4540278185159" lon="18.63707184791565">
        <ele>314.8</ele>
      </trkpt>
      <trkpt lat="48.45407006330788" lon="18.637186512351036">
        <ele>314.8</ele>
      </trkpt>
      <trkpt lat="48.454131251201034" lon="18.637292878702283">
        <ele>315.0</ele>
      </trkpt>
      <trkpt lat="48.454167963936925" lon="18.637321712449193">
        <ele>315.0</ele>
      </trkpt>
      <trkpt lat="48.45429318957031" lon="18.637311402708292">
        <ele>315.0</ele>
      </trkpt>
      <trkpt lat="48.45433627255261" lon="18.63728835247457">
        <ele>315.2</ele>
      </trkpt>
      <trkpt lat="48.45453752204776" lon="18.63718818873167">
        <ele>315.4</ele>
      </trkpt>
      <trkpt lat="48.45461228862405" lon="18.637148290872574">
        <ele>315.6</ele>
      </trkpt>
      <trkpt lat="48.454684959724545" lon="18.637117529287934">
        <ele>315.8</ele>
      </trkpt>
      <trkpt lat="48.45483533106744" lon="18.63705290481448">
        <ele>316.6</ele>
      </trkpt>
      <trkpt lat="48.45494722947478" lon="18.636980652809143">
        <ele>316.6</ele>
      </trkpt>
      <trkpt lat="48.4550204873085" lon="18.636940671131015">
        <ele>317.0</ele>
      </trkpt>
      <trkpt lat="48.455059211701155" lon="18.636922985315323">
        <ele>317.2</ele>
      </trkpt>
      <trkpt lat="48.45509701408446" lon="18.636902952566743">
        <ele>317.2</ele>
      </trkpt>
      <trkpt lat="48.45517479814589" lon="18.63686464726925">
        <ele>317.4</ele>
      </trkpt>
      <trkpt lat="48.455360205844045" lon="18.63676590844989">
        <ele>317.0</ele>
      </trkpt>
      <trkpt lat="48.45539767295122" lon="18.63674202002585">
        <ele>316.8</ele>
      </trkpt>
      <trkpt lat="48.45556749030948" lon="18.636605395004153">
        <ele>316.6</ele>
      </trkpt>
      <trkpt lat="48.45560328103602" lon="18.636573376134038">
        <ele>316.6</ele>
      </trkpt>
      <trkpt lat="48.45577276311815" lon="18.636429458856583">
        <ele>316.2</ele>
      </trkpt>
      <trkpt lat="48.45580704510212" lon="18.636403726413846">
        <ele>316.2</ele>
      </trkpt>
      <trkpt lat="48.45587678253651" lon="18.63635402172804">
        <ele>316.2</ele>
      </trkpt>
      <trkpt lat="48.45601432956755" lon="18.63622167147696">
        <ele>316.0</ele>
      </trkpt>
      <trkpt lat="48.456077948212624" lon="18.63615763373673">
        <ele>315.8</ele>
      </trkpt>
      <trkpt lat="48.45624206587672" lon="18.63602528348565">
        <ele>315.4</ele>
      </trkpt>
      <trkpt lat="48.456300823017955" lon="18.63597054965794">
        <ele>315.4</ele>
      </trkpt>
      <trkpt lat="48.456410290673375" lon="18.635755805298686">
        <ele>315.2</ele>
      </trkpt>
      <trkpt lat="48.456365782767534" lon="18.635511305183172">
        <ele>316.4</ele>
      </trkpt>
      <trkpt lat="48.45623712055385" lon="18.635413153097034">
        <ele>317.0</ele>
      </trkpt>
      <trkpt lat="48.4561809618026" lon="18.63539387471974">
        <ele>317.2</ele>
      </trkpt>
      <trkpt lat="48.45606931485236" lon="18.63534366711974">
        <ele>318.0</ele>
      </trkpt>
      <trkpt lat="48.455987172201276" lon="18.63531533628702">
        <ele>318.4</ele>
      </trkpt>
      <trkpt lat="48.4559288341552" lon="18.63528683781624">
        <ele>318.8</ele>
      </trkpt>
      <trkpt lat="48.4558479487896" lon="18.6352526396513">
        <ele>319.4</ele>
      </trkpt>
      <trkpt lat="48.45566195435822" lon="18.63519413396716">
        <ele>320.2</ele>
      </trkpt>
      <trkpt lat="48.45556237734854" lon="18.635113583877683">
        <ele>320.4</ele>
      </trkpt>
      <trkpt lat="48.45548937097192" lon="18.634909568354487">
        <ele>319.4</ele>
      </trkpt>
      <trkpt lat="48.455424243584275" lon="18.63470303826034">
        <ele>318.0</ele>
      </trkpt>
      <trkpt lat="48.455406641587615" lon="18.634652411565185">
        <ele>317.6</ele>
      </trkpt>
      <trkpt lat="48.45534469932318" lon="18.634446384385228">
        <ele>317.0</ele>
      </trkpt>
      <trkpt lat="48.45534134656191" lon="18.634362146258354">
        <ele>316.2</ele>
      </trkpt>
      <trkpt lat="48.45540454611182" lon="18.634263575077057">
        <ele>316.2</ele>
      </trkpt>
      <trkpt lat="48.45543044619262" lon="18.634242033585906">
        <ele>316.4</ele>
      </trkpt>
      <trkpt lat="48.4555559232831" lon="18.634107671678066">
        <ele>317.2</ele>
      </trkpt>
      <trkpt lat="48.45568919554353" lon="18.6339021474123">
        <ele>317.8</ele>
      </trkpt>
      <trkpt lat="48.45570889301598" lon="18.633872140198946">
        <ele>317.8</ele>
      </trkpt>
      <trkpt lat="48.45581743866205" lon="18.63372042775154">
        <ele>318.0</ele>
      </trkpt>
      <trkpt lat="48.45586278475821" lon="18.633662005886436">
        <ele>318.0</ele>
      </trkpt>
      <trkpt lat="48.45599387772381" lon="18.633465031161904">
        <ele>318.6</ele>
      </trkpt>
      <trkpt lat="48.456039475277066" lon="18.633401915431023">
        <ele>318.6</ele>
      </trkpt>
      <trkpt lat="48.456125473603606" lon="18.633270654827356">
        <ele>318.6</ele>
      </trkpt>
      <trkpt lat="48.456172328442335" lon="18.633212316781282">
        <ele>319.0</ele>
      </trkpt>
      <trkpt lat="48.45619445666671" lon="18.633184069767594">
        <ele>319.0</ele>
      </trkpt>
      <trkpt lat="48.456292105838656" lon="18.63301383331418">
        <ele>319.4</ele>
      </trkpt>
      <trkpt lat="48.45637693069875" lon="18.63289849832654">
        <ele>320.2</ele>
      </trkpt>
      <trkpt lat="48.45643342472613" lon="18.63281551748514">
        <ele>320.4</ele>
      </trkpt>
      <trkpt lat="48.45651556737721" lon="18.632657350972295">
        <ele>321.0</ele>
      </trkpt>
      <trkpt lat="48.45653207972646" lon="18.632631367072463">
        <ele>321.2</ele>
      </trkpt>
      <trkpt lat="48.456619419157505" lon="18.632396841421723">
        <ele>321.8</ele>
      </trkpt>
      <trkpt lat="48.45667247660458" lon="18.63226273097098">
        <ele>322.2</ele>
      </trkpt>
      <trkpt lat="48.45668823458254" lon="18.632226940244436">
        <ele>322.4</ele>
      </trkpt>
      <trkpt lat="48.45680977217853" lon="18.63202535547316">
        <ele>323.2</ele>
      </trkpt>
      <trkpt lat="48.45682821236551" lon="18.631990738213062">
        <ele>323.6</ele>
      </trkpt>
      <trkpt lat="48.456940446048975" lon="18.631809186190367">
        <ele>324.6</ele>
      </trkpt>
      <trkpt lat="48.45707061700523" lon="18.631618916988373">
        <ele>325.4</ele>
      </trkpt>
      <trkpt lat="48.45712359063327" lon="18.631501151248813">
        <ele>325.4</ele>
      </trkpt>
      <trkpt lat="48.45710716210306" lon="18.63134667277336">
        <ele>325.4</ele>
      </trkpt>
      <trkpt lat="48.45698319375515" lon="18.63112421706319">
        <ele>324.6</ele>
      </trkpt>
      <trkpt lat="48.45697087235749" lon="18.63108415156603">
        <ele>324.6</ele>
      </trkpt>
      <trkpt lat="48.45697816461325" lon="18.63095171749592">
        <ele>324.6</ele>
      </trkpt>
      <trkpt lat="48.45700020901859" lon="18.630918692797422">
        <ele>324.8</ele>
      </trkpt>
      <trkpt lat="48.45714739523828" lon="18.630763292312622">
        <ele>325.6</ele>
      </trkpt>
      <trkpt lat="48.45717421732843" lon="18.63074359484017">
        <ele>325.6</ele>
      </trkpt>
      <trkpt lat="48.4571997821331" lon="18.63072314299643">
        <ele>325.6</ele>
      </trkpt>
      <trkpt lat="48.45731201581657" lon="18.63061216659844">
        <ele>326.2</ele>
      </trkpt>
      <trkpt lat="48.457358283922076" lon="18.630574364215136">
        <ele>326.4</ele>
      </trkpt>
      <trkpt lat="48.45740631222725" lon="18.630532370880246">
        <ele>326.6</ele>
      </trkpt>
      <trkpt lat="48.45742818899453" lon="18.63051342777908">
        <ele>326.6</ele>
      </trkpt>
      <trkpt lat="48.45757118426263" lon="18.630356937646866">
        <ele>327.2</ele>
      </trkpt>
      <trkpt lat="48.45769624225795" lon="18.630222994834185">
        <ele>327.8</ele>
      </trkpt>
      <trkpt lat="48.457794142886996" lon="18.630119813606143">
        <ele>328.4</ele>
      </trkpt>
      <trkpt lat="48.45793361775577" lon="18.629950918257236">
        <ele>328.8</ele>
      </trkpt>
      <trkpt lat="48.45795080065727" lon="18.62992317415774">
        <ele>329.0</ele>
      </trkpt>
      <trkpt lat="48.45799287781119" lon="18.629875648766756">
        <ele>329.4</ele>
      </trkpt>
      <trkpt lat="48.458097567781806" lon="18.629740113392472">
        <ele>330.0</ele>
      </trkpt>
      <trkpt lat="48.45814014784992" lon="18.629689821973443">
        <ele>330.6</ele>
      </trkpt>
      <trkpt lat="48.45821944065392" lon="18.62958211451769">
        <ele>331.0</ele>
      </trkpt>
      <trkpt lat="48.458238802850246" lon="18.629553532227874">
        <ele>331.0</ele>
      </trkpt>
      <trkpt lat="48.45827559940517" lon="18.629495948553085">
        <ele>331.4</ele>
      </trkpt>
      <trkpt lat="48.45836930908263" lon="18.629339458420873">
        <ele>332.0</ele>
      </trkpt>
      <trkpt lat="48.45839051529765" lon="18.629308193922043">
        <ele>332.2</ele>
      </trkpt>
      <trkpt lat="48.45847827382386" lon="18.62919755280018">
        <ele>332.8</ele>
      </trkpt>
      <trkpt lat="48.458556393161416" lon="18.629089929163456">
        <ele>333.4</ele>
      </trkpt>
      <trkpt lat="48.45860240980983" lon="18.629035782068968">
        <ele>333.4</ele>
      </trkpt>
      <trkpt lat="48.458748925477266" lon="18.62888742238283">
        <ele>334.2</ele>
      </trkpt>
      <trkpt lat="48.45877096988261" lon="18.62886286340654">
        <ele>334.4</ele>
      </trkpt>
      <trkpt lat="48.45884540118277" lon="18.628761526197195">
        <ele>335.6</ele>
      </trkpt>
      <trkpt lat="48.45887599512935" lon="18.62871249206364">
        <ele>335.8</ele>
      </trkpt>
      <trkpt lat="48.45897037535906" lon="18.628565054386854">
        <ele>336.6</ele>
      </trkpt>
      <trkpt lat="48.458999041467905" lon="18.628529934212565">
        <ele>337.0</ele>
      </trkpt>
      <trkpt lat="48.459129044786096" lon="18.628353578969836">
        <ele>337.6</ele>
      </trkpt>
      <trkpt lat="48.45915553160012" lon="18.628302114084363">
        <ele>337.6</ele>
      </trkpt>
      <trkpt lat="48.459183275699615" lon="18.628258779644966">
        <ele>337.8</ele>
      </trkpt>
      <trkpt lat="48.45924060791731" lon="18.62818812020123">
        <ele>338.2</ele>
      </trkpt>
      <trkpt lat="48.45933641307056" lon="18.62804688513279">
        <ele>338.8</ele>
      </trkpt>
      <trkpt lat="48.45937798731029" lon="18.627979829907417">
        <ele>339.4</ele>
      </trkpt>
      <trkpt lat="48.45942299813032" lon="18.62792425788939">
        <ele>340.0</ele>
      </trkpt>
      <trkpt lat="48.459514025598764" lon="18.62783247604966">
        <ele>341.0</ele>
      </trkpt>
      <trkpt lat="48.45953682437539" lon="18.627809761092067">
        <ele>341.2</ele>
      </trkpt>
      <trkpt lat="48.45968920737505" lon="18.627682775259018">
        <ele>341.6</ele>
      </trkpt>
      <trkpt lat="48.45974134281278" lon="18.627636339515448">
        <ele>341.8</ele>
      </trkpt>
      <trkpt lat="48.459792137145996" lon="18.627593675628304">
        <ele>342.0</ele>
      </trkpt>
      <trkpt lat="48.459815606474876" lon="18.627574061974883">
        <ele>342.2</ele>
      </trkpt>
      <trkpt lat="48.45991560257971" lon="18.6274971999228">
        <ele>342.4</ele>
      </trkpt>
      <trkpt lat="48.45993957482278" lon="18.627477334812284">
        <ele>342.6</ele>
      </trkpt>
      <trkpt lat="48.46000771969557" lon="18.627406675368547">
        <ele>343.2</ele>
      </trkpt>
      <trkpt lat="48.46004703082144" lon="18.62735697068274">
        <ele>343.6</ele>
      </trkpt>
      <trkpt lat="48.460063710808754" lon="18.627334591001272">
        <ele>343.8</ele>
      </trkpt>
      <trkpt lat="48.46012908965349" lon="18.627259572967887">
        <ele>344.4</ele>
      </trkpt>
      <trkpt lat="48.46014174632728" lon="18.62723434343934">
        <ele>344.6</ele>
      </trkpt>
      <trkpt lat="48.460189271718264" lon="18.627129569649696">
        <ele>345.4</ele>
      </trkpt>
      <trkpt lat="48.460230426862836" lon="18.627033261582255">
        <ele>345.8</ele>
      </trkpt>
      <trkpt lat="48.46030578017235" lon="18.626862773671746">
        <ele>346.6</ele>
      </trkpt>
      <trkpt lat="48.46031625755131" lon="18.626831090077758">
        <ele>346.6</ele>
      </trkpt>
      <trkpt lat="48.46035338938236" lon="18.626605197787285">
        <ele>347.2</ele>
      </trkpt>
      <trkpt lat="48.46035573631525" lon="18.626510817557573">
        <ele>347.6</ele>
      </trkpt>
      <trkpt lat="48.460357496514916" lon="18.626474356278777">
        <ele>347.6</ele>
      </trkpt>
      <trkpt lat="48.46035213209689" lon="18.626437475904822">
        <ele>347.8</ele>
      </trkpt>
      <trkpt lat="48.460347102954984" lon="18.626368576660752">
        <ele>348.4</ele>
      </trkpt>
      <trkpt lat="48.46034022979438" lon="18.62633571960032">
        <ele>348.6</ele>
      </trkpt>
      <trkpt lat="48.460309971123934" lon="18.626198172569275">
        <ele>349.0</ele>
      </trkpt>
      <trkpt lat="48.460270911455154" lon="18.626073030754924">
        <ele>349.4</ele>
      </trkpt>
      <trkpt lat="48.46027359366417" lon="18.626021398231387">
        <ele>349.6</ele>
      </trkpt>
      <trkpt lat="48.460270492359996" lon="18.625982841476798">
        <ele>349.8</ele>
      </trkpt>
      <trkpt lat="48.460256243124604" lon="18.62591494806111">
        <ele>350.2</ele>
      </trkpt>
      <trkpt lat="48.460246017202735" lon="18.62580891698599">
        <ele>350.6</ele>
      </trkpt>
      <trkpt lat="48.46023956313729" lon="18.625524770468473">
        <ele>351.8</ele>
      </trkpt>
      <trkpt lat="48.46023763529956" lon="18.62547716125846">
        <ele>352.0</ele>
      </trkpt>
      <trkpt lat="48.46021005883813" lon="18.6253990419209">
        <ele>352.6</ele>
      </trkpt>
      <trkpt lat="48.46019446849823" lon="18.62532720901072">
        <ele>353.0</ele>
      </trkpt>
      <trkpt lat="48.460184913128614" lon="18.625244479626417">
        <ele>353.4</ele>
      </trkpt>
      <trkpt lat="48.46017971634865" lon="18.625099724158645">
        <ele>353.6</ele>
      </trkpt>
      <trkpt lat="48.46017150208354" lon="18.624954130500555">
        <ele>354.0</ele>
      </trkpt>
      <trkpt lat="48.460181560367346" lon="18.62475740723312">
        <ele>354.6</ele>
      </trkpt>
      <trkpt lat="48.46018482930958" lon="18.624664451926947">
        <ele>355.2</ele>
      </trkpt>
      <trkpt lat="48.460195641964674" lon="18.624566802754998">
        <ele>355.6</ele>
      </trkpt>
      <trkpt lat="48.460202096030116" lon="18.624531850218773">
        <ele>355.6</ele>
      </trkpt>
      <trkpt lat="48.46022833138704" lon="18.624455239623785">
        <ele>356.2</ele>
      </trkpt>
      <trkpt lat="48.46024920232594" lon="18.624405283480883">
        <ele>356.8</ele>
      </trkpt>
      <trkpt lat="48.460296392440796" lon="18.624310651794076">
        <ele>357.0</ele>
      </trkpt>
      <trkpt lat="48.460333943367004" lon="18.62420629709959">
        <ele>357.6</ele>
      </trkpt>
      <trkpt lat="48.46034919843078" lon="18.624163968488574">
        <ele>358.0</ele>
      </trkpt>
      <trkpt lat="48.46034701913595" lon="18.624111749231815">
        <ele>358.4</ele>
      </trkpt>
      <trkpt lat="48.460342744365335" lon="18.624079395085573">
        <ele>358.6</ele>
      </trkpt>
      <trkpt lat="48.46034584566951" lon="18.6240469571203">
        <ele>358.6</ele>
      </trkpt>
      <trkpt lat="48.460386749356985" lon="18.623902704566717">
        <ele>359.0</ele>
      </trkpt>
      <trkpt lat="48.46043444238603" lon="18.623784435912967">
        <ele>359.6</ele>
      </trkpt>
      <trkpt lat="48.46045942045748" lon="18.623705143108964">
        <ele>360.0</ele>
      </trkpt>
      <trkpt lat="48.460465874522924" lon="18.623664239421487">
        <ele>360.2</ele>
      </trkpt>
      <trkpt lat="48.46047987230122" lon="18.62356223165989">
        <ele>361.0</ele>
      </trkpt>
      <trkpt lat="48.46049152314663" lon="18.62333700992167">
        <ele>362.2</ele>
      </trkpt>
      <trkpt lat="48.460515746846795" lon="18.623254280537367">
        <ele>362.6</ele>
      </trkpt>
      <trkpt lat="48.46057299524546" lon="18.62314254976809">
        <ele>363.2</ele>
      </trkpt>
      <trkpt lat="48.46057358197868" lon="18.623111536726356">
        <ele>363.4</ele>
      </trkpt>
      <trkpt lat="48.46058238297701" lon="18.62304917536676">
        <ele>364.0</ele>
      </trkpt>
      <trkpt lat="48.460600739344954" lon="18.62301313318312">
        <ele>364.2</ele>
      </trkpt>
      <trkpt lat="48.46061599440873" lon="18.622991424053907">
        <ele>364.2</ele>
      </trkpt>
      <trkpt lat="48.460637452080846" lon="18.622938618063927">
        <ele>364.4</ele>
      </trkpt>
      <trkpt lat="48.460640804842114" lon="18.62290559336543">
        <ele>364.6</ele>
      </trkpt>
      <trkpt lat="48.46066100522876" lon="18.622701494023204">
        <ele>365.2</ele>
      </trkpt>
      <trkpt lat="48.46068715676665" lon="18.622603677213192">
        <ele>365.4</ele>
      </trkpt>
      <trkpt lat="48.460702830925584" lon="18.622527653351426">
        <ele>365.8</ele>
      </trkpt>
      <trkpt lat="48.460718505084515" lon="18.622494880110025">
        <ele>366.2</ele>
      </trkpt>
      <trkpt lat="48.46072495914996" lon="18.622462525963783">
        <ele>366.4</ele>
      </trkpt>
      <trkpt lat="48.460751278325915" lon="18.62239488400519">
        <ele>367.0</ele>
      </trkpt>
      <trkpt lat="48.46077625639737" lon="18.622355153784156">
        <ele>367.0</ele>
      </trkpt>
      <trkpt lat="48.46083744429052" lon="18.622225066646934">
        <ele>367.6</ele>
      </trkpt>
      <trkpt lat="48.460888992995024" lon="18.62215893343091">
        <ele>368.4</ele>
      </trkpt>
      <trkpt lat="48.460908103734255" lon="18.622125405818224">
        <ele>368.8</ele>
      </trkpt>
      <trkpt lat="48.46101824194193" lon="18.621899597346783">
        <ele>369.8</ele>
      </trkpt>
      <trkpt lat="48.46102268435061" lon="18.62186472862959">
        <ele>370.2</ele>
      </trkpt>
      <trkpt lat="48.461046824231744" lon="18.62171335145831">
        <ele>371.0</ele>
      </trkpt>
      <trkpt lat="48.46106677316129" lon="18.621631460264325">
        <ele>371.6</ele>
      </trkpt>
      <trkpt lat="48.46108932048082" lon="18.62156038172543">
        <ele>372.0</ele>
      </trkpt>
      <trkpt lat="48.46110180951655" lon="18.6215309612453">
        <ele>372.2</ele>
      </trkpt>
      <trkpt lat="48.46118789166212" lon="18.621346056461334">
        <ele>373.0</ele>
      </trkpt>
      <trkpt lat="48.46120364964008" lon="18.621304649859667">
        <ele>373.4</ele>
      </trkpt>
      <trkpt lat="48.461217898875475" lon="18.621262153610587">
        <ele>373.6</ele>
      </trkpt>
      <trkpt lat="48.46126710064709" lon="18.621087055653334">
        <ele>374.4</ele>
      </trkpt>
      <trkpt lat="48.461284367367625" lon="18.62104623578489">
        <ele>374.6</ele>
      </trkpt>
      <trkpt lat="48.4613704495132" lon="18.620917657390237">
        <ele>375.4</ele>
      </trkpt>
      <trkpt lat="48.46141931600869" lon="18.620862755924463">
        <ele>375.8</ele>
      </trkpt>
      <trkpt lat="48.46151310950518" lon="18.620643066242337">
        <ele>376.6</ele>
      </trkpt>
      <trkpt lat="48.46163255162537" lon="18.620479870587587">
        <ele>377.6</ele>
      </trkpt>
      <trkpt lat="48.461656188592315" lon="18.620456904172897">
        <ele>377.8</ele>
      </trkpt>
      <trkpt lat="48.46179180778563" lon="18.62036076374352">
        <ele>378.6</ele>
      </trkpt>
      <trkpt lat="48.461810164153576" lon="18.620343580842018">
        <ele>378.8</ele>
      </trkpt>
      <trkpt lat="48.46183237619698" lon="18.620330085977912">
        <ele>378.8</ele>
      </trkpt>
      <trkpt lat="48.46196145750582" lon="18.620258420705795">
        <ele>379.8</ele>
      </trkpt>
      <trkpt lat="48.462009485810995" lon="18.620166471228004">
        <ele>380.4</ele>
      </trkpt>
      <trkpt lat="48.46206916496158" lon="18.620084915310144">
        <ele>381.0</ele>
      </trkpt>
      <trkpt lat="48.46219623461366" lon="18.61990395002067">
        <ele>381.2</ele>
      </trkpt>
      <trkpt lat="48.462325148284435" lon="18.619761373847723">
        <ele>382.0</ele>
      </trkpt>
      <trkpt lat="48.46234736032784" lon="18.619738323614">
        <ele>382.2</ele>
      </trkpt>
      <trkpt lat="48.462370997294784" lon="18.619710579514503">
        <ele>382.6</ele>
      </trkpt>
      <trkpt lat="48.462449284270406" lon="18.61967470496893">
        <ele>382.8</ele>
      </trkpt>
      <trkpt lat="48.462473675608635" lon="18.61965576186776">
        <ele>383.0</ele>
      </trkpt>
      <trkpt lat="48.46249781548977" lon="18.619633968919516">
        <ele>383.2</ele>
      </trkpt>
      <trkpt lat="48.462608540430665" lon="18.619504468515515">
        <ele>384.0</ele>
      </trkpt>
      <trkpt lat="48.46263167448342" lon="18.619476472958922">
        <ele>384.2</ele>
      </trkpt>
      <trkpt lat="48.46274172887206" lon="18.619367592036724">
        <ele>385.2</ele>
      </trkpt>
      <trkpt lat="48.462784979492426" lon="18.619331382215023">
        <ele>385.6</ele>
      </trkpt>
      <trkpt lat="48.462807945907116" lon="18.61931310966611">
        <ele>385.8</ele>
      </trkpt>
      <trkpt lat="48.462849855422974" lon="18.619273966178298">
        <ele>386.2</ele>
      </trkpt>
      <trkpt lat="48.46286402083933" lon="18.619247814640403">
        <ele>386.4</ele>
      </trkpt>
      <trkpt lat="48.4628935251385" lon="18.61918863840401">
        <ele>386.8</ele>
      </trkpt>
      <trkpt lat="48.46296695061028" lon="18.619093419983983">
        <ele>387.6</ele>
      </trkpt>
      <trkpt lat="48.46302260644734" lon="18.619012534618378">
        <ele>388.4</ele>
      </trkpt>
      <trkpt lat="48.46303593367338" lon="18.618995938450098">
        <ele>388.6</ele>
      </trkpt>
      <trkpt lat="48.4631197527051" lon="18.618900971487164">
        <ele>389.8</ele>
      </trkpt>
      <trkpt lat="48.46313458867371" lon="18.618875574320555">
        <ele>389.8</ele>
      </trkpt>
      <trkpt lat="48.463150430470705" lon="18.618848081678152">
        <ele>390.0</ele>
      </trkpt>
      <trkpt lat="48.46322779543698" lon="18.618759317323565">
        <ele>391.0</ele>
      </trkpt>
      <trkpt lat="48.46331438049674" lon="18.618687568232417">
        <ele>392.0</ele>
      </trkpt>
      <trkpt lat="48.46341026946902" lon="18.618568209931254">
        <ele>393.2</ele>
      </trkpt>
      <trkpt lat="48.46349869854748" lon="18.618471398949623">
        <ele>394.2</ele>
      </trkpt>
      <trkpt lat="48.46362208016217" lon="18.61828112974763">
        <ele>394.8</ele>
      </trkpt>
      <trkpt lat="48.463640101253986" lon="18.618252212181687">
        <ele>394.8</ele>
      </trkpt>
      <trkpt lat="48.46365753561258" lon="18.618222372606397">
        <ele>395.0</ele>
      </trkpt>
      <trkpt lat="48.463697182014585" lon="18.618165040388703">
        <ele>395.0</ele>
      </trkpt>
      <trkpt lat="48.46378192305565" lon="18.618000000715256">
        <ele>395.4</ele>
      </trkpt>
      <trkpt lat="48.463791478425264" lon="18.617969658225775">
        <ele>395.6</ele>
      </trkpt>
      <trkpt lat="48.46379952505231" lon="18.61794199794531">
        <ele>395.8</ele>
      </trkpt>
      <trkpt lat="48.4638087451458" lon="18.617888437584043">
        <ele>396.2</ele>
      </trkpt>
      <trkpt lat="48.463825173676014" lon="18.617813838645816">
        <ele>396.4</ele>
      </trkpt>
      <trkpt lat="48.46384596079588" lon="18.617765894159675">
        <ele>397.2</ele>
      </trkpt>
      <trkpt lat="48.46385903656483" lon="18.617739407345653">
        <ele>397.2</ele>
      </trkpt>
      <trkpt lat="48.4638861939311" lon="18.617690205574036">
        <ele>397.6</ele>
      </trkpt>
      <trkpt lat="48.46394260413945" lon="18.61757361330092">
        <ele>398.4</ele>
      </trkpt>
      <trkpt lat="48.463954674080014" lon="18.617549305781722">
        <ele>398.8</ele>
      </trkpt>
      <trkpt lat="48.46397462300956" lon="18.617478562518954">
        <ele>399.2</ele>
      </trkpt>
      <trkpt lat="48.464035391807556" lon="18.617312433198094">
        <ele>400.0</ele>
      </trkpt>
      <trkpt lat="48.46407042816281" lon="18.617161391302943">
        <ele>400.6</ele>
      </trkpt>
      <trkpt lat="48.464105715975165" lon="18.61701755784452">
        <ele>401.2</ele>
      </trkpt>
      <trkpt lat="48.46413480117917" lon="18.616811614483595">
        <ele>402.2</ele>
      </trkpt>
      <trkpt lat="48.46414754167199" lon="18.61672092229128">
        <ele>402.8</ele>
      </trkpt>
      <trkpt lat="48.46415282227099" lon="18.616664092987776">
        <ele>403.4</ele>
      </trkpt>
      <trkpt lat="48.464154582470655" lon="18.61663307994604">
        <ele>403.4</ele>
      </trkpt>
      <trkpt lat="48.46416690386832" lon="18.616516068577766">
        <ele>404.0</ele>
      </trkpt>
      <trkpt lat="48.46417956054211" lon="18.616453874856234">
        <ele>404.4</ele>
      </trkpt>
      <trkpt lat="48.46419716253877" lon="18.616357566788793">
        <ele>404.8</ele>
      </trkpt>
      <trkpt lat="48.46419473178685" lon="18.61627098172903">
        <ele>405.4</ele>
      </trkpt>
      <trkpt lat="48.46419489942491" lon="18.616230161860585">
        <ele>405.6</ele>
      </trkpt>
      <trkpt lat="48.46415340900421" lon="18.616024386137724">
        <ele>406.4</ele>
      </trkpt>
      <trkpt lat="48.464144272729754" lon="18.615984823554754">
        <ele>406.6</ele>
      </trkpt>
      <trkpt lat="48.464132035151124" lon="18.615900417789817">
        <ele>407.0</ele>
      </trkpt>
      <trkpt lat="48.464127676561475" lon="18.615759601816535">
        <ele>407.6</ele>
      </trkpt>
      <trkpt lat="48.464124323800206" lon="18.61570755019784">
        <ele>407.8</ele>
      </trkpt>
      <trkpt lat="48.464168244972825" lon="18.615566063672304">
        <ele>408.4</ele>
      </trkpt>
      <trkpt lat="48.4641850925982" lon="18.615501020103693">
        <ele>408.8</ele>
      </trkpt>
      <trkpt lat="48.46424602903426" lon="18.6152951605618">
        <ele>409.8</ele>
      </trkpt>
      <trkpt lat="48.46424703486264" lon="18.615261130034924">
        <ele>410.0</ele>
      </trkpt>
      <trkpt lat="48.464255165308714" lon="18.615189464762807">
        <ele>410.6</ele>
      </trkpt>
      <trkpt lat="48.46424661576748" lon="18.615123331546783">
        <ele>411.0</ele>
      </trkpt>
      <trkpt lat="48.46424041315913" lon="18.615058036521077">
        <ele>411.4</ele>
      </trkpt>
      <trkpt lat="48.46424292773008" lon="18.615038003772497">
        <ele>411.6</ele>
      </trkpt>
      <trkpt lat="48.46424586139619" lon="18.615007577463984">
        <ele>411.6</ele>
      </trkpt>
      <trkpt lat="48.46425709314644" lon="18.614939600229263">
        <ele>412.0</ele>
      </trkpt>
      <trkpt lat="48.46425893716514" lon="18.614908754825592">
        <ele>412.2</ele>
      </trkpt>
      <trkpt lat="48.46427301876247" lon="18.61475578509271">
        <ele>413.2</ele>
      </trkpt>
      <trkpt lat="48.46429296769202" lon="18.614689065143466">
        <ele>413.6</ele>
      </trkpt>
      <trkpt lat="48.46434527076781" lon="18.61454112455249">
        <ele>414.2</ele>
      </trkpt>
      <trkpt lat="48.464355329051614" lon="18.614510614424944">
        <ele>414.2</ele>
      </trkpt>
      <trkpt lat="48.4643679857254" lon="18.61447867937386">
        <ele>414.4</ele>
      </trkpt>
      <trkpt lat="48.46440318971872" lon="18.6144283041358">
        <ele>414.8</ele>
      </trkpt>
      <trkpt lat="48.46442213281989" lon="18.614430651068687">
        <ele>415.2</ele>
      </trkpt>
      <trkpt lat="48.464438393712044" lon="18.61444297246635">
        <ele>415.4</ele>
      </trkpt>
      <trkpt lat="48.4644562471658" lon="18.614463256672025">
        <ele>415.6</ele>
      </trkpt>
      <trkpt lat="48.46448365598917" lon="18.61452561803162">
        <ele>415.8</ele>
      </trkpt>
      <trkpt lat="48.4644908644259" lon="18.61457884311676">
        <ele>416.2</ele>
      </trkpt>
      <trkpt lat="48.464525481685996" lon="18.614688897505403">
        <ele>417.4</ele>
      </trkpt>
      <trkpt lat="48.46455347724259" lon="18.61477338708937">
        <ele>418.2</ele>
      </trkpt>
      <trkpt lat="48.46457761712372" lon="18.614802723750472">
        <ele>418.6</ele>
      </trkpt>
      <trkpt lat="48.46462137065828" lon="18.614906994625926">
        <ele>419.6</ele>
      </trkpt>
      <trkpt lat="48.46464651636779" lon="18.614958627149463">
        <ele>420.2</ele>
      </trkpt>
      <trkpt lat="48.46465531736612" lon="18.614992322400212">
        <ele>420.4</ele>
      </trkpt>
      <trkpt lat="48.46466596238315" lon="18.615024844184518">
        <ele>420.6</ele>
      </trkpt>
      <trkpt lat="48.464739555493" lon="18.61520824022591">
        <ele>421.6</ele>
      </trkpt>
      <trkpt lat="48.46475053578615" lon="18.61523841507733">
        <ele>421.8</ele>
      </trkpt>
      <trkpt lat="48.464765874668956" lon="18.615309158340096">
        <ele>422.0</ele>
      </trkpt>
      <trkpt lat="48.464811304584146" lon="18.615483501926064">
        <ele>422.0</ele>
      </trkpt>
      <trkpt lat="48.46488380804658" lon="18.615715261548758">
        <ele>422.0</ele>
      </trkpt>
      <trkpt lat="48.46490836702287" lon="18.615801511332393">
        <ele>421.8</ele>
      </trkpt>
      <trkpt lat="48.464957317337394" lon="18.616038551554084">
        <ele>420.8</ele>
      </trkpt>
      <trkpt lat="48.46497332677245" lon="18.616117425262928">
        <ele>420.8</ele>
      </trkpt>
      <trkpt lat="48.46498196013272" lon="18.616158245131373">
        <ele>420.8</ele>
      </trkpt>
      <trkpt lat="48.464994532987475" lon="18.61624022014439">
        <ele>420.6</ele>
      </trkpt>
      <trkpt lat="48.465000316500664" lon="18.616416407749057">
        <ele>420.8</ele>
      </trkpt>
      <trkpt lat="48.46500107087195" lon="18.616685885936022">
        <ele>420.6</ele>
      </trkpt>
      <trkpt lat="48.46499612554908" lon="18.616731399670243">
        <ele>420.6</ele>
      </trkpt>
      <trkpt lat="48.46496771089733" lon="18.61699123866856">
        <ele>421.0</ele>
      </trkpt>
      <trkpt lat="48.464964274317026" lon="18.617030046880245">
        <ele>421.2</ele>
      </trkpt>
      <trkpt lat="48.46496108919382" lon="18.61706885509193">
        <ele>421.2</ele>
      </trkpt>
      <trkpt lat="48.464953042566776" lon="18.617179412394762">
        <ele>421.8</ele>
      </trkpt>
      <trkpt lat="48.46494474448264" lon="18.617276893928647">
        <ele>422.2</ele>
      </trkpt>
      <trkpt lat="48.46493066288531" lon="18.617414608597755">
        <ele>423.0</ele>
      </trkpt>
      <trkpt lat="48.46491347998381" lon="18.617571936920285">
        <ele>423.6</ele>
      </trkpt>
      <trkpt lat="48.46490384079516" lon="18.617641339078546">
        <ele>424.2</ele>
      </trkpt>
      <trkpt lat="48.46489856019616" lon="18.61767620779574">
        <ele>424.4</ele>
      </trkpt>
      <trkpt lat="48.464883053675294" lon="18.617793135344982">
        <ele>424.8</ele>
      </trkpt>
      <trkpt lat="48.46486176364124" lon="18.617932023480535">
        <ele>425.0</ele>
      </trkpt>
      <trkpt lat="48.46484676003456" lon="18.61803495325148">
        <ele>425.2</ele>
      </trkpt>
      <trkpt lat="48.464839132502675" lon="18.618071665987372">
        <ele>425.2</ele>
      </trkpt>
      <trkpt lat="48.464808370918036" lon="18.618185073137283">
        <ele>424.6</ele>
      </trkpt>
      <trkpt lat="48.46479730680585" lon="18.618238298222423">
        <ele>424.4</ele>
      </trkpt>
      <trkpt lat="48.464787332341075" lon="18.618285655975342">
        <ele>424.2</ele>
      </trkpt>
      <trkpt lat="48.464784482494" lon="18.61830409616232">
        <ele>424.4</ele>
      </trkpt>
      <trkpt lat="48.46478314138949" lon="18.61832119524479">
        <ele>424.4</ele>
      </trkpt>
      <trkpt lat="48.46478230319917" lon="18.61833586357534">
        <ele>424.4</ele>
      </trkpt>
      <trkpt lat="48.464782387018204" lon="18.61835941672325">
        <ele>424.4</ele>
      </trkpt>
      <trkpt lat="48.46480560488999" lon="18.618397135287523">
        <ele>424.2</ele>
      </trkpt>
      <trkpt lat="48.464821111410856" lon="18.618413228541613">
        <ele>424.2</ele>
      </trkpt>
      <trkpt lat="48.46485639922321" lon="18.618426974862814">
        <ele>424.2</ele>
      </trkpt>
      <trkpt lat="48.46486855298281" lon="18.61842043697834">
        <ele>424.2</ele>
      </trkpt>
      <trkpt lat="48.464878275990486" lon="18.618411468341947">
        <ele>424.2</ele>
      </trkpt>
      <trkpt lat="48.464889507740736" lon="18.618402248248458">
        <ele>424.0</ele>
      </trkpt>
      <trkpt lat="48.46494499593973" lon="18.61832714639604">
        <ele>424.0</ele>
      </trkpt>
      <trkpt lat="48.46495555713773" lon="18.618308622390032">
        <ele>424.0</ele>
      </trkpt>
      <trkpt lat="48.46500308252871" lon="18.618269562721252">
        <ele>424.0</ele>
      </trkpt>
      <trkpt lat="48.465070724487305" lon="18.618206530809402">
        <ele>424.0</ele>
      </trkpt>
      <trkpt lat="48.465124536305666" lon="18.61816445365548">
        <ele>424.4</ele>
      </trkpt>
      <trkpt lat="48.4651761688292" lon="18.618108043447137">
        <ele>425.0</ele>
      </trkpt>
      <trkpt lat="48.46519720740616" lon="18.618089016526937">
        <ele>425.2</ele>
      </trkpt>
      <trkpt lat="48.46526551991701" lon="18.618003437295556">
        <ele>426.4</ele>
      </trkpt>
      <trkpt lat="48.46529510803521" lon="18.617966137826443">
        <ele>426.8</ele>
      </trkpt>
      <trkpt lat="48.46532913856208" lon="18.617921881377697">
        <ele>427.4</ele>
      </trkpt>
      <trkpt lat="48.46534866839647" lon="18.617899250239134">
        <ele>427.4</ele>
      </trkpt>
      <trkpt lat="48.465436762198806" lon="18.61774661578238">
        <ele>428.6</ele>
      </trkpt>
      <trkpt lat="48.465446988120675" lon="18.617734294384718">
        <ele>428.8</ele>
      </trkpt>
      <trkpt lat="48.46549116075039" lon="18.61768609844148">
        <ele>429.8</ele>
      </trkpt>
      <trkpt lat="48.46558805555105" lon="18.617556262761354">
        <ele>431.0</ele>
      </trkpt>
      <trkpt lat="48.46563063561916" lon="18.6175072286278">
        <ele>431.2</ele>
      </trkpt>
      <trkpt lat="48.46576625481248" lon="18.617337327450514">
        <ele>432.0</ele>
      </trkpt>
      <trkpt lat="48.46579232253134" lon="18.617295920848846">
        <ele>432.4</ele>
      </trkpt>
      <trkpt lat="48.46584018319845" lon="18.61722911708057">
        <ele>432.6</ele>
      </trkpt>
      <trkpt lat="48.46589617431164" lon="18.617175221443176">
        <ele>432.8</ele>
      </trkpt>
      <trkpt lat="48.46593917347491" lon="18.617151081562042">
        <ele>433.0</ele>
      </trkpt>
      <trkpt lat="48.46599139273167" lon="18.617108166217804">
        <ele>433.4</ele>
      </trkpt>
      <trkpt lat="48.46600949764252" lon="18.617095928639174">
        <ele>433.6</ele>
      </trkpt>
      <trkpt lat="48.466119300574064" lon="18.616969361901283">
        <ele>434.2</ele>
      </trkpt>
      <trkpt lat="48.46622751094401" lon="18.616880094632506">
        <ele>434.6</ele>
      </trkpt>
      <trkpt lat="48.46629582345486" lon="18.61680549569428">
        <ele>435.0</ele>
      </trkpt>
      <trkpt lat="48.46643194556236" lon="18.616671385243535">
        <ele>435.6</ele>
      </trkpt>
      <trkpt lat="48.46648508682847" lon="18.616608688607812">
        <ele>436.0</ele>
      </trkpt>
      <trkpt lat="48.46657024696469" lon="18.616478266194463">
        <ele>436.8</ele>
      </trkpt>
      <trkpt lat="48.466627998277545" lon="18.616398302838206">
        <ele>437.0</ele>
      </trkpt>
      <trkpt lat="48.46677225083113" lon="18.61624751240015">
        <ele>437.8</ele>
      </trkpt>
      <trkpt lat="48.46679295413196" lon="18.616219433024526">
        <ele>437.8</ele>
      </trkpt>
      <trkpt lat="48.46685891970992" lon="18.616154305636883">
        <ele>438.2</ele>
      </trkpt>
      <trkpt lat="48.4669082891196" lon="18.61611465923488">
        <ele>438.4</ele>
      </trkpt>
      <trkpt lat="48.46693360246718" lon="18.61609890125692">
        <ele>438.6</ele>
      </trkpt>
      <trkpt lat="48.4669809602201" lon="18.61606076359749">
        <ele>439.0</ele>
      </trkpt>
      <trkpt lat="48.466998310759664" lon="18.616043496876955">
        <ele>439.2</ele>
      </trkpt>
      <trkpt lat="48.46704063937068" lon="18.61600602976978">
        <ele>439.6</ele>
      </trkpt>
      <trkpt lat="48.46706804819405" lon="18.615968227386475">
        <ele>440.0</ele>
      </trkpt>
      <trkpt lat="48.467106437310576" lon="18.6159186065197">
        <ele>440.2</ele>
      </trkpt>
      <trkpt lat="48.46723618917167" lon="18.61578474752605">
        <ele>441.0</ele>
      </trkpt>
      <trkpt lat="48.46735009923577" lon="18.61568466760218">
        <ele>441.4</ele>
      </trkpt>
      <trkpt lat="48.46737080253661" lon="18.615665892139077">
        <ele>441.4</ele>
      </trkpt>
      <trkpt lat="48.46742235124111" lon="18.615627167746425">
        <ele>441.6</ele>
      </trkpt>
      <trkpt lat="48.467595940455794" lon="18.61559950746596">
        <ele>441.8</ele>
      </trkpt>
      <trkpt lat="48.46765830181539" lon="18.61559079028666">
        <ele>441.8</ele>
      </trkpt>
      <trkpt lat="48.46781671978533" lon="18.615507055073977">
        <ele>441.2</ele>
      </trkpt>
      <trkpt lat="48.467870028689504" lon="18.615412088111043">
        <ele>440.0</ele>
      </trkpt>
      <trkpt lat="48.467894587665796" lon="18.615390043705702">
        <ele>440.0</ele>
      </trkpt>
      <trkpt lat="48.467914620414376" lon="18.615371687337756">
        <ele>440.0</ele>
      </trkpt>
      <trkpt lat="48.46793490462005" lon="18.61533765681088">
        <ele>440.2</ele>
      </trkpt>
      <trkpt lat="48.46796575002372" lon="18.61530790105462">
        <ele>440.4</ele>
      </trkpt>
      <trkpt lat="48.467984441667795" lon="18.615293987095356">
        <ele>440.6</ele>
      </trkpt>
      <trkpt lat="48.46805300563574" lon="18.615267081186175">
        <ele>441.2</ele>
      </trkpt>
      <trkpt lat="48.46807999536395" lon="18.615231793373823">
        <ele>442.4</ele>
      </trkpt>
      <trkpt lat="48.4680790733546" lon="18.61522575840354">
        <ele>442.6</ele>
      </trkpt>
      <trkpt lat="48.46810011193156" lon="18.61519491299987">
        <ele>443.2</ele>
      </trkpt>
      <trkpt lat="48.46810547634959" lon="18.61519206315279">
        <ele>443.4</ele>
      </trkpt>
      <trkpt lat="48.46815476194024" lon="18.61517052166164">
        <ele>444.4</ele>
      </trkpt>
      <trkpt lat="48.468172112479806" lon="18.61516473814845">
        <ele>444.6</ele>
      </trkpt>
      <trkpt lat="48.46819524653256" lon="18.615164989605546">
        <ele>445.6</ele>
      </trkpt>
      <trkpt lat="48.46823397092521" lon="18.615165073424578">
        <ele>446.6</ele>
      </trkpt>
      <trkpt lat="48.468247298151255" lon="18.61517588607967">
        <ele>447.0</ele>
      </trkpt>
      <trkpt lat="48.46828669309616" lon="18.615194661542773">
        <ele>448.0</ele>
      </trkpt>
      <trkpt lat="48.46829457208514" lon="18.61519834958017">
        <ele>448.2</ele>
      </trkpt>
      <trkpt lat="48.46832038834691" lon="18.61519935540855">
        <ele>448.4</ele>
      </trkpt>
      <trkpt lat="48.46835358068347" lon="18.615187369287014">
        <ele>449.0</ele>
      </trkpt>
      <trkpt lat="48.468393897637725" lon="18.615188542753458">
        <ele>449.6</ele>
      </trkpt>
      <trkpt lat="48.4684141818434" lon="18.615213772282004">
        <ele>450.0</ele>
      </trkpt>
      <trkpt lat="48.46849439665675" lon="18.61523699015379">
        <ele>451.2</ele>
      </trkpt>
      <trkpt lat="48.468503784388304" lon="18.615235397592187">
        <ele>451.6</ele>
      </trkpt>
      <trkpt lat="48.46860310994089" lon="18.615292897447944">
        <ele>452.2</ele>
      </trkpt>
      <trkpt lat="48.46868919208646" lon="18.615307565778494">
        <ele>453.4</ele>
      </trkpt>
      <trkpt lat="48.46872741356492" lon="18.615315025672317">
        <ele>453.8</ele>
      </trkpt>
      <trkpt lat="48.468745267018676" lon="18.615325670689344">
        <ele>454.2</ele>
      </trkpt>
      <trkpt lat="48.46876412630081" lon="18.61533229239285">
        <ele>454.4</ele>
      </trkpt>
      <trkpt lat="48.46877468749881" lon="18.615340255200863">
        <ele>454.6</ele>
      </trkpt>
      <trkpt lat="48.46878348849714" lon="18.615352660417557">
        <ele>455.0</ele>
      </trkpt>
      <trkpt lat="48.468813160434365" lon="18.61535919830203">
        <ele>455.8</ele>
      </trkpt>
      <trkpt lat="48.46886814571917" lon="18.615381913259625">
        <ele>456.8</ele>
      </trkpt>
      <trkpt lat="48.46887258812785" lon="18.61538015305996">
        <ele>457.0</ele>
      </trkpt>
      <trkpt lat="48.46895204856992" lon="18.615338914096355">
        <ele>457.2</ele>
      </trkpt>
      <trkpt lat="48.46899479627609" lon="18.615351486951113">
        <ele>457.4</ele>
      </trkpt>
      <trkpt lat="48.46901868470013" lon="18.615345116704702">
        <ele>457.8</ele>
      </trkpt>
      <trkpt lat="48.46904198639095" lon="18.615342183038592">
        <ele>458.2</ele>
      </trkpt>
      <trkpt lat="48.469104347750545" lon="18.615336567163467">
        <ele>458.8</ele>
      </trkpt>
      <trkpt lat="48.46913795918226" lon="18.615334890782833">
        <ele>459.0</ele>
      </trkpt>
      <trkpt lat="48.46918473020196" lon="18.615354420617223">
        <ele>459.4</ele>
      </trkpt>
      <trkpt lat="48.46927693113685" lon="18.615358779206872">
        <ele>460.0</ele>
      </trkpt>
      <trkpt lat="48.46934021450579" lon="18.61535190604627">
        <ele>460.2</ele>
      </trkpt>
      <trkpt lat="48.46953115426004" lon="18.615341428667307">
        <ele>461.0</ele>
      </trkpt>
      <trkpt lat="48.4696438908577" lon="18.615351067855954">
        <ele>461.6</ele>
      </trkpt>
      <trkpt lat="48.46967088058591" lon="18.61535768955946">
        <ele>462.0</ele>
      </trkpt>
      <trkpt lat="48.469728883355856" lon="18.615379566326737">
        <ele>463.0</ele>
      </trkpt>
      <trkpt lat="48.46975101158023" lon="18.615399347618222">
        <ele>463.2</ele>
      </trkpt>
      <trkpt lat="48.46979308873415" lon="18.615512922406197">
        <ele>464.2</ele>
      </trkpt>
      <trkpt lat="48.469801135361195" lon="18.615537397563457">
        <ele>464.4</ele>
      </trkpt>
      <trkpt lat="48.46995050087571" lon="18.615545528009534">
        <ele>465.2</ele>
      </trkpt>
      <trkpt lat="48.46997153945267" lon="18.615557933226228">
        <ele>465.6</ele>
      </trkpt>
      <trkpt lat="48.47004169598222" lon="18.61556480638683">
        <ele>466.6</ele>
      </trkpt>
      <trkpt lat="48.4700614772737" lon="18.615574529394507">
        <ele>467.0</ele>
      </trkpt>
      <trkpt lat="48.470206735655665" lon="18.615611493587494">
        <ele>467.4</ele>
      </trkpt>
      <trkpt lat="48.470226684585214" lon="18.615601351484656">
        <ele>467.6</ele>
      </trkpt>
      <trkpt lat="48.4702721145004" lon="18.61558835953474">
        <ele>468.2</ele>
      </trkpt>
      <trkpt lat="48.47035937011242" lon="18.615565057843924">
        <ele>468.8</ele>
      </trkpt>
      <trkpt lat="48.47041234374046" lon="18.615540750324726">
        <ele>469.4</ele>
      </trkpt>
      <trkpt lat="48.47043229267001" lon="18.615548964589834">
        <ele>470.0</ele>
      </trkpt>
      <trkpt lat="48.47049775533378" lon="18.615546198561788">
        <ele>471.2</ele>
      </trkpt>
      <trkpt lat="48.47058568149805" lon="18.615548880770802">
        <ele>471.8</ele>
      </trkpt>
      <trkpt lat="48.47064091823995" lon="18.615511413663626">
        <ele>472.4</ele>
      </trkpt>
      <trkpt lat="48.470656676217914" lon="18.615506887435913">
        <ele>472.6</ele>
      </trkpt>
      <trkpt lat="48.47067126072943" lon="18.61547101289034">
        <ele>473.2</ele>
      </trkpt>
      <trkpt lat="48.47069012001157" lon="18.615462379530072">
        <ele>473.6</ele>
      </trkpt>
      <trkpt lat="48.47073622047901" lon="18.615460451692343">
        <ele>474.4</ele>
      </trkpt>
      <trkpt lat="48.47074745222926" lon="18.615454249083996">
        <ele>474.6</ele>
      </trkpt>
      <trkpt lat="48.47075658850372" lon="18.615456596016884">
        <ele>474.8</ele>
      </trkpt>
      <trkpt lat="48.4708249848336" lon="18.615422314032912">
        <ele>476.0</ele>
      </trkpt>
      <trkpt lat="48.47084065899253" lon="18.61541049554944">
        <ele>476.2</ele>
      </trkpt>
      <trkpt lat="48.47091383300722" lon="18.615398509427905">
        <ele>477.2</ele>
      </trkpt>
      <trkpt lat="48.47093026153743" lon="18.615395156666636">
        <ele>477.8</ele>
      </trkpt>
      <trkpt lat="48.47096873447299" lon="18.615409405902028">
        <ele>478.4</ele>
      </trkpt>
      <trkpt lat="48.471003184095025" lon="18.61541242338717">
        <ele>478.8</ele>
      </trkpt>
      <trkpt lat="48.47102388739586" lon="18.61542801372707">
        <ele>479.4</ele>
      </trkpt>
      <trkpt lat="48.471077112481" lon="18.61540462821722">
        <ele>480.4</ele>
      </trkpt>
      <trkpt lat="48.471101336181164" lon="18.61539289355278">
        <ele>480.6</ele>
      </trkpt>
      <trkpt lat="48.471187418326735" lon="18.615371771156788">
        <ele>481.8</ele>
      </trkpt>
      <trkpt lat="48.471243074163795" lon="18.61538266763091">
        <ele>482.8</ele>
      </trkpt>
      <trkpt lat="48.47125832922757" lon="18.61538794822991">
        <ele>483.0</ele>
      </trkpt>
      <trkpt lat="48.47129160538316" lon="18.61539389938116">
        <ele>483.8</ele>
      </trkpt>
      <trkpt lat="48.471311051398516" lon="18.615401778370142">
        <ele>484.2</ele>
      </trkpt>
      <trkpt lat="48.47137005999684" lon="18.615425834432244">
        <ele>485.4</ele>
      </trkpt>
      <trkpt lat="48.47141247242689" lon="18.6154592782259">
        <ele>486.2</ele>
      </trkpt>
      <trkpt lat="48.471426302567124" lon="18.615469336509705">
        <ele>486.8</ele>
      </trkpt>
      <trkpt lat="48.47145672887564" lon="18.615505043417215">
        <ele>487.4</ele>
      </trkpt>
      <trkpt lat="48.47147743217647" lon="18.615533877164125">
        <ele>487.8</ele>
      </trkpt>
      <trkpt lat="48.471477599814534" lon="18.615549132227898">
        <ele>488.0</ele>
      </trkpt>
      <trkpt lat="48.47151003777981" lon="18.615605207160115">
        <ele>489.0</ele>
      </trkpt>
      <trkpt lat="48.471534764394164" lon="18.615666897967458">
        <ele>490.0</ele>
      </trkpt>
      <trkpt lat="48.4715417213738" lon="18.615676620975137">
        <ele>490.4</ele>
      </trkpt>
      <trkpt lat="48.47154976800084" lon="18.615695647895336">
        <ele>490.6</ele>
      </trkpt>
      <trkpt lat="48.471565609797835" lon="18.61572615802288">
        <ele>491.0</ele>
      </trkpt>
      <trkpt lat="48.471598299220204" lon="18.61579111777246">
        <ele>492.4</ele>
      </trkpt>
      <trkpt lat="48.47160936333239" lon="18.61582146026194">
        <ele>493.0</ele>
      </trkpt>
      <trkpt lat="48.47162143327296" lon="18.615850377827883">
        <ele>493.4</ele>
      </trkpt>
      <trkpt lat="48.47162537276745" lon="18.61587124876678">
        <ele>493.6</ele>
      </trkpt>
      <trkpt lat="48.47164448350668" lon="18.615915840491652">
        <ele>494.6</ele>
      </trkpt>
      <trkpt lat="48.47165269777179" lon="18.615932604297996">
        <ele>494.8</ele>
      </trkpt>
      <trkpt lat="48.471677005290985" lon="18.615981386974454">
        <ele>495.6</ele>
      </trkpt>
      <trkpt lat="48.4716952778399" lon="18.61601206474006">
        <ele>496.4</ele>
      </trkpt>
      <trkpt lat="48.47170575521886" lon="18.61604869365692">
        <ele>496.8</ele>
      </trkpt>
      <trkpt lat="48.471714556217194" lon="18.61609596759081">
        <ele>497.2</ele>
      </trkpt>
      <trkpt lat="48.47174012102187" lon="18.616135278716683">
        <ele>497.8</ele>
      </trkpt>
      <trkpt lat="48.47174716182053" lon="18.616154557093978">
        <ele>498.0</ele>
      </trkpt>
      <trkpt lat="48.47175344824791" lon="18.61617123708129">
        <ele>498.2</ele>
      </trkpt>
      <trkpt lat="48.471758980304" lon="18.61618540249765">
        <ele>498.2</ele>
      </trkpt>
      <trkpt lat="48.47177892923355" lon="18.61626855097711">
        <ele>499.0</ele>
      </trkpt>
      <trkpt lat="48.471813797950745" lon="18.616358237341046">
        <ele>499.8</ele>
      </trkpt>
      <trkpt lat="48.47183810546994" lon="18.616411965340376">
        <ele>500.2</ele>
      </trkpt>
      <trkpt lat="48.471880769357085" lon="18.61646695062518">
        <ele>501.0</ele>
      </trkpt>
      <trkpt lat="48.47189703024924" lon="18.616485223174095">
        <ele>501.4</ele>
      </trkpt>
      <trkpt lat="48.47196542657912" lon="18.6165195889771">
        <ele>502.4</ele>
      </trkpt>
      <trkpt lat="48.471975484862924" lon="18.616527132689953">
        <ele>502.6</ele>
      </trkpt>
      <trkpt lat="48.47201814875007" lon="18.616536185145378">
        <ele>503.2</ele>
      </trkpt>
      <trkpt lat="48.472031811252236" lon="18.616545321419835">
        <ele>503.4</ele>
      </trkpt>
      <trkpt lat="48.47206944599748" lon="18.61658848822117">
        <ele>504.0</ele>
      </trkpt>
      <trkpt lat="48.47209953702986" lon="18.61662721261382">
        <ele>504.2</ele>
      </trkpt>
      <trkpt lat="48.472140273079276" lon="18.616700218990445">
        <ele>504.6</ele>
      </trkpt>
      <trkpt lat="48.47215703688562" lon="18.616716312244534">
        <ele>504.8</ele>
      </trkpt>
      <trkpt lat="48.47219165414572" lon="18.61679174937308">
        <ele>505.6</ele>
      </trkpt>
      <trkpt lat="48.472229121252894" lon="18.61685486510396">
        <ele>506.6</ele>
      </trkpt>
      <trkpt lat="48.47224538214505" lon="18.616898702457547">
        <ele>507.0</ele>
      </trkpt>
      <trkpt lat="48.472262900322676" lon="18.616943964734674">
        <ele>507.8</ele>
      </trkpt>
      <trkpt lat="48.472305312752724" lon="18.617034070193768">
        <ele>508.6</ele>
      </trkpt>
      <trkpt lat="48.47231092862785" lon="18.617058293893933">
        <ele>509.0</ele>
      </trkpt>
      <trkpt lat="48.47232995554805" lon="18.61713096499443">
        <ele>510.0</ele>
      </trkpt>
      <trkpt lat="48.472332470119" lon="18.617152338847518">
        <ele>510.2</ele>
      </trkpt>
      <trkpt lat="48.472352754324675" lon="18.61732056364417">
        <ele>510.8</ele>
      </trkpt>
      <trkpt lat="48.47237077541649" lon="18.617434557527304">
        <ele>511.2</ele>
      </trkpt>
      <trkpt lat="48.47237152978778" lon="18.617579732090235">
        <ele>511.6</ele>
      </trkpt>
      <trkpt lat="48.472374211996794" lon="18.61771333962679">
        <ele>511.8</ele>
      </trkpt>
      <trkpt lat="48.472367422655225" lon="18.617779975757003">
        <ele>512.4</ele>
      </trkpt>
      <trkpt lat="48.47236080095172" lon="18.61784334294498">
        <ele>512.6</ele>
      </trkpt>
      <trkpt lat="48.47236817702651" lon="18.618055153638124">
        <ele>513.4</ele>
      </trkpt>
      <trkpt lat="48.47238150425255" lon="18.61814492382109">
        <ele>514.6</ele>
      </trkpt>
      <trkpt lat="48.47240153700113" lon="18.61822932958603">
        <ele>515.0</ele>
      </trkpt>
      <trkpt lat="48.472416792064905" lon="18.6182654555887">
        <ele>515.6</ele>
      </trkpt>
      <trkpt lat="48.47243229858577" lon="18.618303257972002">
        <ele>516.6</ele>
      </trkpt>
      <trkpt lat="48.47245224751532" lon="18.618333684280515">
        <ele>516.8</ele>
      </trkpt>
      <trkpt lat="48.472507232800126" lon="18.618430327624083">
        <ele>517.2</ele>
      </trkpt>
      <trkpt lat="48.47252198494971" lon="18.61845069564879">
        <ele>517.4</ele>
      </trkpt>
      <trkpt lat="48.47256598994136" lon="18.618484642356634">
        <ele>517.8</ele>
      </trkpt>
      <trkpt lat="48.47260840237141" lon="18.61849025823176">
        <ele>518.0</ele>
      </trkpt>
      <trkpt lat="48.47268367186189" lon="18.618504675105214">
        <ele>518.8</ele>
      </trkpt>
      <trkpt lat="48.47272675484419" lon="18.618505848571658">
        <ele>519.4</ele>
      </trkpt>
      <trkpt lat="48.472738824784756" lon="18.618504591286182">
        <ele>519.6</ele>
      </trkpt>
      <trkpt lat="48.47278291359544" lon="18.618506183847785">
        <ele>519.8</ele>
      </trkpt>
      <trkpt lat="48.47285089083016" lon="18.618487659841776">
        <ele>521.0</ele>
      </trkpt>
      <trkpt lat="48.472905457019806" lon="18.618457904085517">
        <ele>522.0</ele>
      </trkpt>
      <trkpt lat="48.472964968532324" lon="18.618424544110894">
        <ele>522.6</ele>
      </trkpt>
      <trkpt lat="48.47300478257239" lon="18.61840132623911">
        <ele>523.2</ele>
      </trkpt>
      <trkpt lat="48.47304484806955" lon="18.618380706757307">
        <ele>524.0</ele>
      </trkpt>
      <trkpt lat="48.47305649891496" lon="18.6183740850538">
        <ele>524.4</ele>
      </trkpt>
      <trkpt lat="48.4731025993824" lon="18.618366960436106">
        <ele>525.4</ele>
      </trkpt>
      <trkpt lat="48.47312263213098" lon="18.6183569021523">
        <ele>526.0</ele>
      </trkpt>
      <trkpt lat="48.47313000820577" lon="18.61834952607751">
        <ele>526.2</ele>
      </trkpt>
      <trkpt lat="48.47315825521946" lon="18.618323458358645">
        <ele>526.4</ele>
      </trkpt>
      <trkpt lat="48.47320066764951" lon="18.618294624611735">
        <ele>527.4</ele>
      </trkpt>
      <trkpt lat="48.47321600653231" lon="18.61829001456499">
        <ele>527.4</ele>
      </trkpt>
      <trkpt lat="48.47326780669391" lon="18.618259085342288">
        <ele>528.6</ele>
      </trkpt>
      <trkpt lat="48.47327350638807" lon="18.61825388856232">
        <ele>528.8</ele>
      </trkpt>
      <trkpt lat="48.47330871038139" lon="18.61824994906783">
        <ele>529.4</ele>
      </trkpt>
      <trkpt lat="48.47332044504583" lon="18.6182464286685">
        <ele>529.6</ele>
      </trkpt>
      <trkpt lat="48.473401917144656" lon="18.61818633042276">
        <ele>530.6</ele>
      </trkpt>
      <trkpt lat="48.473416501656175" lon="18.618175266310573">
        <ele>530.6</ele>
      </trkpt>
      <trkpt lat="48.473440473899245" lon="18.618161687627435">
        <ele>531.2</ele>
      </trkpt>
      <trkpt lat="48.473479114472866" lon="18.61813218332827">
        <ele>531.8</ele>
      </trkpt>
      <trkpt lat="48.473532339558005" lon="18.6180926207453">
        <ele>533.0</ele>
      </trkpt>
      <trkpt lat="48.47356628626585" lon="18.61807392910123">
        <ele>533.8</ele>
      </trkpt>
      <trkpt lat="48.47359612584114" lon="18.61807300709188">
        <ele>534.4</ele>
      </trkpt>
      <trkpt lat="48.47364499233663" lon="18.61803294159472">
        <ele>535.4</ele>
      </trkpt>
      <trkpt lat="48.47365664318204" lon="18.61802221275866">
        <ele>535.8</ele>
      </trkpt>
      <trkpt lat="48.473690170794725" lon="18.61799480393529">
        <ele>536.6</ele>
      </trkpt>
      <trkpt lat="48.47374314442277" lon="18.61797820776701">
        <ele>537.8</ele>
      </trkpt>
      <trkpt lat="48.47375571727753" lon="18.617976866662502">
        <ele>538.0</ele>
      </trkpt>
      <trkpt lat="48.47377088852227" lon="18.61798013560474">
        <ele>538.4</ele>
      </trkpt>
      <trkpt lat="48.4737828746438" lon="18.61798265017569">
        <ele>538.8</ele>
      </trkpt>
      <trkpt lat="48.47386191599071" lon="18.617986924946308">
        <ele>540.0</ele>
      </trkpt>
      <trkpt lat="48.473925702273846" lon="18.617975944653153">
        <ele>540.4</ele>
      </trkpt>
      <trkpt lat="48.47395269200206" lon="18.617980387061834">
        <ele>541.0</ele>
      </trkpt>
      <trkpt lat="48.473977502435446" lon="18.617986757308245">
        <ele>541.4</ele>
      </trkpt>
      <trkpt lat="48.474015640094876" lon="18.617986757308245">
        <ele>542.2</ele>
      </trkpt>
      <trkpt lat="48.474097615107894" lon="18.617983236908913">
        <ele>543.2</ele>
      </trkpt>
      <trkpt lat="48.47413608804345" lon="18.61799044534564">
        <ele>544.2</ele>
      </trkpt>
      <trkpt lat="48.47415008582175" lon="18.61799782142043">
        <ele>544.2</ele>
      </trkpt>
      <trkpt lat="48.47420691512525" lon="18.618020955473185">
        <ele>545.0</ele>
      </trkpt>
      <trkpt lat="48.47423273138702" lon="18.618040652945638">
        <ele>545.4</ele>
      </trkpt>
      <trkpt lat="48.4743098448962" lon="18.618094380944967">
        <ele>546.2</ele>
      </trkpt>
      <trkpt lat="48.47432610578835" lon="18.618107875809073">
        <ele>546.4</ele>
      </trkpt>
      <trkpt lat="48.4743666741997" lon="18.61814383417368">
        <ele>547.2</ele>
      </trkpt>
      <trkpt lat="48.47438762895763" lon="18.61817761324346">
        <ele>547.6</ele>
      </trkpt>
      <trkpt lat="48.4744235035032" lon="18.618240728974342">
        <ele>548.6</ele>
      </trkpt>
      <trkpt lat="48.47443155013025" lon="18.618263779208064">
        <ele>549.0</ele>
      </trkpt>
      <trkpt lat="48.47443071193993" lon="18.61833142116666">
        <ele>549.4</ele>
      </trkpt>
      <trkpt lat="48.47441746853292" lon="18.61841163598001">
        <ele>549.4</ele>
      </trkpt>
      <trkpt lat="48.47440958954394" lon="18.618635516613722">
        <ele>549.8</ele>
      </trkpt>
      <trkpt lat="48.47441654652357" lon="18.618730986490846">
        <ele>550.0</ele>
      </trkpt>
      <trkpt lat="48.474482176825404" lon="18.6189993750304">
        <ele>550.4</ele>
      </trkpt>
      <trkpt lat="48.47449474968016" lon="18.619039775803685">
        <ele>550.6</ele>
      </trkpt>
      <trkpt lat="48.47455560229719" lon="18.619274804368615">
        <ele>550.8</ele>
      </trkpt>
      <trkpt lat="48.474568678066134" lon="18.61930875107646">
        <ele>551.0</ele>
      </trkpt>
      <trkpt lat="48.474623914808035" lon="18.619495164602995">
        <ele>551.4</ele>
      </trkpt>
      <trkpt lat="48.474639588966966" lon="18.61951888538897">
        <ele>551.4</ele>
      </trkpt>
      <trkpt lat="48.474692394956946" lon="18.619636315852404">
        <ele>552.0</ele>
      </trkpt>
      <trkpt lat="48.474723156541586" lon="18.61973295919597">
        <ele>552.0</ele>
      </trkpt>
      <trkpt lat="48.47482172772288" lon="18.61999765969813">
        <ele>552.0</ele>
      </trkpt>
      <trkpt lat="48.47485047765076" lon="18.620076030492783">
        <ele>551.6</ele>
      </trkpt>
      <trkpt lat="48.47488450817764" lon="18.620236543938518">
        <ele>551.2</ele>
      </trkpt>
      <trkpt lat="48.47488744184375" lon="18.620268562808633">
        <ele>551.2</ele>
      </trkpt>
      <trkpt lat="48.474906887859106" lon="18.620371660217643">
        <ele>551.4</ele>
      </trkpt>
      <trkpt lat="48.474926333874464" lon="18.620456736534834">
        <ele>551.2</ele>
      </trkpt>
      <trkpt lat="48.47494326531887" lon="18.62056695856154">
        <ele>550.8</ele>
      </trkpt>
      <trkpt lat="48.47500286065042" lon="18.62084833905101">
        <ele>550.4</ele>
      </trkpt>
      <trkpt lat="48.475032867863774" lon="18.62111907452345">
        <ele>550.2</ele>
      </trkpt>
      <trkpt lat="48.475051978603005" lon="18.62124622799456">
        <ele>550.0</ele>
      </trkpt>
      <trkpt lat="48.4750694129616" lon="18.621494080871344">
        <ele>550.0</ele>
      </trkpt>
      <trkpt lat="48.47506773658097" lon="18.621519478037953">
        <ele>550.0</ele>
      </trkpt>
      <trkpt lat="48.47503839991987" lon="18.621741347014904">
        <ele>549.8</ele>
      </trkpt>
      <trkpt lat="48.475009901449084" lon="18.62185752019286">
        <ele>549.2</ele>
      </trkpt>
      <trkpt lat="48.47500713542104" lon="18.621919630095363">
        <ele>548.6</ele>
      </trkpt>
      <trkpt lat="48.47500814124942" lon="18.622064888477325">
        <ele>547.2</ele>
      </trkpt>
      <trkpt lat="48.47499590367079" lon="18.622166644781828">
        <ele>545.6</ele>
      </trkpt>
      <trkpt lat="48.47498609684408" lon="18.622264293953776">
        <ele>544.2</ele>
      </trkpt>
      <trkpt lat="48.47497603856027" lon="18.622314585372806">
        <ele>543.2</ele>
      </trkpt>
      <trkpt lat="48.47493588924408" lon="18.622413240373135">
        <ele>541.8</ele>
      </trkpt>
      <trkpt lat="48.47491543740034" lon="18.622455736622214">
        <ele>541.6</ele>
      </trkpt>
      <trkpt lat="48.47486346960068" lon="18.622533101588488">
        <ele>540.6</ele>
      </trkpt>
      <trkpt lat="48.474827259778976" lon="18.622593032196164">
        <ele>539.6</ele>
      </trkpt>
      <trkpt lat="48.47476330585778" lon="18.622701661661267">
        <ele>538.4</ele>
      </trkpt>
      <trkpt lat="48.474699184298515" lon="18.622809872031212">
        <ele>537.2</ele>
      </trkpt>
      <trkpt lat="48.474673787131906" lon="18.62286209128797">
        <ele>537.0</ele>
      </trkpt>
      <trkpt lat="48.47464897669852" lon="18.622916406020522">
        <ele>536.0</ele>
      </trkpt>
      <trkpt lat="48.47463103942573" lon="18.622953621670604">
        <ele>534.8</ele>
      </trkpt>
      <trkpt lat="48.4746203944087" lon="18.62301548011601">
        <ele>533.8</ele>
      </trkpt>
      <trkpt lat="48.47461519762874" lon="18.623096700757742">
        <ele>532.4</ele>
      </trkpt>
      <trkpt lat="48.47460363060236" lon="18.623210191726685">
        <ele>531.0</ele>
      </trkpt>
      <trkpt lat="48.47460748627782" lon="18.623330304399133">
        <ele>529.4</ele>
      </trkpt>
      <trkpt lat="48.47462609410286" lon="18.62344689667225">
        <ele>527.4</ele>
      </trkpt>
      <trkpt lat="48.47463036887348" lon="18.623572289943695">
        <ele>525.8</ele>
      </trkpt>
      <trkpt lat="48.47462282516062" lon="18.623637417331338">
        <ele>524.6</ele>
      </trkpt>
      <trkpt lat="48.47461586818099" lon="18.623709082603455">
        <ele>523.6</ele>
      </trkpt>
      <trkpt lat="48.47461276687682" lon="18.623782927170396">
        <ele>522.6</ele>
      </trkpt>
      <trkpt lat="48.47461142577231" lon="18.623885102570057">
        <ele>521.0</ele>
      </trkpt>
      <trkpt lat="48.4746206458658" lon="18.623979231342673">
        <ele>519.4</ele>
      </trkpt>
      <trkpt lat="48.47464076243341" lon="18.624095236882567">
        <ele>518.2</ele>
      </trkpt>
      <trkpt lat="48.47464906051755" lon="18.624156340956688">
        <ele>518.0</ele>
      </trkpt>
      <trkpt lat="48.474648809060454" lon="18.624211829155684">
        <ele>517.2</ele>
      </trkpt>
      <trkpt lat="48.47463296726346" lon="18.62428843975067">
        <ele>516.0</ele>
      </trkpt>
      <trkpt lat="48.474629111588" lon="18.624295564368367">
        <ele>515.6</ele>
      </trkpt>
      <trkpt lat="48.474614191800356" lon="18.624311657622457">
        <ele>515.0</ele>
      </trkpt>
      <trkpt lat="48.47459625452757" lon="18.62432942725718">
        <ele>514.6</ele>
      </trkpt>
      <trkpt lat="48.474581418558955" lon="18.624347699806094">
        <ele>514.6</ele>
      </trkpt>
      <trkpt lat="48.47452408634126" lon="18.62440218217671">
        <ele>514.0</ele>
      </trkpt>
      <trkpt lat="48.47437798976898" lon="18.62450879998505">
        <ele>514.0</ele>
      </trkpt>
      <trkpt lat="48.47421177662909" lon="18.62461240030825">
        <ele>514.2</ele>
      </trkpt>
      <trkpt lat="48.474054113030434" lon="18.624713234603405">
        <ele>515.0</ele>
      </trkpt>
      <trkpt lat="48.473945232108235" lon="18.62480585463345">
        <ele>515.4</ele>
      </trkpt>
      <trkpt lat="48.47391019575298" lon="18.624840388074517">
        <ele>515.4</ele>
      </trkpt>
      <trkpt lat="48.473853282630444" lon="18.624873496592045">
        <ele>515.2</ele>
      </trkpt>
      <trkpt lat="48.473783042281866" lon="18.624937953427434">
        <ele>514.6</ele>
      </trkpt>
      <trkpt lat="48.47366259433329" lon="18.625022443011403">
        <ele>513.8</ele>
      </trkpt>
      <trkpt lat="48.4736311621964" lon="18.625043984502554">
        <ele>513.8</ele>
      </trkpt>
      <trkpt lat="48.47360400483012" lon="18.62506376579404">
        <ele>513.6</ele>
      </trkpt>
      <trkpt lat="48.47355899401009" lon="18.625094359740615">
        <ele>513.2</ele>
      </trkpt>
      <trkpt lat="48.473513228818774" lon="18.625153033062816">
        <ele>512.4</ele>
      </trkpt>
      <trkpt lat="48.473492776975036" lon="18.6251815315336">
        <ele>512.0</ele>
      </trkpt>
      <trkpt lat="48.47339579835534" lon="18.62528655678034">
        <ele>511.2</ele>
      </trkpt>
      <trkpt lat="48.47335699014366" lon="18.625336596742272">
        <ele>510.2</ele>
      </trkpt>
      <trkpt lat="48.47331809811294" lon="18.625374399125576">
        <ele>510.0</ele>
      </trkpt>
      <trkpt lat="48.47327065654099" lon="18.625438353046775">
        <ele>509.2</ele>
      </trkpt>
      <trkpt lat="48.47316755913198" lon="18.625585539266467">
        <ele>507.8</ele>
      </trkpt>
      <trkpt lat="48.47304526716471" lon="18.625821070745587">
        <ele>507.0</ele>
      </trkpt>
      <trkpt lat="48.473016852512956" lon="18.62585937604308">
        <ele>506.8</ele>
      </trkpt>
      <trkpt lat="48.47299061715603" lon="18.625893741846085">
        <ele>506.6</ele>
      </trkpt>
      <trkpt lat="48.472926411777735" lon="18.62596834078431">
        <ele>506.4</ele>
      </trkpt>
      <trkpt lat="48.47284410148859" lon="18.626075545325875">
        <ele>506.0</ele>
      </trkpt>
      <trkpt lat="48.4727053809911" lon="18.6262365616858">
        <ele>505.8</ele>
      </trkpt>
      <trkpt lat="48.47265651449561" lon="18.62627268768847">
        <ele>505.8</ele>
      </trkpt>
      <trkpt lat="48.47252123057842" lon="18.626299928873777">
        <ele>506.2</ele>
      </trkpt>
      <trkpt lat="48.47249139100313" lon="18.62628727219999">
        <ele>506.4</ele>
      </trkpt>
      <trkpt lat="48.472418216988444" lon="18.62622532993555">
        <ele>507.6</ele>
      </trkpt>
      <trkpt lat="48.47235392779112" lon="18.626160118728876">
        <ele>508.4</ele>
      </trkpt>
      <trkpt lat="48.47233339212835" lon="18.626140505075455">
        <ele>508.4</ele>
      </trkpt>
      <trkpt lat="48.472316544502974" lon="18.62611879594624">
        <ele>508.4</ele>
      </trkpt>
      <trkpt lat="48.47223490476608" lon="18.62604930996895">
        <ele>508.2</ele>
      </trkpt>
      <trkpt lat="48.47206902690232" lon="18.626001365482807">
        <ele>506.6</ele>
      </trkpt>
      <trkpt lat="48.472034744918346" lon="18.626019386574626">
        <ele>506.2</ele>
      </trkpt>
      <trkpt lat="48.47199979238212" lon="18.626031540334225">
        <ele>505.4</ele>
      </trkpt>
      <trkpt lat="48.47192846238613" lon="18.626059452071786">
        <ele>504.2</ele>
      </trkpt>
      <trkpt lat="48.47182243131101" lon="18.626104798167944">
        <ele>503.2</ele>
      </trkpt>
      <trkpt lat="48.471744982525706" lon="18.626148886978626">
        <ele>502.0</ele>
      </trkpt>
      <trkpt lat="48.4717074315995" lon="18.626176631078124">
        <ele>500.8</ele>
      </trkpt>
      <trkpt lat="48.47159947268665" lon="18.62623513676226">
        <ele>499.6</ele>
      </trkpt>
      <trkpt lat="48.47154239192605" lon="18.626267155632377">
        <ele>498.6</ele>
      </trkpt>
      <trkpt lat="48.4713688865304" lon="18.6263782158494">
        <ele>496.8</ele>
      </trkpt>
      <trkpt lat="48.471293868497014" lon="18.62642272375524">
        <ele>496.0</ele>
      </trkpt>
      <trkpt lat="48.47126008942723" lon="18.62644317559898">
        <ele>495.2</ele>
      </trkpt>
      <trkpt lat="48.47118800505996" lon="18.626480558887124">
        <ele>494.2</ele>
      </trkpt>
      <trkpt lat="48.47113670781255" lon="18.626510063186288">
        <ele>493.0</ele>
      </trkpt>
      <trkpt lat="48.471090188249946" lon="18.626546440646052">
        <ele>492.4</ele>
      </trkpt>
      <trkpt lat="48.47106931731105" lon="18.626562198624015">
        <ele>492.0</ele>
      </trkpt>
      <trkpt lat="48.47097912803292" lon="18.626620704308152">
        <ele>490.8</ele>
      </trkpt>
      <trkpt lat="48.47093068063259" lon="18.626651130616665">
        <ele>490.0</ele>
      </trkpt>
      <trkpt lat="48.4708989970386" lon="18.626668229699135">
        <ele>489.6</ele>
      </trkpt>
      <trkpt lat="48.47083822824061" lon="18.626691699028015">
        <ele>488.4</ele>
      </trkpt>
      <trkpt lat="48.470774944871664" lon="18.626723047345877">
        <ele>487.4</ele>
      </trkpt>
      <trkpt lat="48.47068089991808" lon="18.626767974346876">
        <ele>486.0</ele>
      </trkpt>
      <trkpt lat="48.47057134844363" lon="18.626808375120163">
        <ele>484.4</ele>
      </trkpt>
      <trkpt lat="48.4705295227468" lon="18.626825641840696">
        <ele>484.4</ele>
      </trkpt>
      <trkpt lat="48.470497420057654" lon="18.626839639618993">
        <ele>483.6</ele>
      </trkpt>
      <trkpt lat="48.47045559436083" lon="18.626846596598625">
        <ele>483.4</ele>
      </trkpt>
      <trkpt lat="48.47038954496384" lon="18.626876436173916">
        <ele>482.4</ele>
      </trkpt>
      <trkpt lat="48.470354760065675" lon="18.626889679580927">
        <ele>482.2</ele>
      </trkpt>
      <trkpt lat="48.470259038731456" lon="18.62691373564303">
        <ele>481.2</ele>
      </trkpt>
      <trkpt lat="48.4702015388757" lon="18.62692060880363">
        <ele>480.2</ele>
      </trkpt>
      <trkpt lat="48.47013724967837" lon="18.62694013863802">
        <ele>479.2</ele>
      </trkpt>
      <trkpt lat="48.47004488110542" lon="18.62695824354887">
        <ele>477.4</ele>
      </trkpt>
      <trkpt lat="48.46997673623264" lon="18.62696696072817">
        <ele>476.2</ele>
      </trkpt>
      <trkpt lat="48.46991068683565" lon="18.626981042325497">
        <ele>475.0</ele>
      </trkpt>
      <trkpt lat="48.46984455361962" lon="18.62699587829411">
        <ele>473.8</ele>
      </trkpt>
      <trkpt lat="48.46975645981729" lon="18.627017587423325">
        <ele>472.2</ele>
      </trkpt>
      <trkpt lat="48.46972653642297" lon="18.627027980983257">
        <ele>471.8</ele>
      </trkpt>
      <trkpt lat="48.46966115757823" lon="18.62705153413117">
        <ele>471.2</ele>
      </trkpt>
      <trkpt lat="48.46958949230611" lon="18.627089504152536">
        <ele>469.6</ele>
      </trkpt>
      <trkpt lat="48.46950684674084" lon="18.62714583054185">
        <ele>468.4</ele>
      </trkpt>
      <trkpt lat="48.46943249925971" lon="18.627210538834333">
        <ele>467.2</ele>
      </trkpt>
      <trkpt lat="48.46936795860529" lon="18.62726208753884">
        <ele>466.2</ele>
      </trkpt>
      <trkpt lat="48.469310542568564" lon="18.627284383401275">
        <ele>465.2</ele>
      </trkpt>
      <trkpt lat="48.46920543350279" lon="18.627341631799936">
        <ele>463.6</ele>
      </trkpt>
      <trkpt lat="48.46908750012517" lon="18.627483788877726">
        <ele>462.6</ele>
      </trkpt>
      <trkpt lat="48.469046177342534" lon="18.627531733363867">
        <ele>462.2</ele>
      </trkpt>
      <trkpt lat="48.4690133202821" lon="18.627571212127805">
        <ele>461.4</ele>
      </trkpt>
      <trkpt lat="48.46891634166241" lon="18.627671962603927">
        <ele>460.4</ele>
      </trkpt>
      <trkpt lat="48.46886571496725" lon="18.627747148275375">
        <ele>459.2</ele>
      </trkpt>
      <trkpt lat="48.46882556565106" lon="18.62780364230275">
        <ele>458.6</ele>
      </trkpt>
      <trkpt lat="48.46878273412585" lon="18.6278494913131">
        <ele>458.0</ele>
      </trkpt>
      <trkpt lat="48.46872783266008" lon="18.62792383879423">
        <ele>456.6</ele>
      </trkpt>
      <trkpt lat="48.46868449822068" lon="18.627991061657667">
        <ele>455.4</ele>
      </trkpt>
      <trkpt lat="48.46861844882369" lon="18.62804780714214">
        <ele>454.2</ele>
      </trkpt>
      <trkpt lat="48.46852574497461" lon="18.62811964005232">
        <ele>453.2</ele>
      </trkpt>
      <trkpt lat="48.46849096007645" lon="18.6281447019428">
        <ele>452.2</ele>
      </trkpt>
      <trkpt lat="48.46835651434958" lon="18.628243692219257">
        <ele>450.8</ele>
      </trkpt>
      <trkpt lat="48.46821779385209" lon="18.628349220380187">
        <ele>449.6</ele>
      </trkpt>
      <trkpt lat="48.46811478026211" lon="18.628393225371838">
        <ele>448.4</ele>
      </trkpt>
      <trkpt lat="48.467988800257444" lon="18.628449216485023">
        <ele>447.4</ele>
      </trkpt>
      <trkpt lat="48.46792057156563" lon="18.628472769632936">
        <ele>446.6</ele>
      </trkpt>
      <trkpt lat="48.46788754686713" lon="18.628491712734103">
        <ele>446.0</ele>
      </trkpt>
      <trkpt lat="48.467819821089506" lon="18.62862448208034">
        <ele>445.2</ele>
      </trkpt>
      <trkpt lat="48.46782543696463" lon="18.62866949290037">
        <ele>443.8</ele>
      </trkpt>
      <trkpt lat="48.467865251004696" lon="18.628738978877664">
        <ele>443.6</ele>
      </trkpt>
      <trkpt lat="48.46798175945878" lon="18.628848949447274">
        <ele>442.8</ele>
      </trkpt>
      <trkpt lat="48.468088964000344" lon="18.62891131080687">
        <ele>441.6</ele>
      </trkpt>
      <trkpt lat="48.46815878525376" lon="18.628939725458622">
        <ele>440.2</ele>
      </trkpt>
      <trkpt lat="48.46824361011386" lon="18.62895715981722">
        <ele>438.6</ele>
      </trkpt>
      <trkpt lat="48.46831695176661" lon="18.62897048704326">
        <ele>437.2</ele>
      </trkpt>
      <trkpt lat="48.468419797718525" lon="18.629008624702692">
        <ele>435.8</ele>
      </trkpt>
      <trkpt lat="48.46847243607044" lon="18.629084648564458">
        <ele>435.0</ele>
      </trkpt>
      <trkpt lat="48.468487691134214" lon="18.62912085838616">
        <ele>434.4</ele>
      </trkpt>
      <trkpt lat="48.468525325879455" lon="18.629224291071296">
        <ele>433.2</ele>
      </trkpt>
      <trkpt lat="48.46854762174189" lon="18.629330825060606">
        <ele>432.0</ele>
      </trkpt>
      <trkpt lat="48.46855449490249" lon="18.62938581034541">
        <ele>431.6</ele>
      </trkpt>
      <trkpt lat="48.46856472082436" lon="18.62950148060918">
        <ele>430.8</ele>
      </trkpt>
      <trkpt lat="48.46858307719231" lon="18.629622599110007">
        <ele>429.6</ele>
      </trkpt>
      <trkpt lat="48.46859933808446" lon="18.62973659299314">
        <ele>428.6</ele>
      </trkpt>
      <trkpt lat="48.46860880963504" lon="18.629789985716343">
        <ele>427.4</ele>
      </trkpt>
      <trkpt lat="48.468627501279116" lon="18.629890652373433">
        <ele>426.4</ele>
      </trkpt>
      <trkpt lat="48.468633284792304" lon="18.629946559667587">
        <ele>425.2</ele>
      </trkpt>
      <trkpt lat="48.46864862367511" lon="18.630071952939034">
        <ele>424.0</ele>
      </trkpt>
      <trkpt lat="48.46867234446108" lon="18.63033263012767">
        <ele>422.8</ele>
      </trkpt>
      <trkpt lat="48.46867754124105" lon="18.630384262651205">
        <ele>422.4</ele>
      </trkpt>
      <trkpt lat="48.46866840496659" lon="18.63055600784719">
        <ele>421.4</ele>
      </trkpt>
      <trkpt lat="48.468638649210334" lon="18.630700763314962">
        <ele>420.2</ele>
      </trkpt>
      <trkpt lat="48.468587351962924" lon="18.630775110796094">
        <ele>419.2</ele>
      </trkpt>
      <trkpt lat="48.46854418516159" lon="18.630825066938996">
        <ele>418.6</ele>
      </trkpt>
      <trkpt lat="48.46849431283772" lon="18.630914837121964">
        <ele>418.0</ele>
      </trkpt>
      <trkpt lat="48.46839406527579" lon="18.63104366697371">
        <ele>417.0</ele>
      </trkpt>
      <trkpt lat="48.4683348890394" lon="18.631119690835476">
        <ele>416.0</ele>
      </trkpt>
      <trkpt lat="48.468303456902504" lon="18.63113796338439">
        <ele>415.6</ele>
      </trkpt>
      <trkpt lat="48.4682762157172" lon="18.631152044981718">
        <ele>415.2</ele>
      </trkpt>
      <trkpt lat="48.46824696287513" lon="18.63115170970559">
        <ele>414.4</ele>
      </trkpt>
      <trkpt lat="48.46821251325309" lon="18.63115112297237">
        <ele>414.2</ele>
      </trkpt>
      <trkpt lat="48.46818703226745" lon="18.63115313462913">
        <ele>413.8</ele>
      </trkpt>
      <trkpt lat="48.46814545802772" lon="18.631160678341985">
        <ele>413.2</ele>
      </trkpt>
      <trkpt lat="48.468022076413035" lon="18.631184482946992">
        <ele>412.0</ele>
      </trkpt>
      <trkpt lat="48.46794806420803" lon="18.631213065236807">
        <ele>410.6</ele>
      </trkpt>
      <trkpt lat="48.46788545139134" lon="18.631255058571696">
        <ele>409.2</ele>
      </trkpt>
      <trkpt lat="48.4678546898067" lon="18.631281796842813">
        <ele>408.2</ele>
      </trkpt>
      <trkpt lat="48.46778646111488" lon="18.631359580904245">
        <ele>406.8</ele>
      </trkpt>
      <trkpt lat="48.46772217191756" lon="18.63144583068788">
        <ele>405.6</ele>
      </trkpt>
      <trkpt lat="48.467693254351616" lon="18.631486566737294">
        <ele>405.0</ele>
      </trkpt>
      <trkpt lat="48.467638939619064" lon="18.631549263373017">
        <ele>404.6</ele>
      </trkpt>
      <trkpt lat="48.46760692074895" lon="18.63158555701375">
        <ele>403.4</ele>
      </trkpt>
      <trkpt lat="48.46744481474161" lon="18.63171363249421">
        <ele>402.4</ele>
      </trkpt>
      <trkpt lat="48.46734020859003" lon="18.631799463182688">
        <ele>401.2</ele>
      </trkpt>
      <trkpt lat="48.467196794226766" lon="18.631904739886522">
        <ele>400.0</ele>
      </trkpt>
      <trkpt lat="48.46712973900139" lon="18.63194522447884">
        <ele>399.6</ele>
      </trkpt>
      <trkpt lat="48.4670483507216" lon="18.631998533383012">
        <ele>398.8</ele>
      </trkpt>
      <trkpt lat="48.46695313230157" lon="18.63205318339169">
        <ele>397.6</ele>
      </trkpt>
      <trkpt lat="48.46688733436167" lon="18.632090566679835">
        <ele>396.8</ele>
      </trkpt>
      <trkpt lat="48.46686386503279" lon="18.632105654105544">
        <ele>396.2</ele>
      </trkpt>
      <trkpt lat="48.466750625520945" lon="18.63221344538033">
        <ele>395.0</ele>
      </trkpt>
      <trkpt lat="48.46667912788689" lon="18.63231017254293">
        <ele>394.2</ele>
      </trkpt>
      <trkpt lat="48.46665557473898" lon="18.63234294578433">
        <ele>394.0</ele>
      </trkpt>
      <trkpt lat="48.466554237529635" lon="18.63250848837197">
        <ele>393.0</ele>
      </trkpt>
      <trkpt lat="48.46651685424149" lon="18.632541680708528">
        <ele>392.8</ele>
      </trkpt>
      <trkpt lat="48.466350389644504" lon="18.632719879969954">
        <ele>392.0</ele>
      </trkpt>
      <trkpt lat="48.466308396309614" lon="18.632771847769618">
        <ele>391.8</ele>
      </trkpt>
      <trkpt lat="48.46627009101212" lon="18.632807973772287">
        <ele>391.8</ele>
      </trkpt>
      <trkpt lat="48.466193145141006" lon="18.63287167623639">
        <ele>391.4</ele>
      </trkpt>
      <trkpt lat="48.46608334220946" lon="18.63290294073522">
        <ele>390.8</ele>
      </trkpt>
      <trkpt lat="48.465963397175074" lon="18.632882656529546">
        <ele>390.4</ele>
      </trkpt>
      <trkpt lat="48.46587832085788" lon="18.632864048704505">
        <ele>390.2</ele>
      </trkpt>
      <trkpt lat="48.465789472684264" lon="18.63285264931619">
        <ele>389.8</ele>
      </trkpt>
      <trkpt lat="48.4657256025821" lon="18.63282381556928">
        <ele>390.0</ele>
      </trkpt>
      <trkpt lat="48.46560498699546" lon="18.63277042284608">
        <ele>390.0</ele>
      </trkpt>
      <trkpt lat="48.465546146035194" lon="18.632730692625046">
        <ele>389.8</ele>
      </trkpt>
      <trkpt lat="48.465525107458234" lon="18.63271040841937">
        <ele>389.0</ele>
      </trkpt>
      <trkpt lat="48.465379010885954" lon="18.632645700126886">
        <ele>387.6</ele>
      </trkpt>
      <trkpt lat="48.46528412774205" lon="18.6326018627733">
        <ele>387.2</ele>
      </trkpt>
      <trkpt lat="48.46523559652269" lon="18.63256079144776">
        <ele>387.0</ele>
      </trkpt>
      <trkpt lat="48.46516711637378" lon="18.632526760920882">
        <ele>386.2</ele>
      </trkpt>
      <trkpt lat="48.465069215744734" lon="18.63247001543641">
        <ele>385.0</ele>
      </trkpt>
      <trkpt lat="48.46502018161118" lon="18.632437409833074">
        <ele>384.4</ele>
      </trkpt>
      <trkpt lat="48.46499780192971" lon="18.632420813664794">
        <ele>383.8</ele>
      </trkpt>
      <trkpt lat="48.46496888436377" lon="18.632397763431072">
        <ele>383.0</ele>
      </trkpt>
      <trkpt lat="48.46494005061686" lon="18.632373791188">
        <ele>382.4</ele>
      </trkpt>
      <trkpt lat="48.46491322852671" lon="18.632346969097853">
        <ele>382.0</ele>
      </trkpt>
      <trkpt lat="48.464831756427884" lon="18.632244458422065">
        <ele>381.2</ele>
      </trkpt>
      <trkpt lat="48.4647429920733" lon="18.632118981331587">
        <ele>380.6</ele>
      </trkpt>
      <trkpt lat="48.46463427878916" lon="18.631966849789023">
        <ele>380.0</ele>
      </trkpt>
      <trkpt lat="48.464515591040254" lon="18.63177322782576">
        <ele>378.8</ele>
      </trkpt>
      <trkpt lat="48.464478543028235" lon="18.631708016619086">
        <ele>377.2</ele>
      </trkpt>
      <trkpt lat="48.464410649612546" lon="18.63159092143178">
        <ele>375.6</ele>
      </trkpt>
      <trkpt lat="48.464362286031246" lon="18.631507102400064">
        <ele>374.0</ele>
      </trkpt>
      <trkpt lat="48.46433596685529" lon="18.63146049901843">
        <ele>373.6</ele>
      </trkpt>
      <trkpt lat="48.4643127489835" lon="18.631416745483875">
        <ele>373.2</ele>
      </trkpt>
      <trkpt lat="48.46428383141756" lon="18.631364358589053">
        <ele>372.6</ele>
      </trkpt>
      <trkpt lat="48.46420990303159" lon="18.63122697919607">
        <ele>371.4</ele>
      </trkpt>
      <trkpt lat="48.464138908311725" lon="18.631094377487898">
        <ele>370.4</ele>
      </trkpt>
      <trkpt lat="48.46411971375346" lon="18.6310494504869">
        <ele>370.2</ele>
      </trkpt>
      <trkpt lat="48.46407042816281" lon="18.63097283989191">
        <ele>370.0</ele>
      </trkpt>
      <trkpt lat="48.4639900457114" lon="18.63085750490427">
        <ele>369.4</ele>
      </trkpt>
      <trkpt lat="48.46396422944963" lon="18.630819031968713">
        <ele>369.2</ele>
      </trkpt>
      <trkpt lat="48.4639105014503" lon="18.630749713629484">
        <ele>368.4</ele>
      </trkpt>
      <trkpt lat="48.46388543955982" lon="18.63071828149259">
        <ele>367.8</ele>
      </trkpt>
      <trkpt lat="48.463766081258655" lon="18.63060395233333">
        <ele>366.6</ele>
      </trkpt>
      <trkpt lat="48.46370296552777" lon="18.630548547953367">
        <ele>365.8</ele>
      </trkpt>
      <trkpt lat="48.463671281933784" lon="18.63051644526422">
        <ele>365.0</ele>
      </trkpt>
      <trkpt lat="48.463564747944474" lon="18.63043086603284">
        <ele>363.6</ele>
      </trkpt>
      <trkpt lat="48.463454861193895" lon="18.630331372842193">
        <ele>362.2</ele>
      </trkpt>
      <trkpt lat="48.46335746347904" lon="18.63027513027191">
        <ele>360.8</ele>
      </trkpt>
      <trkpt lat="48.46330407075584" lon="18.630260126665235">
        <ele>359.8</ele>
      </trkpt>
      <trkpt lat="48.463286301121116" lon="18.630257779732347">
        <ele>359.6</ele>
      </trkpt>
      <trkpt lat="48.46327247098088" lon="18.630259539932013">
        <ele>359.0</ele>
      </trkpt>
      <trkpt lat="48.463259395211935" lon="18.63026180304587">
        <ele>358.8</ele>
      </trkpt>
      <trkpt lat="48.463204242289066" lon="18.6302706040442">
        <ele>357.8</ele>
      </trkpt>
      <trkpt lat="48.46318328753114" lon="18.6302687600255">
        <ele>357.2</ele>
      </trkpt>
      <trkpt lat="48.46310458146036" lon="18.63028284162283">
        <ele>356.4</ele>
      </trkpt>
      <trkpt lat="48.46294800750911" lon="18.630317207425833">
        <ele>355.2</ele>
      </trkpt>
      <trkpt lat="48.462738962844014" lon="18.63043430261314">
        <ele>354.0</ele>
      </trkpt>
      <trkpt lat="48.46270895563066" lon="18.630457017570734">
        <ele>353.8</ele>
      </trkpt>
      <trkpt lat="48.46266930922866" lon="18.630486773326993">
        <ele>353.8</ele>
      </trkpt>
      <trkpt lat="48.46255020238459" lon="18.630570927634835">
        <ele>353.0</ele>
      </trkpt>
      <trkpt lat="48.46242648549378" lon="18.63063278608024">
        <ele>351.8</ele>
      </trkpt>
      <trkpt lat="48.462332943454385" lon="18.630672097206116">
        <ele>351.4</ele>
      </trkpt>
      <trkpt lat="48.462148709222674" lon="18.6307798884809">
        <ele>350.8</ele>
      </trkpt>
      <trkpt lat="48.46211669035256" lon="18.630791623145342">
        <ele>350.8</ele>
      </trkpt>
      <trkpt lat="48.46203220076859" lon="18.630788773298264">
        <ele>351.0</ele>
      </trkpt>
      <trkpt lat="48.461912255734205" lon="18.63081836141646">
        <ele>351.2</ele>
      </trkpt>
      <trkpt lat="48.4618104994297" lon="18.63086915574968">
        <ele>351.2</ele>
      </trkpt>
      <trkpt lat="48.46171176061034" lon="18.630913076922297">
        <ele>351.4</ele>
      </trkpt>
      <trkpt lat="48.46158259548247" lon="18.63096253015101">
        <ele>351.2</ele>
      </trkpt>
      <trkpt lat="48.461528616026044" lon="18.63097434863448">
        <ele>351.4</ele>
      </trkpt>
      <trkpt lat="48.46144538372755" lon="18.630998320877552">
        <ele>351.6</ele>
      </trkpt>
      <trkpt lat="48.461326444521546" lon="18.631061520427465">
        <ele>351.8</ele>
      </trkpt>
      <trkpt lat="48.46113542094827" lon="18.631091695278883">
        <ele>352.8</ele>
      </trkpt>
      <trkpt lat="48.46111882477999" lon="18.631092701107264">
        <ele>353.2</ele>
      </trkpt>
      <trkpt lat="48.46106727607548" lon="18.631105357781053">
        <ele>353.4</ele>
      </trkpt>
      <trkpt lat="48.46095537766814" lon="18.63114232197404">
        <ele>353.6</ele>
      </trkpt>
      <trkpt lat="48.46077835187316" lon="18.63119521178305">
        <ele>354.0</ele>
      </trkpt>
      <trkpt lat="48.46060384064913" lon="18.631242904812098">
        <ele>353.8</ele>
      </trkpt>
      <trkpt lat="48.460539719089866" lon="18.631268553435802">
        <ele>353.8</ele>
      </trkpt>
      <trkpt lat="48.46051155589521" lon="18.63128062337637">
        <ele>353.8</ele>
      </trkpt>
      <trkpt lat="48.46032656729221" lon="18.631362011656165">
        <ele>354.0</ele>
      </trkpt>
      <trkpt lat="48.46029320731759" lon="18.631371650844812">
        <ele>354.0</ele>
      </trkpt>
      <trkpt lat="48.4601235575974" lon="18.631414398550987">
        <ele>353.8</ele>
      </trkpt>
      <trkpt lat="48.459950387477875" lon="18.631445998325944">
        <ele>353.8</ele>
      </trkpt>
      <trkpt lat="48.45991803333163" lon="18.63145605660975">
        <ele>354.0</ele>
      </trkpt>
      <trkpt lat="48.45988383516669" lon="18.631463684141636">
        <ele>354.2</ele>
      </trkpt>
      <trkpt lat="48.459824826568365" lon="18.63147994503379">
        <ele>354.4</ele>
      </trkpt>
      <trkpt lat="48.45976104028523" lon="18.631504755467176">
        <ele>354.6</ele>
      </trkpt>
      <trkpt lat="48.45970035530627" lon="18.631528140977025">
        <ele>354.6</ele>
      </trkpt>
      <trkpt lat="48.459582421928644" lon="18.63156653009355">
        <ele>354.8</ele>
      </trkpt>
      <trkpt lat="48.459554677829146" lon="18.6315674521029">
        <ele>354.8</ele>
      </trkpt>
      <trkpt lat="48.45937471836805" lon="18.631627382710576">
        <ele>354.8</ele>
      </trkpt>
      <trkpt lat="48.45931872725487" lon="18.631637692451477">
        <ele>354.8</ele>
      </trkpt>
      <trkpt lat="48.45926575362682" lon="18.631639620289207">
        <ele>354.6</ele>
      </trkpt>
      <trkpt lat="48.4592117741704" lon="18.63163241185248">
        <ele>354.4</ele>
      </trkpt>
      <trkpt lat="48.459092415869236" lon="18.631638614460826">
        <ele>353.4</ele>
      </trkpt>
      <trkpt lat="48.45901940949261" lon="18.631627801805735">
        <ele>353.2</ele>
      </trkpt>
      <trkpt lat="48.45899501815438" lon="18.63162553869188">
        <ele>353.0</ele>
      </trkpt>
      <trkpt lat="48.458963334560394" lon="18.63162553869188">
        <ele>352.8</ele>
      </trkpt>
      <trkpt lat="48.45893181860447" lon="18.631627969443798">
        <ele>352.6</ele>
      </trkpt>
      <trkpt lat="48.45889963209629" lon="18.631623527035117">
        <ele>352.4</ele>
      </trkpt>
      <trkpt lat="48.45883651636541" lon="18.631608355790377">
        <ele>351.6</ele>
      </trkpt>
      <trkpt lat="48.45873937010765" lon="18.6316002253443">
        <ele>350.4</ele>
      </trkpt>
      <trkpt lat="48.45870475284755" lon="18.631596956402063">
        <ele>350.0</ele>
      </trkpt>
      <trkpt lat="48.4586089476943" lon="18.631589580327272">
        <ele>349.4</ele>
      </trkpt>
      <trkpt lat="48.458573995158076" lon="18.631589664146304">
        <ele>348.6</ele>
      </trkpt>
      <trkpt lat="48.45853795297444" lon="18.631586814299226">
        <ele>348.0</ele>
      </trkpt>
      <trkpt lat="48.458503503352404" lon="18.631582288071513">
        <ele>347.8</ele>
      </trkpt>
      <trkpt lat="48.458439046517015" lon="18.631572229787707">
        <ele>347.6</ele>
      </trkpt>
      <trkpt lat="48.45833821222186" lon="18.631555046886206">
        <ele>346.2</ele>
      </trkpt>
      <trkpt lat="48.45828582532704" lon="18.631541384384036">
        <ele>345.8</ele>
      </trkpt>
      <trkpt lat="48.45820611342788" lon="18.631537444889545">
        <ele>345.6</ele>
      </trkpt>
      <trkpt lat="48.458143416792154" lon="18.63153275102377">
        <ele>345.0</ele>
      </trkpt>
      <trkpt lat="48.458079881966114" lon="18.63152990117669">
        <ele>343.8</ele>
      </trkpt>
      <trkpt lat="48.45798357389867" lon="18.63152587786317">
        <ele>342.2</ele>
      </trkpt>
      <trkpt lat="48.45794334076345" lon="18.631526799872518">
        <ele>341.2</ele>
      </trkpt>
      <trkpt lat="48.45785005018115" lon="18.631522776558995">
        <ele>340.2</ele>
      </trkpt>
      <trkpt lat="48.45774217508733" lon="18.631521770730615">
        <ele>339.0</ele>
      </trkpt>
      <trkpt lat="48.45762709155679" lon="18.631542893126607">
        <ele>337.8</ele>
      </trkpt>
      <trkpt lat="48.457517959177494" lon="18.63154507242143">
        <ele>336.8</ele>
      </trkpt>
      <trkpt lat="48.45748057588935" lon="18.631547838449478">
        <ele>335.8</ele>
      </trkpt>
      <trkpt lat="48.457408072426915" lon="18.631545156240463">
        <ele>334.6</ele>
      </trkpt>
      <trkpt lat="48.4573036339134" lon="18.63153669051826">
        <ele>333.8</ele>
      </trkpt>
      <trkpt lat="48.45726792700589" lon="18.631539456546307">
        <ele>333.4</ele>
      </trkpt>
      <trkpt lat="48.45720984041691" lon="18.631551442667842">
        <ele>332.2</ele>
      </trkpt>
      <trkpt lat="48.45710280351341" lon="18.63166619092226">
        <ele>331.2</ele>
      </trkpt>
      <trkpt lat="48.45705661922693" lon="18.631722014397383">
        <ele>330.8</ele>
      </trkpt>
      <trkpt lat="48.45700666308403" lon="18.631800804287195">
        <ele>330.6</ele>
      </trkpt>
      <trkpt lat="48.456936590373516" lon="18.631908176466823">
        <ele>330.2</ele>
      </trkpt>
      <trkpt lat="48.45680373720825" lon="18.6321494076401">
        <ele>329.2</ele>
      </trkpt>
      <trkpt lat="48.456779681146145" lon="18.632188886404037">
        <ele>328.8</ele>
      </trkpt>
      <trkpt lat="48.45671790651977" lon="18.632301036268473">
        <ele>327.8</ele>
      </trkpt>
      <trkpt lat="48.45659142360091" lon="18.632546039298177">
        <ele>327.2</ele>
      </trkpt>
      <trkpt lat="48.45652688294649" lon="18.632667241618037">
        <ele>326.8</ele>
      </trkpt>
      <trkpt lat="48.45641842111945" lon="18.632859690114856">
        <ele>326.0</ele>
      </trkpt>
      <trkpt lat="48.45639260485768" lon="18.63289313390851">
        <ele>325.8</ele>
      </trkpt>
      <trkpt lat="48.45636687241495" lon="18.632939904928207">
        <ele>325.4</ele>
      </trkpt>
      <trkpt lat="48.456316916272044" lon="18.633023388683796">
        <ele>325.2</ele>
      </trkpt>
      <trkpt lat="48.45622295513749" lon="18.633176861330867">
        <ele>324.4</ele>
      </trkpt>
      <trkpt lat="48.45617392100394" lon="18.633267637342215">
        <ele>324.0</ele>
      </trkpt>
      <trkpt lat="48.456118097528815" lon="18.63335531204939">
        <ele>323.6</ele>
      </trkpt>
      <trkpt lat="48.45605540089309" lon="18.633445082232356">
        <ele>323.2</ele>
      </trkpt>
      <trkpt lat="48.4560358710587" lon="18.633479112759233">
        <ele>323.2</ele>
      </trkpt>
      <trkpt lat="48.455895306542516" lon="18.633687403053045">
        <ele>322.6</ele>
      </trkpt>
      <trkpt lat="48.455820959061384" lon="18.633793937042356">
        <ele>322.2</ele>
      </trkpt>
      <trkpt lat="48.455679304897785" lon="18.633999126031995">
        <ele>321.6</ele>
      </trkpt>
      <trkpt lat="48.45562867820263" lon="18.634055787697434">
        <ele>321.4</ele>
      </trkpt>
      <trkpt lat="48.45557000488043" lon="18.634149245917797">
        <ele>321.4</ele>
      </trkpt>
      <trkpt lat="48.45554041676223" lon="18.634186293929815">
        <ele>321.2</ele>
      </trkpt>
      <trkpt lat="48.455517617985606" lon="18.634219150990248">
        <ele>321.2</ele>
      </trkpt>
      <trkpt lat="48.45542885363102" lon="18.634332306683064">
        <ele>320.0</ele>
      </trkpt>
      <trkpt lat="48.45531150698662" lon="18.634341275319457">
        <ele>319.8</ele>
      </trkpt>
      <trkpt lat="48.45528518781066" lon="18.63430816680193">
        <ele>319.8</ele>
      </trkpt>
      <trkpt lat="48.45523891970515" lon="18.63423775881529">
        <ele>319.8</ele>
      </trkpt>
      <trkpt lat="48.455213103443384" lon="18.63418847322464">
        <ele>320.0</ele>
      </trkpt>
      <trkpt lat="48.455158453434706" lon="18.634110521525145">
        <ele>320.0</ele>
      </trkpt>
      <trkpt lat="48.45513314008713" lon="18.634110437706113">
        <ele>319.8</ele>
      </trkpt>
      <trkpt lat="48.45507849007845" lon="18.634138517081738">
        <ele>319.6</ele>
      </trkpt>
      <trkpt lat="48.4549205750227" lon="18.634279500693083">
        <ele>319.8</ele>
      </trkpt>
      <trkpt lat="48.45489727333188" lon="18.63430322147906">
        <ele>319.8</ele>
      </trkpt>
      <trkpt lat="48.454853938892484" lon="18.634336749091744">
        <ele>320.0</ele>
      </trkpt>
      <trkpt lat="48.45468127168715" lon="18.63450069911778">
        <ele>319.6</ele>
      </trkpt>
      <trkpt lat="48.4546235203743" lon="18.634560126811266">
        <ele>319.6</ele>
      </trkpt>
      <trkpt lat="48.4544678684324" lon="18.634726256132126">
        <ele>320.2</ele>
      </trkpt>
      <trkpt lat="48.45443760976195" lon="18.634763471782207">
        <ele>320.4</ele>
      </trkpt>
      <trkpt lat="48.45440324395895" lon="18.634795239195228">
        <ele>320.4</ele>
      </trkpt>
      <trkpt lat="48.454252537339926" lon="18.63495667465031">
        <ele>320.6</ele>
      </trkpt>
      <trkpt lat="48.45419252291322" lon="18.63500646315515">
        <ele>320.8</ele>
      </trkpt>
      <trkpt lat="48.45399437472224" lon="18.635062789544463">
        <ele>320.8</ele>
      </trkpt>
      <trkpt lat="48.45386101864278" lon="18.635081984102726">
        <ele>321.0</ele>
      </trkpt>
      <trkpt lat="48.453826904296875" lon="18.63509103655815">
        <ele>321.0</ele>
      </trkpt>
      <trkpt lat="48.45379438251257" lon="18.635095981881022">
        <ele>321.0</ele>
      </trkpt>
      <trkpt lat="48.453610483556986" lon="18.635200671851635">
        <ele>320.6</ele>
      </trkpt>
      <trkpt lat="48.453587936237454" lon="18.635236462578177">
        <ele>320.6</ele>
      </trkpt>
      <trkpt lat="48.45357159152627" lon="18.635319359600544">
        <ele>320.6</ele>
      </trkpt>
      <trkpt lat="48.453577710315585" lon="18.63535540178418">
        <ele>320.6</ele>
      </trkpt>
      <trkpt lat="48.45363118685782" lon="18.63562253303826">
        <ele>320.4</ele>
      </trkpt>
      <trkpt lat="48.4536303486675" lon="18.63577416166663">
        <ele>320.8</ele>
      </trkpt>
      <trkpt lat="48.453624146059155" lon="18.635862339287996">
        <ele>320.8</ele>
      </trkpt>
      <trkpt lat="48.45363655127585" lon="18.635974740609527">
        <ele>321.0</ele>
      </trkpt>
      <trkpt lat="48.45371726900339" lon="18.636231310665607">
        <ele>321.2</ele>
      </trkpt>
      <trkpt lat="48.453748282045126" lon="18.636310938745737">
        <ele>321.6</ele>
      </trkpt>
      <trkpt lat="48.453836208209395" lon="18.636569688096642">
        <ele>321.0</ele>
      </trkpt>
      <trkpt lat="48.45388691872358" lon="18.63671377301216">
        <ele>321.2</ele>
      </trkpt>
      <trkpt lat="48.45393075607717" lon="18.636836735531688">
        <ele>321.2</ele>
      </trkpt>
      <trkpt lat="48.453952465206385" lon="18.63688711076975">
        <ele>321.2</ele>
      </trkpt>
    </trkseg>
  </trk>
</gpx>
