<?xml version="1.0" encoding="UTF-8"?>
<gpx version="1.1" creator="kmz2gpx" xmlns="http://www.topografix.com/GPX/1/1">
  <metadata><name>T8 - 5 km</name></metadata>
  <wpt lat="48.453895" lon="18.637388">
    <ele>397.4</ele>
    <name>Začiatok trasy Tajchová 8 - krátka trasa</name>
  </wpt>
  <wpt lat="48.454356" lon="18.63727">
    <ele>317.8</ele>
    <name>Koniec trasy Tajchová 8 - krátka trasa</name>
  </wpt>
  <trk>
    <name>Tajchová 8 - krátka trasa</name>
    <trkseg>
      <trkpt lat="48.453895" lon="18.637388"><ele>397.4</ele></trkpt>
      <trkpt lat="48.453921" lon="18.637384"><ele>397.6</ele></trkpt>
      <trkpt lat="48.453952" lon="18.637367"><ele>398.4</ele></trkpt>
      <trkpt lat="48.453993" lon="18.63735"><ele>399.4</ele></trkpt>
      <trkpt lat="48.45403" lon="18.637332"><ele>400.2</ele></trkpt>
      <trkpt lat="48.454068" lon="18.637317"><ele>401</ele></trkpt>
      <trkpt lat="48.454117" lon="18.637304"><ele>401.4</ele></trkpt>
      <trkpt lat="48.454155" lon="18.63729"><ele>402.2</ele></trkpt>
      <trkpt lat="48.454197" lon="18.637279"><ele>402.8</ele></trkpt>
      <trkpt lat="48.454238" lon="18.637263"><ele>403.4</ele></trkpt>
      <trkpt lat="48.454272" lon="18.637252"><ele>403.4</ele></trkpt>
      <trkpt lat="48.4543" lon="18.637244"><ele>403.8</ele></trkpt>
      <trkpt lat="48.454352" lon="18.637226"><ele>405</ele></trkpt>
      <trkpt lat="48.454394" lon="18.637211"><ele>405.4</ele></trkpt>
      <trkpt lat="48.454435" lon="18.637198"><ele>405.8</ele></trkpt>
      <trkpt lat="48.454469" lon="18.63718"><ele>406.4</ele></trkpt>
      <trkpt lat="48.454503" lon="18.637167"><ele>406.2</ele></trkpt>
      <trkpt lat="48.454533" lon="18.637146"><ele>407.4</ele></trkpt>
      <trkpt lat="48.454567" lon="18.637134"><ele>407.8</ele></trkpt>
      <trkpt lat="48.454599" lon="18.637123"><ele>408</ele></trkpt>
      <trkpt lat="48.45463" lon="18.637107"><ele>408.2</ele></trkpt>
      <trkpt lat="48.454665" lon="18.637091"><ele>408</ele></trkpt>
      <trkpt lat="48.454704" lon="18.637076"><ele>408.4</ele></trkpt>
      <trkpt lat="48.454713" lon="18.637053"><ele>407.6</ele></trkpt>
      <trkpt lat="48.454816" lon="18.637004"><ele>405.2</ele></trkpt>
      <trkpt lat="48.454852" lon="18.636998"><ele>405.2</ele></trkpt>
      <trkpt lat="48.45491" lon="18.63698"><ele>403.2</ele></trkpt>
      <trkpt lat="48.454971" lon="18.636973"><ele>400</ele></trkpt>
      <trkpt lat="48.455032" lon="18.636964"><ele>397.4</ele></trkpt>
      <trkpt lat="48.455078" lon="18.636952"><ele>395</ele></trkpt>
      <trkpt lat="48.455135" lon="18.636945"><ele>392.4</ele></trkpt>
      <trkpt lat="48.455186" lon="18.636927"><ele>390.4</ele></trkpt>
      <trkpt lat="48.455221" lon="18.636899"><ele>388.6</ele></trkpt>
      <trkpt lat="48.455264" lon="18.636882"><ele>386.4</ele></trkpt>
      <trkpt lat="48.455313" lon="18.636873"><ele>383.6</ele></trkpt>
      <trkpt lat="48.455364" lon="18.636854"><ele>382</ele></trkpt>
      <trkpt lat="48.45541" lon="18.636818"><ele>380.2</ele></trkpt>
      <trkpt lat="48.45546" lon="18.636791"><ele>378.6</ele></trkpt>
      <trkpt lat="48.455505" lon="18.636769"><ele>377</ele></trkpt>
      <trkpt lat="48.455542" lon="18.636747"><ele>375.8</ele></trkpt>
      <trkpt lat="48.455576" lon="18.636732"><ele>374.4</ele></trkpt>
      <trkpt lat="48.455602" lon="18.636706"><ele>373.4</ele></trkpt>
      <trkpt lat="48.455632" lon="18.636675"><ele>372.6</ele></trkpt>
      <trkpt lat="48.455661" lon="18.636649"><ele>371.4</ele></trkpt>
      <trkpt lat="48.455697" lon="18.636633"><ele>370</ele></trkpt>
      <trkpt lat="48.455736" lon="18.636608"><ele>369.6</ele></trkpt>
      <trkpt lat="48.455769" lon="18.636581"><ele>368.8</ele></trkpt>
      <trkpt lat="48.455807" lon="18.636558"><ele>368</ele></trkpt>
      <trkpt lat="48.45584" lon="18.636537"><ele>367.2</ele></trkpt>
      <trkpt lat="48.455876" lon="18.636515"><ele>366.4</ele></trkpt>
      <trkpt lat="48.455912" lon="18.63649"><ele>365.6</ele></trkpt>
      <trkpt lat="48.455941" lon="18.636463"><ele>364.8</ele></trkpt>
      <trkpt lat="48.455975" lon="18.636436"><ele>364.2</ele></trkpt>
      <trkpt lat="48.455991" lon="18.636411"><ele>363.8</ele></trkpt>
      <trkpt lat="48.456034" lon="18.636379"><ele>362.8</ele></trkpt>
      <trkpt lat="48.456069" lon="18.63636"><ele>362</ele></trkpt>
      <trkpt lat="48.456107" lon="18.63633"><ele>361.2</ele></trkpt>
      <trkpt lat="48.456137" lon="18.636308"><ele>360.4</ele></trkpt>
      <trkpt lat="48.45617" lon="18.636287"><ele>359.6</ele></trkpt>
      <trkpt lat="48.45616" lon="18.636263"><ele>358.4</ele></trkpt>
      <trkpt lat="48.456191" lon="18.636225"><ele>357</ele></trkpt>
      <trkpt lat="48.456219" lon="18.636201"><ele>355.8</ele></trkpt>
      <trkpt lat="48.456244" lon="18.636165"><ele>355.2</ele></trkpt>
      <trkpt lat="48.45626" lon="18.63612"><ele>354.8</ele></trkpt>
      <trkpt lat="48.456277" lon="18.636077"><ele>354.4</ele></trkpt>
      <trkpt lat="48.456298" lon="18.636048"><ele>353.6</ele></trkpt>
      <trkpt lat="48.456317" lon="18.636001"><ele>352.8</ele></trkpt>
      <trkpt lat="48.45633" lon="18.635948"><ele>351.8</ele></trkpt>
      <trkpt lat="48.456335" lon="18.635904"><ele>351.6</ele></trkpt>
      <trkpt lat="48.456345" lon="18.635855"><ele>351.2</ele></trkpt>
      <trkpt lat="48.456351" lon="18.635809"><ele>351</ele></trkpt>
      <trkpt lat="48.456352" lon="18.635778"><ele>350.8</ele></trkpt>
      <trkpt lat="48.456354" lon="18.635718"><ele>350.4</ele></trkpt>
      <trkpt lat="48.456346" lon="18.635683"><ele>350.2</ele></trkpt>
      <trkpt lat="48.456339" lon="18.635633"><ele>349.8</ele></trkpt>
      <trkpt lat="48.456333" lon="18.635594"><ele>349.2</ele></trkpt>
      <trkpt lat="48.456323" lon="18.635542"><ele>349</ele></trkpt>
      <trkpt lat="48.456307" lon="18.635513"><ele>348.4</ele></trkpt>
      <trkpt lat="48.456296" lon="18.635481"><ele>347.8</ele></trkpt>
      <trkpt lat="48.456277" lon="18.635458"><ele>347.2</ele></trkpt>
      <trkpt lat="48.456256" lon="18.635441"><ele>346.4</ele></trkpt>
      <trkpt lat="48.456228" lon="18.635425"><ele>346.2</ele></trkpt>
      <trkpt lat="48.4562" lon="18.635414"><ele>345.6</ele></trkpt>
      <trkpt lat="48.456172" lon="18.635398"><ele>344.8</ele></trkpt>
      <trkpt lat="48.456143" lon="18.635383"><ele>344.2</ele></trkpt>
      <trkpt lat="48.456117" lon="18.635379"><ele>343.6</ele></trkpt>
      <trkpt lat="48.456089" lon="18.635368"><ele>343</ele></trkpt>
      <trkpt lat="48.456061" lon="18.635357"><ele>342.6</ele></trkpt>
      <trkpt lat="48.456039" lon="18.635347"><ele>342.4</ele></trkpt>
      <trkpt lat="48.45601" lon="18.635338"><ele>342.6</ele></trkpt>
      <trkpt lat="48.455984" lon="18.635321"><ele>342.4</ele></trkpt>
      <trkpt lat="48.455961" lon="18.635317"><ele>342.2</ele></trkpt>
      <trkpt lat="48.455928" lon="18.635308"><ele>341.4</ele></trkpt>
      <trkpt lat="48.455904" lon="18.635308"><ele>341</ele></trkpt>
      <trkpt lat="48.455863" lon="18.63528"><ele>340.2</ele></trkpt>
      <trkpt lat="48.455833" lon="18.635266"><ele>340</ele></trkpt>
      <trkpt lat="48.455803" lon="18.635257"><ele>339.6</ele></trkpt>
      <trkpt lat="48.455772" lon="18.63525"><ele>339.4</ele></trkpt>
      <trkpt lat="48.455754" lon="18.635251"><ele>339.4</ele></trkpt>
      <trkpt lat="48.455724" lon="18.635248"><ele>339</ele></trkpt>
      <trkpt lat="48.455694" lon="18.635247"><ele>339</ele></trkpt>
      <trkpt lat="48.455671" lon="18.635242"><ele>338.6</ele></trkpt>
      <trkpt lat="48.455643" lon="18.635237"><ele>338.4</ele></trkpt>
      <trkpt lat="48.455615" lon="18.635233"><ele>337.8</ele></trkpt>
      <trkpt lat="48.455585" lon="18.635217"><ele>337.4</ele></trkpt>
      <trkpt lat="48.455557" lon="18.635195"><ele>338</ele></trkpt>
      <trkpt lat="48.455532" lon="18.635168"><ele>337.6</ele></trkpt>
      <trkpt lat="48.455511" lon="18.635134"><ele>337.4</ele></trkpt>
      <trkpt lat="48.455493" lon="18.635096"><ele>337.2</ele></trkpt>
      <trkpt lat="48.455478" lon="18.635047"><ele>337</ele></trkpt>
      <trkpt lat="48.45547" lon="18.635004"><ele>337</ele></trkpt>
      <trkpt lat="48.455467" lon="18.634952"><ele>336.8</ele></trkpt>
      <trkpt lat="48.455457" lon="18.634909"><ele>336.6</ele></trkpt>
      <trkpt lat="48.455445" lon="18.634872"><ele>336.4</ele></trkpt>
      <trkpt lat="48.455428" lon="18.634814"><ele>336.2</ele></trkpt>
      <trkpt lat="48.455416" lon="18.634759"><ele>335.8</ele></trkpt>
      <trkpt lat="48.455394" lon="18.634711"><ele>336</ele></trkpt>
      <trkpt lat="48.455383" lon="18.634657"><ele>335.4</ele></trkpt>
      <trkpt lat="48.455368" lon="18.634609"><ele>335.2</ele></trkpt>
      <trkpt lat="48.455355" lon="18.634556"><ele>335.2</ele></trkpt>
      <trkpt lat="48.455357" lon="18.634581"><ele>334.8</ele></trkpt>
      <trkpt lat="48.455319" lon="18.634492"><ele>334.4</ele></trkpt>
      <trkpt lat="48.455312" lon="18.634432"><ele>334.2</ele></trkpt>
      <trkpt lat="48.455321" lon="18.634387"><ele>333.8</ele></trkpt>
      <trkpt lat="48.455354" lon="18.634351"><ele>334.4</ele></trkpt>
      <trkpt lat="48.455377" lon="18.634331"><ele>334.6</ele></trkpt>
      <trkpt lat="48.455399" lon="18.634302"><ele>335</ele></trkpt>
      <trkpt lat="48.455421" lon="18.634275"><ele>335.4</ele></trkpt>
      <trkpt lat="48.455438" lon="18.63426"><ele>335.4</ele></trkpt>
      <trkpt lat="48.455465" lon="18.634238"><ele>335.2</ele></trkpt>
      <trkpt lat="48.455479" lon="18.634209"><ele>335.2</ele></trkpt>
      <trkpt lat="48.455503" lon="18.63419"><ele>335</ele></trkpt>
      <trkpt lat="48.45553" lon="18.634164"><ele>335.2</ele></trkpt>
      <trkpt lat="48.455543" lon="18.634144"><ele>335</ele></trkpt>
      <trkpt lat="48.455566" lon="18.634111"><ele>334.6</ele></trkpt>
      <trkpt lat="48.455584" lon="18.634083"><ele>334.4</ele></trkpt>
      <trkpt lat="48.455601" lon="18.634062"><ele>334.4</ele></trkpt>
      <trkpt lat="48.455625" lon="18.634032"><ele>334.2</ele></trkpt>
      <trkpt lat="48.455649" lon="18.633997"><ele>334</ele></trkpt>
      <trkpt lat="48.455668" lon="18.633969"><ele>333.8</ele></trkpt>
      <trkpt lat="48.45569" lon="18.633942"><ele>333.2</ele></trkpt>
      <trkpt lat="48.455711" lon="18.633911"><ele>333.2</ele></trkpt>
      <trkpt lat="48.455735" lon="18.63388"><ele>333</ele></trkpt>
      <trkpt lat="48.455755" lon="18.633859"><ele>333</ele></trkpt>
      <trkpt lat="48.455781" lon="18.633831"><ele>333</ele></trkpt>
      <trkpt lat="48.455804" lon="18.633806"><ele>333</ele></trkpt>
      <trkpt lat="48.455823" lon="18.633778"><ele>333</ele></trkpt>
      <trkpt lat="48.455847" lon="18.633752"><ele>332.6</ele></trkpt>
      <trkpt lat="48.455868" lon="18.633729"><ele>332.8</ele></trkpt>
      <trkpt lat="48.455892" lon="18.633707"><ele>332.8</ele></trkpt>
      <trkpt lat="48.455912" lon="18.633673"><ele>332</ele></trkpt>
      <trkpt lat="48.455943" lon="18.633628"><ele>331.4</ele></trkpt>
      <trkpt lat="48.455964" lon="18.633592"><ele>331.2</ele></trkpt>
      <trkpt lat="48.455987" lon="18.633557"><ele>330.8</ele></trkpt>
      <trkpt lat="48.456005" lon="18.633528"><ele>330.6</ele></trkpt>
      <trkpt lat="48.45603" lon="18.633496"><ele>330.6</ele></trkpt>
      <trkpt lat="48.456054" lon="18.633464"><ele>330.4</ele></trkpt>
      <trkpt lat="48.456074" lon="18.633436"><ele>330.2</ele></trkpt>
      <trkpt lat="48.456096" lon="18.633404"><ele>330.2</ele></trkpt>
      <trkpt lat="48.456115" lon="18.633376"><ele>330</ele></trkpt>
      <trkpt lat="48.456137" lon="18.633352"><ele>329.8</ele></trkpt>
      <trkpt lat="48.456156" lon="18.633324"><ele>329.6</ele></trkpt>
      <trkpt lat="48.456176" lon="18.633295"><ele>329.4</ele></trkpt>
      <trkpt lat="48.456198" lon="18.63326"><ele>329.4</ele></trkpt>
      <trkpt lat="48.456214" lon="18.633224"><ele>329.4</ele></trkpt>
      <trkpt lat="48.456235" lon="18.633188"><ele>329.4</ele></trkpt>
      <trkpt lat="48.456252" lon="18.633157"><ele>329.4</ele></trkpt>
      <trkpt lat="48.456269" lon="18.633123"><ele>329.2</ele></trkpt>
      <trkpt lat="48.456287" lon="18.633087"><ele>329.4</ele></trkpt>
      <trkpt lat="48.4563" lon="18.633058"><ele>329.4</ele></trkpt>
      <trkpt lat="48.456321" lon="18.633038"><ele>329.8</ele></trkpt>
      <trkpt lat="48.45634" lon="18.633015"><ele>329.8</ele></trkpt>
      <trkpt lat="48.456356" lon="18.632994"><ele>329.6</ele></trkpt>
      <trkpt lat="48.456378" lon="18.632967"><ele>329.6</ele></trkpt>
      <trkpt lat="48.456401" lon="18.632944"><ele>329.6</ele></trkpt>
      <trkpt lat="48.456425" lon="18.632926"><ele>329.2</ele></trkpt>
      <trkpt lat="48.456444" lon="18.632907"><ele>328.8</ele></trkpt>
      <trkpt lat="48.456463" lon="18.632884"><ele>328.6</ele></trkpt>
      <trkpt lat="48.45648" lon="18.632852"><ele>328.4</ele></trkpt>
      <trkpt lat="48.456495" lon="18.632822"><ele>328.6</ele></trkpt>
      <trkpt lat="48.456512" lon="18.632787"><ele>328.6</ele></trkpt>
      <trkpt lat="48.456529" lon="18.632755"><ele>328.4</ele></trkpt>
      <trkpt lat="48.456545" lon="18.632724"><ele>328.2</ele></trkpt>
      <trkpt lat="48.456563" lon="18.632692"><ele>328</ele></trkpt>
      <trkpt lat="48.456577" lon="18.632659"><ele>328.2</ele></trkpt>
      <trkpt lat="48.456593" lon="18.632623"><ele>328</ele></trkpt>
      <trkpt lat="48.45661" lon="18.632587"><ele>327.8</ele></trkpt>
      <trkpt lat="48.456626" lon="18.632555"><ele>327.4</ele></trkpt>
      <trkpt lat="48.456643" lon="18.63252"><ele>327.4</ele></trkpt>
      <trkpt lat="48.456657" lon="18.632486"><ele>327.2</ele></trkpt>
      <trkpt lat="48.456669" lon="18.632459"><ele>327</ele></trkpt>
      <trkpt lat="48.45669" lon="18.632416"><ele>326.8</ele></trkpt>
      <trkpt lat="48.456706" lon="18.632382"><ele>326.8</ele></trkpt>
      <trkpt lat="48.456726" lon="18.632345"><ele>326.8</ele></trkpt>
      <trkpt lat="48.456741" lon="18.632311"><ele>326.8</ele></trkpt>
      <trkpt lat="48.456758" lon="18.632275"><ele>327</ele></trkpt>
      <trkpt lat="48.456774" lon="18.632239"><ele>327.2</ele></trkpt>
      <trkpt lat="48.456789" lon="18.632206"><ele>327.4</ele></trkpt>
      <trkpt lat="48.456808" lon="18.632167"><ele>327.6</ele></trkpt>
      <trkpt lat="48.456823" lon="18.632133"><ele>327.8</ele></trkpt>
      <trkpt lat="48.456839" lon="18.632102"><ele>328</ele></trkpt>
      <trkpt lat="48.456859" lon="18.632074"><ele>328.2</ele></trkpt>
      <trkpt lat="48.456874" lon="18.632048"><ele>328.2</ele></trkpt>
      <trkpt lat="48.456892" lon="18.632013"><ele>328.4</ele></trkpt>
      <trkpt lat="48.456911" lon="18.63198"><ele>328.6</ele></trkpt>
      <trkpt lat="48.456926" lon="18.631946"><ele>328.6</ele></trkpt>
      <trkpt lat="48.456944" lon="18.631911"><ele>328.8</ele></trkpt>
      <trkpt lat="48.456959" lon="18.63188"><ele>329</ele></trkpt>
      <trkpt lat="48.456977" lon="18.631848"><ele>329</ele></trkpt>
      <trkpt lat="48.456999" lon="18.631821"><ele>329</ele></trkpt>
      <trkpt lat="48.457019" lon="18.631792"><ele>329.2</ele></trkpt>
      <trkpt lat="48.457037" lon="18.631758"><ele>329.4</ele></trkpt>
      <trkpt lat="48.457051" lon="18.631726"><ele>329.4</ele></trkpt>
      <trkpt lat="48.457068" lon="18.631694"><ele>329.4</ele></trkpt>
      <trkpt lat="48.457085" lon="18.631666"><ele>329.6</ele></trkpt>
      <trkpt lat="48.457099" lon="18.631632"><ele>329.8</ele></trkpt>
      <trkpt lat="48.457114" lon="18.631595"><ele>330</ele></trkpt>
      <trkpt lat="48.457128" lon="18.631563"><ele>330.2</ele></trkpt>
      <trkpt lat="48.457148" lon="18.631531"><ele>330.2</ele></trkpt>
      <trkpt lat="48.457164" lon="18.6315"><ele>330.4</ele></trkpt>
      <trkpt lat="48.457175" lon="18.631466"><ele>330.4</ele></trkpt>
      <trkpt lat="48.457168" lon="18.631419"><ele>330.8</ele></trkpt>
      <trkpt lat="48.457155" lon="18.631382"><ele>330.6</ele></trkpt>
      <trkpt lat="48.457137" lon="18.63135"><ele>330.4</ele></trkpt>
      <trkpt lat="48.457118" lon="18.631317"><ele>330.2</ele></trkpt>
      <trkpt lat="48.457095" lon="18.631286"><ele>330.4</ele></trkpt>
      <trkpt lat="48.457072" lon="18.631253"><ele>330.4</ele></trkpt>
      <trkpt lat="48.45705" lon="18.631221"><ele>330.2</ele></trkpt>
      <trkpt lat="48.457025" lon="18.631189"><ele>330.2</ele></trkpt>
      <trkpt lat="48.457004" lon="18.631149"><ele>330.2</ele></trkpt>
      <trkpt lat="48.456984" lon="18.631111"><ele>330.4</ele></trkpt>
      <trkpt lat="48.45697" lon="18.631067"><ele>330.4</ele></trkpt>
      <trkpt lat="48.456964" lon="18.631025"><ele>330.6</ele></trkpt>
      <trkpt lat="48.456967" lon="18.630979"><ele>330.8</ele></trkpt>
      <trkpt lat="48.456978" lon="18.630943"><ele>331.2</ele></trkpt>
      <trkpt lat="48.456995" lon="18.63092"><ele>331.2</ele></trkpt>
      <trkpt lat="48.457018" lon="18.630894"><ele>331.4</ele></trkpt>
      <trkpt lat="48.45704" lon="18.630871"><ele>331.4</ele></trkpt>
      <trkpt lat="48.457064" lon="18.630847"><ele>331.6</ele></trkpt>
      <trkpt lat="48.45709" lon="18.630825"><ele>331.8</ele></trkpt>
      <trkpt lat="48.457117" lon="18.630805"><ele>332</ele></trkpt>
      <trkpt lat="48.457144" lon="18.630785"><ele>332.2</ele></trkpt>
      <trkpt lat="48.457168" lon="18.630764"><ele>332.4</ele></trkpt>
      <trkpt lat="48.457191" lon="18.630755"><ele>332.6</ele></trkpt>
      <trkpt lat="48.457216" lon="18.630747"><ele>332.8</ele></trkpt>
      <trkpt lat="48.457245" lon="18.630727"><ele>333</ele></trkpt>
      <trkpt lat="48.457265" lon="18.6307"><ele>332.8</ele></trkpt>
      <trkpt lat="48.457287" lon="18.630681"><ele>332.8</ele></trkpt>
      <trkpt lat="48.457312" lon="18.630659"><ele>332.8</ele></trkpt>
      <trkpt lat="48.457338" lon="18.630638"><ele>332.8</ele></trkpt>
      <trkpt lat="48.457357" lon="18.630624"><ele>332.4</ele></trkpt>
      <trkpt lat="48.457389" lon="18.630594"><ele>332</ele></trkpt>
      <trkpt lat="48.45741" lon="18.630564"><ele>332</ele></trkpt>
      <trkpt lat="48.457429" lon="18.630536"><ele>331.8</ele></trkpt>
      <trkpt lat="48.457451" lon="18.630512"><ele>331.8</ele></trkpt>
      <trkpt lat="48.45748" lon="18.630494"><ele>331.8</ele></trkpt>
      <trkpt lat="48.457504" lon="18.630471"><ele>331.8</ele></trkpt>
      <trkpt lat="48.457531" lon="18.630446"><ele>331.8</ele></trkpt>
      <trkpt lat="48.457562" lon="18.630422"><ele>331.6</ele></trkpt>
      <trkpt lat="48.457586" lon="18.630396"><ele>331.6</ele></trkpt>
      <trkpt lat="48.457607" lon="18.630371"><ele>331.8</ele></trkpt>
      <trkpt lat="48.457629" lon="18.630346"><ele>331.8</ele></trkpt>
      <trkpt lat="48.457651" lon="18.630324"><ele>331.8</ele></trkpt>
      <trkpt lat="48.457677" lon="18.6303"><ele>331.6</ele></trkpt>
      <trkpt lat="48.457702" lon="18.630272"><ele>331.8</ele></trkpt>
      <trkpt lat="48.457726" lon="18.630247"><ele>331.6</ele></trkpt>
      <trkpt lat="48.457748" lon="18.630223"><ele>331.6</ele></trkpt>
      <trkpt lat="48.457771" lon="18.6302"><ele>331.6</ele></trkpt>
      <trkpt lat="48.457794" lon="18.630174"><ele>331.6</ele></trkpt>
      <trkpt lat="48.457817" lon="18.630146"><ele>331.8</ele></trkpt>
      <trkpt lat="48.457843" lon="18.630117"><ele>331.8</ele></trkpt>
      <trkpt lat="48.457864" lon="18.630088"><ele>331.8</ele></trkpt>
      <trkpt lat="48.457886" lon="18.630064"><ele>332</ele></trkpt>
      <trkpt lat="48.457912" lon="18.630035"><ele>332</ele></trkpt>
      <trkpt lat="48.457935" lon="18.630007"><ele>332.2</ele></trkpt>
      <trkpt lat="48.457962" lon="18.629985"><ele>332.4</ele></trkpt>
      <trkpt lat="48.457985" lon="18.629959"><ele>332.6</ele></trkpt>
      <trkpt lat="48.458005" lon="18.629929"><ele>332.6</ele></trkpt>
      <trkpt lat="48.458025" lon="18.629899"><ele>332.8</ele></trkpt>
      <trkpt lat="48.458047" lon="18.629873"><ele>333</ele></trkpt>
      <trkpt lat="48.458067" lon="18.629849"><ele>333</ele></trkpt>
      <trkpt lat="48.45809" lon="18.629829"><ele>333</ele></trkpt>
      <trkpt lat="48.458112" lon="18.629807"><ele>333.2</ele></trkpt>
      <trkpt lat="48.458133" lon="18.629781"><ele>333.2</ele></trkpt>
      <trkpt lat="48.458157" lon="18.629758"><ele>333.6</ele></trkpt>
      <trkpt lat="48.458181" lon="18.629732"><ele>333.8</ele></trkpt>
      <trkpt lat="48.4582" lon="18.629703"><ele>334</ele></trkpt>
      <trkpt lat="48.458219" lon="18.629676"><ele>334.2</ele></trkpt>
      <trkpt lat="48.458246" lon="18.629654"><ele>334</ele></trkpt>
      <trkpt lat="48.458265" lon="18.62963"><ele>333.8</ele></trkpt>
      <trkpt lat="48.458282" lon="18.629605"><ele>333.8</ele></trkpt>
      <trkpt lat="48.458293" lon="18.629574"><ele>334</ele></trkpt>
      <trkpt lat="48.458309" lon="18.629548"><ele>334.2</ele></trkpt>
      <trkpt lat="48.458326" lon="18.629519"><ele>334.4</ele></trkpt>
      <trkpt lat="48.458342" lon="18.629489"><ele>334.6</ele></trkpt>
      <trkpt lat="48.458358" lon="18.629455"><ele>334.8</ele></trkpt>
      <trkpt lat="48.458376" lon="18.629419"><ele>335.2</ele></trkpt>
      <trkpt lat="48.458391" lon="18.629392"><ele>335.4</ele></trkpt>
      <trkpt lat="48.458409" lon="18.629364"><ele>335.6</ele></trkpt>
      <trkpt lat="48.458426" lon="18.629339"><ele>335.4</ele></trkpt>
      <trkpt lat="48.458447" lon="18.629312"><ele>335.6</ele></trkpt>
      <trkpt lat="48.45847" lon="18.629291"><ele>335.6</ele></trkpt>
      <trkpt lat="48.458485" lon="18.629265"><ele>336.2</ele></trkpt>
      <trkpt lat="48.458513" lon="18.629235"><ele>336.2</ele></trkpt>
      <trkpt lat="48.458532" lon="18.629203"><ele>336.6</ele></trkpt>
      <trkpt lat="48.458545" lon="18.629167"><ele>336.8</ele></trkpt>
      <trkpt lat="48.45857" lon="18.629136"><ele>336.6</ele></trkpt>
      <trkpt lat="48.458588" lon="18.629106"><ele>336.8</ele></trkpt>
      <trkpt lat="48.458613" lon="18.629076"><ele>336.8</ele></trkpt>
      <trkpt lat="48.458636" lon="18.629047"><ele>336.8</ele></trkpt>
      <trkpt lat="48.458655" lon="18.629017"><ele>336.6</ele></trkpt>
      <trkpt lat="48.458674" lon="18.628985"><ele>336.8</ele></trkpt>
      <trkpt lat="48.458691" lon="18.628955"><ele>337</ele></trkpt>
      <trkpt lat="48.45871" lon="18.628932"><ele>337</ele></trkpt>
      <trkpt lat="48.458731" lon="18.628914"><ele>337</ele></trkpt>
      <trkpt lat="48.458748" lon="18.628892"><ele>337</ele></trkpt>
      <trkpt lat="48.458771" lon="18.628873"><ele>337.2</ele></trkpt>
      <trkpt lat="48.458793" lon="18.628853"><ele>337.4</ele></trkpt>
      <trkpt lat="48.458819" lon="18.628832"><ele>337.8</ele></trkpt>
      <trkpt lat="48.458839" lon="18.628811"><ele>337.8</ele></trkpt>
      <trkpt lat="48.458857" lon="18.628786"><ele>338</ele></trkpt>
      <trkpt lat="48.458874" lon="18.628758"><ele>338.2</ele></trkpt>
      <trkpt lat="48.458892" lon="18.628734"><ele>338</ele></trkpt>
      <trkpt lat="48.458911" lon="18.628711"><ele>338.2</ele></trkpt>
      <trkpt lat="48.458926" lon="18.628686"><ele>338.6</ele></trkpt>
      <trkpt lat="48.458941" lon="18.62866"><ele>338.8</ele></trkpt>
      <trkpt lat="48.458958" lon="18.628634"><ele>339</ele></trkpt>
      <trkpt lat="48.458976" lon="18.628608"><ele>339.4</ele></trkpt>
      <trkpt lat="48.458984" lon="18.62858"><ele>339.4</ele></trkpt>
      <trkpt lat="48.459006" lon="18.628551"><ele>339.4</ele></trkpt>
      <trkpt lat="48.459035" lon="18.628525"><ele>339.4</ele></trkpt>
      <trkpt lat="48.459051" lon="18.628493"><ele>339.8</ele></trkpt>
      <trkpt lat="48.459064" lon="18.628448"><ele>340</ele></trkpt>
      <trkpt lat="48.459082" lon="18.628416"><ele>340.4</ele></trkpt>
      <trkpt lat="48.459096" lon="18.628394"><ele>340.6</ele></trkpt>
      <trkpt lat="48.459117" lon="18.62837"><ele>340.6</ele></trkpt>
      <trkpt lat="48.459136" lon="18.628346"><ele>340.8</ele></trkpt>
      <trkpt lat="48.459155" lon="18.628319"><ele>340.6</ele></trkpt>
      <trkpt lat="48.459169" lon="18.628289"><ele>340.8</ele></trkpt>
      <trkpt lat="48.459183" lon="18.62826"><ele>340.8</ele></trkpt>
      <trkpt lat="48.459202" lon="18.628234"><ele>340.8</ele></trkpt>
      <trkpt lat="48.45922" lon="18.628209"><ele>340.8</ele></trkpt>
      <trkpt lat="48.459235" lon="18.628184"><ele>340.8</ele></trkpt>
      <trkpt lat="48.459254" lon="18.628156"><ele>341</ele></trkpt>
      <trkpt lat="48.459272" lon="18.628127"><ele>341.4</ele></trkpt>
      <trkpt lat="48.459292" lon="18.628094"><ele>341.8</ele></trkpt>
      <trkpt lat="48.459307" lon="18.628063"><ele>342.4</ele></trkpt>
      <trkpt lat="48.459331" lon="18.628043"><ele>343.2</ele></trkpt>
      <trkpt lat="48.459357" lon="18.628018"><ele>343.6</ele></trkpt>
      <trkpt lat="48.459385" lon="18.627997"><ele>344</ele></trkpt>
      <trkpt lat="48.459413" lon="18.627975"><ele>344.4</ele></trkpt>
      <trkpt lat="48.459441" lon="18.627954"><ele>344.6</ele></trkpt>
      <trkpt lat="48.459463" lon="18.627933"><ele>345</ele></trkpt>
      <trkpt lat="48.459485" lon="18.627907"><ele>345.2</ele></trkpt>
      <trkpt lat="48.459506" lon="18.627882"><ele>345.4</ele></trkpt>
      <trkpt lat="48.459528" lon="18.627858"><ele>345.4</ele></trkpt>
      <trkpt lat="48.459548" lon="18.627835"><ele>345.4</ele></trkpt>
      <trkpt lat="48.459565" lon="18.627813"><ele>345.4</ele></trkpt>
      <trkpt lat="48.459583" lon="18.627791"><ele>345.4</ele></trkpt>
      <trkpt lat="48.459604" lon="18.627767"><ele>345.4</ele></trkpt>
      <trkpt lat="48.459634" lon="18.627749"><ele>345.8</ele></trkpt>
      <trkpt lat="48.459653" lon="18.627723"><ele>346</ele></trkpt>
      <trkpt lat="48.459674" lon="18.627702"><ele>346</ele></trkpt>
      <trkpt lat="48.459698" lon="18.627684"><ele>346.2</ele></trkpt>
      <trkpt lat="48.459723" lon="18.627674"><ele>346</ele></trkpt>
      <trkpt lat="48.459748" lon="18.62766"><ele>346</ele></trkpt>
      <trkpt lat="48.459771" lon="18.627643"><ele>346.2</ele></trkpt>
      <trkpt lat="48.459791" lon="18.627627"><ele>346</ele></trkpt>
      <trkpt lat="48.459806" lon="18.627604"><ele>345.8</ele></trkpt>
      <trkpt lat="48.459824" lon="18.627586"><ele>345.6</ele></trkpt>
      <trkpt lat="48.459841" lon="18.627568"><ele>345.8</ele></trkpt>
      <trkpt lat="48.459868" lon="18.627546"><ele>345.8</ele></trkpt>
      <trkpt lat="48.459891" lon="18.627529"><ele>345.8</ele></trkpt>
      <trkpt lat="48.45991" lon="18.62751"><ele>345.6</ele></trkpt>
      <trkpt lat="48.459926" lon="18.62749"><ele>345.8</ele></trkpt>
      <trkpt lat="48.459942" lon="18.627466"><ele>345.8</ele></trkpt>
      <trkpt lat="48.459958" lon="18.62745"><ele>346</ele></trkpt>
      <trkpt lat="48.459975" lon="18.627432"><ele>346.4</ele></trkpt>
      <trkpt lat="48.459996" lon="18.627405"><ele>346.4</ele></trkpt>
      <trkpt lat="48.460016" lon="18.627379"><ele>346.2</ele></trkpt>
      <trkpt lat="48.460034" lon="18.627352"><ele>346.4</ele></trkpt>
      <trkpt lat="48.460052" lon="18.627328"><ele>346.6</ele></trkpt>
      <trkpt lat="48.460074" lon="18.627305"><ele>346.6</ele></trkpt>
      <trkpt lat="48.460088" lon="18.627277"><ele>346.4</ele></trkpt>
      <trkpt lat="48.4601" lon="18.627251"><ele>346.6</ele></trkpt>
      <trkpt lat="48.460121" lon="18.627225"><ele>346.8</ele></trkpt>
      <trkpt lat="48.460137" lon="18.627202"><ele>346.6</ele></trkpt>
      <trkpt lat="48.460144" lon="18.627176"><ele>346.4</ele></trkpt>
      <trkpt lat="48.460157" lon="18.627143"><ele>346.4</ele></trkpt>
      <trkpt lat="48.46017" lon="18.627112"><ele>346.6</ele></trkpt>
      <trkpt lat="48.460174" lon="18.627075"><ele>346.8</ele></trkpt>
      <trkpt lat="48.460179" lon="18.627036"><ele>347</ele></trkpt>
      <trkpt lat="48.460194" lon="18.627006"><ele>347</ele></trkpt>
      <trkpt lat="48.460218" lon="18.626979"><ele>347.4</ele></trkpt>
      <trkpt lat="48.460237" lon="18.626953"><ele>347.8</ele></trkpt>
      <trkpt lat="48.460242" lon="18.62692"><ele>347.8</ele></trkpt>
      <trkpt lat="48.460257" lon="18.626886"><ele>348</ele></trkpt>
      <trkpt lat="48.460267" lon="18.626854"><ele>348.2</ele></trkpt>
      <trkpt lat="48.460267" lon="18.62681"><ele>348.6</ele></trkpt>
      <trkpt lat="48.460269" lon="18.626773"><ele>348.6</ele></trkpt>
      <trkpt lat="48.460272" lon="18.626741"><ele>349</ele></trkpt>
      <trkpt lat="48.46028" lon="18.626709"><ele>349.2</ele></trkpt>
      <trkpt lat="48.460294" lon="18.626685"><ele>349.4</ele></trkpt>
      <trkpt lat="48.460316" lon="18.626661"><ele>349.6</ele></trkpt>
      <trkpt lat="48.460329" lon="18.626633"><ele>350</ele></trkpt>
      <trkpt lat="48.460339" lon="18.626602"><ele>350.2</ele></trkpt>
      <trkpt lat="48.460347" lon="18.626576"><ele>350.6</ele></trkpt>
      <trkpt lat="48.460343" lon="18.626548"><ele>350.6</ele></trkpt>
      <trkpt lat="48.460335" lon="18.626509"><ele>351</ele></trkpt>
      <trkpt lat="48.460331" lon="18.626471"><ele>351</ele></trkpt>
      <trkpt lat="48.46033" lon="18.626437"><ele>351</ele></trkpt>
      <trkpt lat="48.460316" lon="18.626396"><ele>351</ele></trkpt>
      <trkpt lat="48.460315" lon="18.626373"><ele>350.8</ele></trkpt>
      <trkpt lat="48.460309" lon="18.626338"><ele>350.8</ele></trkpt>
      <trkpt lat="48.460301" lon="18.626308"><ele>351</ele></trkpt>
      <trkpt lat="48.460297" lon="18.626269"><ele>351.4</ele></trkpt>
      <trkpt lat="48.460305" lon="18.626244"><ele>351.8</ele></trkpt>
      <trkpt lat="48.460309" lon="18.62621"><ele>352</ele></trkpt>
      <trkpt lat="48.46032" lon="18.62618"><ele>352.4</ele></trkpt>
      <trkpt lat="48.460318" lon="18.626149"><ele>352.6</ele></trkpt>
      <trkpt lat="48.460316" lon="18.626125"><ele>352.6</ele></trkpt>
      <trkpt lat="48.46032" lon="18.626091"><ele>352.4</ele></trkpt>
      <trkpt lat="48.460309" lon="18.626045"><ele>352.2</ele></trkpt>
      <trkpt lat="48.460285" lon="18.626005"><ele>352.4</ele></trkpt>
      <trkpt lat="48.460276" lon="18.625974"><ele>352.6</ele></trkpt>
      <trkpt lat="48.460276" lon="18.625935"><ele>352.8</ele></trkpt>
      <trkpt lat="48.460277" lon="18.625895"><ele>353.2</ele></trkpt>
      <trkpt lat="48.46028" lon="18.625864"><ele>353.6</ele></trkpt>
      <trkpt lat="48.460278" lon="18.625831"><ele>353.8</ele></trkpt>
      <trkpt lat="48.460278" lon="18.625799"><ele>354.2</ele></trkpt>
      <trkpt lat="48.46027" lon="18.625766"><ele>354.6</ele></trkpt>
      <trkpt lat="48.460265" lon="18.625725"><ele>355</ele></trkpt>
      <trkpt lat="48.460268" lon="18.625682"><ele>355.4</ele></trkpt>
      <trkpt lat="48.460255" lon="18.625622"><ele>355.6</ele></trkpt>
      <trkpt lat="48.460256" lon="18.62559"><ele>355.8</ele></trkpt>
      <trkpt lat="48.460259" lon="18.625561"><ele>356.2</ele></trkpt>
      <trkpt lat="48.460262" lon="18.625535"><ele>356.4</ele></trkpt>
      <trkpt lat="48.460261" lon="18.625508"><ele>356.8</ele></trkpt>
      <trkpt lat="48.460262" lon="18.625479"><ele>357</ele></trkpt>
      <trkpt lat="48.460251" lon="18.625436"><ele>357.6</ele></trkpt>
      <trkpt lat="48.460244" lon="18.6254"><ele>358</ele></trkpt>
      <trkpt lat="48.460245" lon="18.625359"><ele>358.4</ele></trkpt>
      <trkpt lat="48.46025" lon="18.62533"><ele>358.4</ele></trkpt>
      <trkpt lat="48.460248" lon="18.625296"><ele>358.8</ele></trkpt>
      <trkpt lat="48.460242" lon="18.625258"><ele>359.4</ele></trkpt>
      <trkpt lat="48.460233" lon="18.625211"><ele>359.8</ele></trkpt>
      <trkpt lat="48.460236" lon="18.625168"><ele>360.4</ele></trkpt>
      <trkpt lat="48.460236" lon="18.625127"><ele>360.8</ele></trkpt>
      <trkpt lat="48.460236" lon="18.625084"><ele>361.4</ele></trkpt>
      <trkpt lat="48.460242" lon="18.625042"><ele>362.2</ele></trkpt>
      <trkpt lat="48.460249" lon="18.625001"><ele>362.8</ele></trkpt>
      <trkpt lat="48.460262" lon="18.624969"><ele>363.4</ele></trkpt>
      <trkpt lat="48.460279" lon="18.62495"><ele>363.8</ele></trkpt>
      <trkpt lat="48.4603" lon="18.624922"><ele>364.2</ele></trkpt>
      <trkpt lat="48.460312" lon="18.624896"><ele>364.4</ele></trkpt>
      <trkpt lat="48.460314" lon="18.624857"><ele>364.6</ele></trkpt>
      <trkpt lat="48.460323" lon="18.624806"><ele>364.8</ele></trkpt>
      <trkpt lat="48.460331" lon="18.62477"><ele>365</ele></trkpt>
      <trkpt lat="48.460301" lon="18.624725"><ele>365</ele></trkpt>
      <trkpt lat="48.46029" lon="18.624686"><ele>365.2</ele></trkpt>
      <trkpt lat="48.460282" lon="18.624646"><ele>365.4</ele></trkpt>
      <trkpt lat="48.460277" lon="18.624608"><ele>365.4</ele></trkpt>
      <trkpt lat="48.46027" lon="18.624569"><ele>365.4</ele></trkpt>
      <trkpt lat="48.460263" lon="18.624528"><ele>365.4</ele></trkpt>
      <trkpt lat="48.460248" lon="18.62448"><ele>365.2</ele></trkpt>
      <trkpt lat="48.460237" lon="18.624434"><ele>365.2</ele></trkpt>
      <trkpt lat="48.460244" lon="18.6244"><ele>365</ele></trkpt>
      <trkpt lat="48.460248" lon="18.624359"><ele>364.8</ele></trkpt>
      <trkpt lat="48.460265" lon="18.624325"><ele>364.6</ele></trkpt>
      <trkpt lat="48.460272" lon="18.624291"><ele>364.6</ele></trkpt>
      <trkpt lat="48.46028" lon="18.624254"><ele>364.4</ele></trkpt>
      <trkpt lat="48.460289" lon="18.624222"><ele>364.4</ele></trkpt>
      <trkpt lat="48.460298" lon="18.624189"><ele>364.2</ele></trkpt>
      <trkpt lat="48.460309" lon="18.624152"><ele>364.2</ele></trkpt>
      <trkpt lat="48.460319" lon="18.624119"><ele>364.4</ele></trkpt>
      <trkpt lat="48.460334" lon="18.624089"><ele>364.2</ele></trkpt>
      <trkpt lat="48.460344" lon="18.624048"><ele>364.6</ele></trkpt>
      <trkpt lat="48.460351" lon="18.624014"><ele>365</ele></trkpt>
      <trkpt lat="48.460369" lon="18.623994"><ele>365</ele></trkpt>
      <trkpt lat="48.460372" lon="18.623944"><ele>365</ele></trkpt>
      <trkpt lat="48.460371" lon="18.623906"><ele>365</ele></trkpt>
      <trkpt lat="48.46038" lon="18.623881"><ele>364.8</ele></trkpt>
      <trkpt lat="48.460386" lon="18.623847"><ele>364.6</ele></trkpt>
      <trkpt lat="48.460406" lon="18.623815"><ele>364.6</ele></trkpt>
      <trkpt lat="48.460422" lon="18.62379"><ele>364.6</ele></trkpt>
      <trkpt lat="48.460445" lon="18.623765"><ele>364.6</ele></trkpt>
      <trkpt lat="48.460461" lon="18.623743"><ele>364.4</ele></trkpt>
      <trkpt lat="48.460466" lon="18.623707"><ele>364.4</ele></trkpt>
      <trkpt lat="48.46047" lon="18.623671"><ele>364.4</ele></trkpt>
      <trkpt lat="48.460469" lon="18.623635"><ele>364.6</ele></trkpt>
      <trkpt lat="48.460457" lon="18.623599"><ele>364.4</ele></trkpt>
      <trkpt lat="48.460451" lon="18.62356"><ele>364.4</ele></trkpt>
      <trkpt lat="48.460456" lon="18.623525"><ele>364.8</ele></trkpt>
      <trkpt lat="48.460467" lon="18.62349"><ele>364.8</ele></trkpt>
      <trkpt lat="48.460484" lon="18.62346"><ele>364.6</ele></trkpt>
      <trkpt lat="48.460487" lon="18.623443"><ele>364.6</ele></trkpt>
      <trkpt lat="48.460495" lon="18.623413"><ele>365</ele></trkpt>
      <trkpt lat="48.460502" lon="18.623376"><ele>365</ele></trkpt>
      <trkpt lat="48.460526" lon="18.62335"><ele>365.2</ele></trkpt>
      <trkpt lat="48.460529" lon="18.623301"><ele>365.6</ele></trkpt>
      <trkpt lat="48.460532" lon="18.623262"><ele>365.8</ele></trkpt>
      <trkpt lat="48.460539" lon="18.623224"><ele>365.8</ele></trkpt>
      <trkpt lat="48.460548" lon="18.62319"><ele>365.6</ele></trkpt>
      <trkpt lat="48.460537" lon="18.623137"><ele>365.4</ele></trkpt>
      <trkpt lat="48.460546" lon="18.623093"><ele>365.6</ele></trkpt>
      <trkpt lat="48.46055" lon="18.623058"><ele>365.4</ele></trkpt>
      <trkpt lat="48.460556" lon="18.623024"><ele>365.6</ele></trkpt>
      <trkpt lat="48.460565" lon="18.62299"><ele>365.8</ele></trkpt>
      <trkpt lat="48.460576" lon="18.622954"><ele>366.2</ele></trkpt>
      <trkpt lat="48.460578" lon="18.622921"><ele>366.4</ele></trkpt>
      <trkpt lat="48.460583" lon="18.622888"><ele>366.4</ele></trkpt>
      <trkpt lat="48.46059" lon="18.622852"><ele>366.8</ele></trkpt>
      <trkpt lat="48.460598" lon="18.622812"><ele>367.4</ele></trkpt>
      <trkpt lat="48.460614" lon="18.622778"><ele>367.6</ele></trkpt>
      <trkpt lat="48.460618" lon="18.622745"><ele>367.4</ele></trkpt>
      <trkpt lat="48.46063" lon="18.622722"><ele>367.4</ele></trkpt>
      <trkpt lat="48.460636" lon="18.622692"><ele>367.2</ele></trkpt>
      <trkpt lat="48.460633" lon="18.622672"><ele>367.6</ele></trkpt>
      <trkpt lat="48.460638" lon="18.622646"><ele>367.8</ele></trkpt>
      <trkpt lat="48.460645" lon="18.62261"><ele>368.4</ele></trkpt>
      <trkpt lat="48.460649" lon="18.622578"><ele>368.8</ele></trkpt>
      <trkpt lat="48.46065" lon="18.62255"><ele>369.2</ele></trkpt>
      <trkpt lat="48.46066" lon="18.622526"><ele>369.6</ele></trkpt>
      <trkpt lat="48.46066" lon="18.622488"><ele>370</ele></trkpt>
      <trkpt lat="48.460659" lon="18.622466"><ele>370.2</ele></trkpt>
      <trkpt lat="48.460667" lon="18.622438"><ele>370.8</ele></trkpt>
      <trkpt lat="48.460684" lon="18.622409"><ele>371.2</ele></trkpt>
      <trkpt lat="48.460708" lon="18.622377"><ele>371.6</ele></trkpt>
      <trkpt lat="48.460707" lon="18.622343"><ele>372.4</ele></trkpt>
      <trkpt lat="48.460716" lon="18.622314"><ele>373.2</ele></trkpt>
      <trkpt lat="48.460731" lon="18.622273"><ele>373.6</ele></trkpt>
      <trkpt lat="48.460748" lon="18.62225"><ele>374</ele></trkpt>
      <trkpt lat="48.460751" lon="18.622229"><ele>374.4</ele></trkpt>
      <trkpt lat="48.460775" lon="18.622205"><ele>374.8</ele></trkpt>
      <trkpt lat="48.460784" lon="18.622173"><ele>375</ele></trkpt>
      <trkpt lat="48.460796" lon="18.622141"><ele>375.2</ele></trkpt>
      <trkpt lat="48.460792" lon="18.622116"><ele>375.6</ele></trkpt>
      <trkpt lat="48.460792" lon="18.622088"><ele>376</ele></trkpt>
      <trkpt lat="48.460804" lon="18.622052"><ele>376.4</ele></trkpt>
      <trkpt lat="48.460817" lon="18.622015"><ele>376.6</ele></trkpt>
      <trkpt lat="48.46083" lon="18.621975"><ele>376.6</ele></trkpt>
      <trkpt lat="48.460852" lon="18.621931"><ele>376.8</ele></trkpt>
      <trkpt lat="48.460863" lon="18.621899"><ele>377</ele></trkpt>
      <trkpt lat="48.460888" lon="18.621875"><ele>377.6</ele></trkpt>
      <trkpt lat="48.460904" lon="18.621856"><ele>377.6</ele></trkpt>
      <trkpt lat="48.460927" lon="18.621837"><ele>377.8</ele></trkpt>
      <trkpt lat="48.460951" lon="18.621813"><ele>378.6</ele></trkpt>
      <trkpt lat="48.460973" lon="18.621795"><ele>379.2</ele></trkpt>
      <trkpt lat="48.460992" lon="18.62177"><ele>379.6</ele></trkpt>
      <trkpt lat="48.461003" lon="18.621745"><ele>379.8</ele></trkpt>
      <trkpt lat="48.461013" lon="18.621722"><ele>379.8</ele></trkpt>
      <trkpt lat="48.461021" lon="18.621681"><ele>380</ele></trkpt>
      <trkpt lat="48.461035" lon="18.621644"><ele>380.4</ele></trkpt>
      <trkpt lat="48.46105" lon="18.621617"><ele>380.8</ele></trkpt>
      <trkpt lat="48.46105" lon="18.621576"><ele>381.2</ele></trkpt>
      <trkpt lat="48.461063" lon="18.621535"><ele>381</ele></trkpt>
      <trkpt lat="48.461084" lon="18.621504"><ele>381</ele></trkpt>
      <trkpt lat="48.461104" lon="18.621475"><ele>381</ele></trkpt>
      <trkpt lat="48.461116" lon="18.621452"><ele>380.8</ele></trkpt>
      <trkpt lat="48.461128" lon="18.621429"><ele>380.6</ele></trkpt>
      <trkpt lat="48.461138" lon="18.6214"><ele>380.2</ele></trkpt>
      <trkpt lat="48.461148" lon="18.621371"><ele>379.8</ele></trkpt>
      <trkpt lat="48.461151" lon="18.621345"><ele>379.4</ele></trkpt>
      <trkpt lat="48.461172" lon="18.621315"><ele>379.2</ele></trkpt>
      <trkpt lat="48.461193" lon="18.621293"><ele>379</ele></trkpt>
      <trkpt lat="48.461206" lon="18.621268"><ele>379.2</ele></trkpt>
      <trkpt lat="48.461217" lon="18.621239"><ele>379</ele></trkpt>
      <trkpt lat="48.461232" lon="18.621213"><ele>379.2</ele></trkpt>
      <trkpt lat="48.461243" lon="18.621181"><ele>379.2</ele></trkpt>
      <trkpt lat="48.46125" lon="18.621139"><ele>379</ele></trkpt>
      <trkpt lat="48.46127" lon="18.621099"><ele>379</ele></trkpt>
      <trkpt lat="48.461296" lon="18.621068"><ele>379</ele></trkpt>
      <trkpt lat="48.461323" lon="18.621044"><ele>379</ele></trkpt>
      <trkpt lat="48.461338" lon="18.621015"><ele>379.2</ele></trkpt>
      <trkpt lat="48.461347" lon="18.620976"><ele>378.6</ele></trkpt>
      <trkpt lat="48.461368" lon="18.62094"><ele>378.6</ele></trkpt>
      <trkpt lat="48.461388" lon="18.620903"><ele>378.6</ele></trkpt>
      <trkpt lat="48.461411" lon="18.620876"><ele>378.8</ele></trkpt>
      <trkpt lat="48.46143" lon="18.620848"><ele>379</ele></trkpt>
      <trkpt lat="48.461448" lon="18.620822"><ele>379.2</ele></trkpt>
      <trkpt lat="48.461461" lon="18.620794"><ele>378.8</ele></trkpt>
      <trkpt lat="48.461482" lon="18.620765"><ele>378.8</ele></trkpt>
      <trkpt lat="48.461495" lon="18.620741"><ele>378.6</ele></trkpt>
      <trkpt lat="48.461517" lon="18.620719"><ele>378.6</ele></trkpt>
      <trkpt lat="48.461535" lon="18.620692"><ele>378.4</ele></trkpt>
      <trkpt lat="48.461554" lon="18.620661"><ele>378.4</ele></trkpt>
      <trkpt lat="48.461571" lon="18.620635"><ele>378.4</ele></trkpt>
      <trkpt lat="48.461585" lon="18.620611"><ele>378.2</ele></trkpt>
      <trkpt lat="48.461616" lon="18.620594"><ele>378.2</ele></trkpt>
      <trkpt lat="48.46164" lon="18.62058"><ele>378.4</ele></trkpt>
      <trkpt lat="48.461662" lon="18.620564"><ele>378.4</ele></trkpt>
      <trkpt lat="48.461682" lon="18.620549"><ele>378.8</ele></trkpt>
      <trkpt lat="48.461713" lon="18.620531"><ele>379.2</ele></trkpt>
      <trkpt lat="48.461739" lon="18.620505"><ele>379.6</ele></trkpt>
      <trkpt lat="48.46177" lon="18.620484"><ele>380</ele></trkpt>
      <trkpt lat="48.461799" lon="18.620464"><ele>380.6</ele></trkpt>
      <trkpt lat="48.461813" lon="18.620436"><ele>380.8</ele></trkpt>
      <trkpt lat="48.461831" lon="18.62042"><ele>381</ele></trkpt>
      <trkpt lat="48.461855" lon="18.6204"><ele>381.4</ele></trkpt>
      <trkpt lat="48.461883" lon="18.620379"><ele>381.8</ele></trkpt>
      <trkpt lat="48.461902" lon="18.620358"><ele>381.8</ele></trkpt>
      <trkpt lat="48.461918" lon="18.620331"><ele>381.8</ele></trkpt>
      <trkpt lat="48.461938" lon="18.620306"><ele>382</ele></trkpt>
      <trkpt lat="48.461967" lon="18.620283"><ele>382.4</ele></trkpt>
      <trkpt lat="48.461988" lon="18.620263"><ele>382.2</ele></trkpt>
      <trkpt lat="48.462005" lon="18.620236"><ele>382.4</ele></trkpt>
      <trkpt lat="48.462023" lon="18.620206"><ele>382.4</ele></trkpt>
      <trkpt lat="48.462039" lon="18.620177"><ele>382.4</ele></trkpt>
      <trkpt lat="48.462056" lon="18.620144"><ele>382.4</ele></trkpt>
      <trkpt lat="48.462072" lon="18.62012"><ele>382.6</ele></trkpt>
      <trkpt lat="48.462086" lon="18.620098"><ele>382.4</ele></trkpt>
      <trkpt lat="48.462104" lon="18.620067"><ele>382.4</ele></trkpt>
      <trkpt lat="48.462117" lon="18.620034"><ele>382.4</ele></trkpt>
      <trkpt lat="48.462137" lon="18.620001"><ele>382.8</ele></trkpt>
      <trkpt lat="48.462152" lon="18.619969"><ele>383</ele></trkpt>
      <trkpt lat="48.462171" lon="18.61994"><ele>383.4</ele></trkpt>
      <trkpt lat="48.46219" lon="18.619917"><ele>383.6</ele></trkpt>
      <trkpt lat="48.462212" lon="18.619895"><ele>383.4</ele></trkpt>
      <trkpt lat="48.462236" lon="18.619873"><ele>383.4</ele></trkpt>
      <trkpt lat="48.462256" lon="18.619847"><ele>383</ele></trkpt>
      <trkpt lat="48.462272" lon="18.619826"><ele>383</ele></trkpt>
      <trkpt lat="48.462291" lon="18.619806"><ele>382.8</ele></trkpt>
      <trkpt lat="48.462307" lon="18.619784"><ele>383</ele></trkpt>
      <trkpt lat="48.462324" lon="18.619762"><ele>383</ele></trkpt>
      <trkpt lat="48.462344" lon="18.619739"><ele>383.2</ele></trkpt>
      <trkpt lat="48.462367" lon="18.619719"><ele>383.6</ele></trkpt>
      <trkpt lat="48.46239" lon="18.619703"><ele>383.8</ele></trkpt>
      <trkpt lat="48.462417" lon="18.619686"><ele>383.8</ele></trkpt>
      <trkpt lat="48.462443" lon="18.619669"><ele>384</ele></trkpt>
      <trkpt lat="48.462465" lon="18.619649"><ele>384.2</ele></trkpt>
      <trkpt lat="48.462489" lon="18.619631"><ele>384.4</ele></trkpt>
      <trkpt lat="48.462516" lon="18.619615"><ele>384.6</ele></trkpt>
      <trkpt lat="48.462536" lon="18.619597"><ele>384.6</ele></trkpt>
      <trkpt lat="48.462562" lon="18.619576"><ele>385</ele></trkpt>
      <trkpt lat="48.462586" lon="18.61956"><ele>385</ele></trkpt>
      <trkpt lat="48.462609" lon="18.619545"><ele>385.2</ele></trkpt>
      <trkpt lat="48.462632" lon="18.61952"><ele>385.6</ele></trkpt>
      <trkpt lat="48.462651" lon="18.619497"><ele>385.8</ele></trkpt>
      <trkpt lat="48.462673" lon="18.619471"><ele>386</ele></trkpt>
      <trkpt lat="48.462697" lon="18.619452"><ele>386.2</ele></trkpt>
      <trkpt lat="48.462716" lon="18.619434"><ele>386.4</ele></trkpt>
      <trkpt lat="48.462737" lon="18.619414"><ele>386.6</ele></trkpt>
      <trkpt lat="48.462755" lon="18.619391"><ele>387.4</ele></trkpt>
      <trkpt lat="48.462774" lon="18.619366"><ele>387.6</ele></trkpt>
      <trkpt lat="48.46279" lon="18.619342"><ele>388</ele></trkpt>
      <trkpt lat="48.462807" lon="18.619313"><ele>388.2</ele></trkpt>
      <trkpt lat="48.462824" lon="18.61929"><ele>388.4</ele></trkpt>
      <trkpt lat="48.462849" lon="18.61927"><ele>388.6</ele></trkpt>
      <trkpt lat="48.462874" lon="18.619245"><ele>388.6</ele></trkpt>
      <trkpt lat="48.462896" lon="18.619225"><ele>388.4</ele></trkpt>
      <trkpt lat="48.462915" lon="18.6192"><ele>389</ele></trkpt>
      <trkpt lat="48.462937" lon="18.619176"><ele>389.2</ele></trkpt>
      <trkpt lat="48.462959" lon="18.619159"><ele>389.2</ele></trkpt>
      <trkpt lat="48.46298" lon="18.619136"><ele>389.4</ele></trkpt>
      <trkpt lat="48.463002" lon="18.619113"><ele>389.4</ele></trkpt>
      <trkpt lat="48.46302" lon="18.619091"><ele>389.6</ele></trkpt>
      <trkpt lat="48.463042" lon="18.619073"><ele>389.8</ele></trkpt>
      <trkpt lat="48.463061" lon="18.619051"><ele>389.8</ele></trkpt>
      <trkpt lat="48.463079" lon="18.619023"><ele>390.2</ele></trkpt>
      <trkpt lat="48.4631" lon="18.618996"><ele>390.2</ele></trkpt>
      <trkpt lat="48.463118" lon="18.618972"><ele>390.2</ele></trkpt>
      <trkpt lat="48.463137" lon="18.618948"><ele>390.2</ele></trkpt>
      <trkpt lat="48.463156" lon="18.618924"><ele>390.2</ele></trkpt>
      <trkpt lat="48.463173" lon="18.618901"><ele>390.2</ele></trkpt>
      <trkpt lat="48.463191" lon="18.618879"><ele>390.2</ele></trkpt>
      <trkpt lat="48.463209" lon="18.618856"><ele>390.8</ele></trkpt>
      <trkpt lat="48.463224" lon="18.618835"><ele>390.8</ele></trkpt>
      <trkpt lat="48.46324" lon="18.618815"><ele>391</ele></trkpt>
      <trkpt lat="48.463256" lon="18.618799"><ele>391.2</ele></trkpt>
      <trkpt lat="48.463274" lon="18.618781"><ele>391.2</ele></trkpt>
      <trkpt lat="48.463294" lon="18.618762"><ele>391.6</ele></trkpt>
      <trkpt lat="48.463307" lon="18.618739"><ele>391.8</ele></trkpt>
      <trkpt lat="48.463318" lon="18.618717"><ele>391.8</ele></trkpt>
      <trkpt lat="48.463332" lon="18.618695"><ele>392</ele></trkpt>
      <trkpt lat="48.463346" lon="18.618674"><ele>391.8</ele></trkpt>
      <trkpt lat="48.463363" lon="18.618655"><ele>391.8</ele></trkpt>
      <trkpt lat="48.463379" lon="18.618639"><ele>391.8</ele></trkpt>
      <trkpt lat="48.463391" lon="18.618621"><ele>392.2</ele></trkpt>
      <trkpt lat="48.463403" lon="18.618599"><ele>392.2</ele></trkpt>
      <trkpt lat="48.46341" lon="18.618581"><ele>392.4</ele></trkpt>
      <trkpt lat="48.463422" lon="18.618556"><ele>392.2</ele></trkpt>
      <trkpt lat="48.463444" lon="18.618538"><ele>392.2</ele></trkpt>
      <trkpt lat="48.463463" lon="18.618525"><ele>392</ele></trkpt>
      <trkpt lat="48.463479" lon="18.618504"><ele>392.2</ele></trkpt>
      <trkpt lat="48.463502" lon="18.618486"><ele>392.4</ele></trkpt>
      <trkpt lat="48.463519" lon="18.618471"><ele>392.8</ele></trkpt>
      <trkpt lat="48.463537" lon="18.618457"><ele>393</ele></trkpt>
      <trkpt lat="48.463553" lon="18.618432"><ele>393.2</ele></trkpt>
      <trkpt lat="48.463573" lon="18.618412"><ele>393.4</ele></trkpt>
      <trkpt lat="48.463585" lon="18.618385"><ele>393.8</ele></trkpt>
      <trkpt lat="48.463593" lon="18.618366"><ele>393.6</ele></trkpt>
      <trkpt lat="48.463604" lon="18.618338"><ele>393.6</ele></trkpt>
      <trkpt lat="48.463619" lon="18.618304"><ele>393.8</ele></trkpt>
      <trkpt lat="48.463639" lon="18.618281"><ele>393.8</ele></trkpt>
      <trkpt lat="48.463657" lon="18.618262"><ele>394</ele></trkpt>
      <trkpt lat="48.463674" lon="18.618232"><ele>394.4</ele></trkpt>
      <trkpt lat="48.463685" lon="18.618198"><ele>394.8</ele></trkpt>
      <trkpt lat="48.463696" lon="18.618164"><ele>394.8</ele></trkpt>
      <trkpt lat="48.463708" lon="18.618136"><ele>395</ele></trkpt>
      <trkpt lat="48.463726" lon="18.61811"><ele>395.2</ele></trkpt>
      <trkpt lat="48.46374" lon="18.618084"><ele>395.4</ele></trkpt>
      <trkpt lat="48.463758" lon="18.618055"><ele>395.8</ele></trkpt>
      <trkpt lat="48.463782" lon="18.618029"><ele>396</ele></trkpt>
      <trkpt lat="48.463794" lon="18.618"><ele>396.2</ele></trkpt>
      <trkpt lat="48.463797" lon="18.617972"><ele>396.6</ele></trkpt>
      <trkpt lat="48.46381" lon="18.617946"><ele>397</ele></trkpt>
      <trkpt lat="48.463831" lon="18.617921"><ele>397.4</ele></trkpt>
      <trkpt lat="48.463849" lon="18.61789"><ele>397.6</ele></trkpt>
      <trkpt lat="48.463872" lon="18.617861"><ele>397.8</ele></trkpt>
      <trkpt lat="48.463887" lon="18.61783"><ele>397.8</ele></trkpt>
      <trkpt lat="48.463903" lon="18.617799"><ele>397.8</ele></trkpt>
      <trkpt lat="48.463922" lon="18.617772"><ele>398</ele></trkpt>
      <trkpt lat="48.463936" lon="18.617746"><ele>398.4</ele></trkpt>
      <trkpt lat="48.463956" lon="18.617719"><ele>398.6</ele></trkpt>
      <trkpt lat="48.46397" lon="18.61769"><ele>399</ele></trkpt>
      <trkpt lat="48.463986" lon="18.617664"><ele>399.4</ele></trkpt>
      <trkpt lat="48.464" lon="18.617628"><ele>400</ele></trkpt>
      <trkpt lat="48.464008" lon="18.617598"><ele>400.4</ele></trkpt>
      <trkpt lat="48.464014" lon="18.617561"><ele>400.6</ele></trkpt>
      <trkpt lat="48.464025" lon="18.617527"><ele>401</ele></trkpt>
      <trkpt lat="48.464029" lon="18.61749"><ele>401.2</ele></trkpt>
      <trkpt lat="48.464038" lon="18.617458"><ele>401.6</ele></trkpt>
      <trkpt lat="48.464042" lon="18.617416"><ele>402</ele></trkpt>
      <trkpt lat="48.46405" lon="18.617379"><ele>402.4</ele></trkpt>
      <trkpt lat="48.46406" lon="18.617352"><ele>402.8</ele></trkpt>
      <trkpt lat="48.46407" lon="18.617321"><ele>403</ele></trkpt>
      <trkpt lat="48.464082" lon="18.617288"><ele>403.2</ele></trkpt>
      <trkpt lat="48.46409" lon="18.617254"><ele>403.4</ele></trkpt>
      <trkpt lat="48.464102" lon="18.61722"><ele>403.8</ele></trkpt>
      <trkpt lat="48.464108" lon="18.617185"><ele>404</ele></trkpt>
      <trkpt lat="48.464113" lon="18.617151"><ele>404</ele></trkpt>
      <trkpt lat="48.464119" lon="18.617113"><ele>404.2</ele></trkpt>
      <trkpt lat="48.464125" lon="18.617084"><ele>404.2</ele></trkpt>
      <trkpt lat="48.464133" lon="18.617031"><ele>404.6</ele></trkpt>
      <trkpt lat="48.464146" lon="18.616992"><ele>404.8</ele></trkpt>
      <trkpt lat="48.464154" lon="18.61696"><ele>405.2</ele></trkpt>
      <trkpt lat="48.464157" lon="18.616941"><ele>405.4</ele></trkpt>
      <trkpt lat="48.464166" lon="18.616914"><ele>405.6</ele></trkpt>
      <trkpt lat="48.464179" lon="18.616889"><ele>405.6</ele></trkpt>
      <trkpt lat="48.464185" lon="18.616864"><ele>405.4</ele></trkpt>
      <trkpt lat="48.464185" lon="18.616835"><ele>405.4</ele></trkpt>
      <trkpt lat="48.464189" lon="18.616802"><ele>405.6</ele></trkpt>
      <trkpt lat="48.464189" lon="18.616766"><ele>405.8</ele></trkpt>
      <trkpt lat="48.464199" lon="18.616726"><ele>406</ele></trkpt>
      <trkpt lat="48.464205" lon="18.616696"><ele>406.4</ele></trkpt>
      <trkpt lat="48.464207" lon="18.616668"><ele>406.6</ele></trkpt>
      <trkpt lat="48.464213" lon="18.616633"><ele>407</ele></trkpt>
      <trkpt lat="48.4642" lon="18.616592"><ele>407.2</ele></trkpt>
      <trkpt lat="48.46419" lon="18.616555"><ele>407.2</ele></trkpt>
      <trkpt lat="48.464186" lon="18.616522"><ele>407.4</ele></trkpt>
      <trkpt lat="48.464183" lon="18.616488"><ele>407.6</ele></trkpt>
      <trkpt lat="48.464181" lon="18.61646"><ele>407.8</ele></trkpt>
      <trkpt lat="48.464187" lon="18.61644"><ele>408</ele></trkpt>
      <trkpt lat="48.464187" lon="18.616404"><ele>408.6</ele></trkpt>
      <trkpt lat="48.464189" lon="18.616378"><ele>408.8</ele></trkpt>
      <trkpt lat="48.46419" lon="18.616347"><ele>409</ele></trkpt>
      <trkpt lat="48.464189" lon="18.616313"><ele>409.4</ele></trkpt>
      <trkpt lat="48.464178" lon="18.616272"><ele>409.6</ele></trkpt>
      <trkpt lat="48.46417" lon="18.616222"><ele>409.8</ele></trkpt>
      <trkpt lat="48.464165" lon="18.616186"><ele>409.8</ele></trkpt>
      <trkpt lat="48.464161" lon="18.616158"><ele>410</ele></trkpt>
      <trkpt lat="48.464155" lon="18.616129"><ele>410</ele></trkpt>
      <trkpt lat="48.46417" lon="18.616099"><ele>410.4</ele></trkpt>
      <trkpt lat="48.464172" lon="18.616065"><ele>410.4</ele></trkpt>
      <trkpt lat="48.464171" lon="18.616039"><ele>410.8</ele></trkpt>
      <trkpt lat="48.464174" lon="18.616005"><ele>411</ele></trkpt>
      <trkpt lat="48.464177" lon="18.61597"><ele>411.2</ele></trkpt>
      <trkpt lat="48.464177" lon="18.615932"><ele>411.6</ele></trkpt>
      <trkpt lat="48.464179" lon="18.615893"><ele>411.6</ele></trkpt>
      <trkpt lat="48.464189" lon="18.615863"><ele>411.6</ele></trkpt>
      <trkpt lat="48.464198" lon="18.615831"><ele>411.4</ele></trkpt>
      <trkpt lat="48.46421" lon="18.615798"><ele>411.2</ele></trkpt>
      <trkpt lat="48.464222" lon="18.61577"><ele>411.4</ele></trkpt>
      <trkpt lat="48.464226" lon="18.615727"><ele>411.4</ele></trkpt>
      <trkpt lat="48.46422" lon="18.615688"><ele>411.4</ele></trkpt>
      <trkpt lat="48.464213" lon="18.615647"><ele>411.6</ele></trkpt>
      <trkpt lat="48.464223" lon="18.615608"><ele>411.6</ele></trkpt>
      <trkpt lat="48.464235" lon="18.615577"><ele>411.6</ele></trkpt>
      <trkpt lat="48.464246" lon="18.61555"><ele>411.6</ele></trkpt>
      <trkpt lat="48.464255" lon="18.615527"><ele>411.6</ele></trkpt>
      <trkpt lat="48.464262" lon="18.6155"><ele>411.8</ele></trkpt>
      <trkpt lat="48.464262" lon="18.61546"><ele>412.2</ele></trkpt>
      <trkpt lat="48.464269" lon="18.615433"><ele>412.6</ele></trkpt>
      <trkpt lat="48.464285" lon="18.6154"><ele>413</ele></trkpt>
      <trkpt lat="48.464293" lon="18.615368"><ele>413.4</ele></trkpt>
      <trkpt lat="48.464298" lon="18.615331"><ele>413.6</ele></trkpt>
      <trkpt lat="48.4643" lon="18.615287"><ele>414</ele></trkpt>
      <trkpt lat="48.464308" lon="18.615246"><ele>414.2</ele></trkpt>
      <trkpt lat="48.464314" lon="18.615203"><ele>414.6</ele></trkpt>
      <trkpt lat="48.46432" lon="18.615159"><ele>414.6</ele></trkpt>
      <trkpt lat="48.46432" lon="18.615122"><ele>414.8</ele></trkpt>
      <trkpt lat="48.464314" lon="18.615065"><ele>415</ele></trkpt>
      <trkpt lat="48.464311" lon="18.615024"><ele>415.4</ele></trkpt>
      <trkpt lat="48.464291" lon="18.614987"><ele>415.8</ele></trkpt>
      <trkpt lat="48.464268" lon="18.61497"><ele>416</ele></trkpt>
      <trkpt lat="48.46425" lon="18.61497"><ele>416</ele></trkpt>
      <trkpt lat="48.464243" lon="18.61499"><ele>416</ele></trkpt>
      <trkpt lat="48.464231" lon="18.615018"><ele>416.4</ele></trkpt>
      <trkpt lat="48.464217" lon="18.61504"><ele>416.6</ele></trkpt>
      <trkpt lat="48.464209" lon="18.615055"><ele>416.8</ele></trkpt>
      <trkpt lat="48.464206" lon="18.615072"><ele>417</ele></trkpt>
      <trkpt lat="48.464199" lon="18.615094"><ele>417.2</ele></trkpt>
      <trkpt lat="48.464193" lon="18.615111"><ele>417.6</ele></trkpt>
      <trkpt lat="48.464188" lon="18.615141"><ele>417.8</ele></trkpt>
      <trkpt lat="48.464178" lon="18.61517"><ele>418.2</ele></trkpt>
      <trkpt lat="48.464167" lon="18.615199"><ele>418.8</ele></trkpt>
      <trkpt lat="48.464162" lon="18.615211"><ele>418.8</ele></trkpt>
      <trkpt lat="48.464151" lon="18.615227"><ele>419.2</ele></trkpt>
      <trkpt lat="48.464141" lon="18.615249"><ele>419.4</ele></trkpt>
      <trkpt lat="48.46413" lon="18.615266"><ele>419.2</ele></trkpt>
      <trkpt lat="48.464115" lon="18.615268"><ele>419.2</ele></trkpt>
      <trkpt lat="48.4641" lon="18.61527"><ele>419.2</ele></trkpt>
      <trkpt lat="48.464085" lon="18.61528"><ele>419</ele></trkpt>
      <trkpt lat="48.464072" lon="18.615282"><ele>419</ele></trkpt>
      <trkpt lat="48.464061" lon="18.615284"><ele>419</ele></trkpt>
      <trkpt lat="48.464045" lon="18.61529"><ele>419</ele></trkpt>
      <trkpt lat="48.464027" lon="18.615295"><ele>419</ele></trkpt>
      <trkpt lat="48.464009" lon="18.615298"><ele>419.2</ele></trkpt>
      <trkpt lat="48.463992" lon="18.615315"><ele>419.4</ele></trkpt>
      <trkpt lat="48.463978" lon="18.615343"><ele>419.6</ele></trkpt>
      <trkpt lat="48.463959" lon="18.61535"><ele>420</ele></trkpt>
      <trkpt lat="48.463944" lon="18.615368"><ele>420</ele></trkpt>
      <trkpt lat="48.463924" lon="18.615384"><ele>420.2</ele></trkpt>
      <trkpt lat="48.463906" lon="18.6154"><ele>420.2</ele></trkpt>
      <trkpt lat="48.463893" lon="18.615417"><ele>420.2</ele></trkpt>
      <trkpt lat="48.463878" lon="18.61543"><ele>420.2</ele></trkpt>
      <trkpt lat="48.463864" lon="18.615447"><ele>420.4</ele></trkpt>
      <trkpt lat="48.463852" lon="18.615473"><ele>421</ele></trkpt>
      <trkpt lat="48.463837" lon="18.615491"><ele>421.4</ele></trkpt>
      <trkpt lat="48.463822" lon="18.615502"><ele>421.6</ele></trkpt>
      <trkpt lat="48.463806" lon="18.615515"><ele>422</ele></trkpt>
      <trkpt lat="48.463793" lon="18.615532"><ele>422.2</ele></trkpt>
      <trkpt lat="48.463777" lon="18.615543"><ele>422.4</ele></trkpt>
      <trkpt lat="48.463758" lon="18.615557"><ele>422.6</ele></trkpt>
      <trkpt lat="48.463738" lon="18.615568"><ele>422.8</ele></trkpt>
      <trkpt lat="48.463716" lon="18.615579"><ele>423.4</ele></trkpt>
      <trkpt lat="48.463695" lon="18.615587"><ele>424</ele></trkpt>
      <trkpt lat="48.463672" lon="18.61559"><ele>424.2</ele></trkpt>
      <trkpt lat="48.463649" lon="18.615587"><ele>424.8</ele></trkpt>
      <trkpt lat="48.463627" lon="18.615586"><ele>425.4</ele></trkpt>
      <trkpt lat="48.463604" lon="18.615577"><ele>425.2</ele></trkpt>
      <trkpt lat="48.463579" lon="18.615576"><ele>425.2</ele></trkpt>
      <trkpt lat="48.463559" lon="18.615574"><ele>425.4</ele></trkpt>
      <trkpt lat="48.463538" lon="18.615567"><ele>425.6</ele></trkpt>
      <trkpt lat="48.46351" lon="18.615563"><ele>425.6</ele></trkpt>
      <trkpt lat="48.463483" lon="18.615554"><ele>425.6</ele></trkpt>
      <trkpt lat="48.463454" lon="18.615551"><ele>425.6</ele></trkpt>
      <trkpt lat="48.463435" lon="18.615554"><ele>425.8</ele></trkpt>
      <trkpt lat="48.463409" lon="18.615548"><ele>426</ele></trkpt>
      <trkpt lat="48.463377" lon="18.61554"><ele>426.2</ele></trkpt>
      <trkpt lat="48.463354" lon="18.615543"><ele>426.4</ele></trkpt>
      <trkpt lat="48.463321" lon="18.615547"><ele>426.8</ele></trkpt>
      <trkpt lat="48.463296" lon="18.615545"><ele>427.2</ele></trkpt>
      <trkpt lat="48.463272" lon="18.615544"><ele>427.2</ele></trkpt>
      <trkpt lat="48.463246" lon="18.615542"><ele>427.2</ele></trkpt>
      <trkpt lat="48.463219" lon="18.615546"><ele>427.6</ele></trkpt>
      <trkpt lat="48.463199" lon="18.615541"><ele>427.8</ele></trkpt>
      <trkpt lat="48.463178" lon="18.615537"><ele>428.2</ele></trkpt>
      <trkpt lat="48.463154" lon="18.615537"><ele>428.4</ele></trkpt>
      <trkpt lat="48.46313" lon="18.615535"><ele>428.2</ele></trkpt>
      <trkpt lat="48.463099" lon="18.61553"><ele>428</ele></trkpt>
      <trkpt lat="48.463067" lon="18.61553"><ele>428</ele></trkpt>
      <trkpt lat="48.463043" lon="18.615523"><ele>428</ele></trkpt>
      <trkpt lat="48.463002" lon="18.6155"><ele>428.2</ele></trkpt>
      <trkpt lat="48.462973" lon="18.615489"><ele>428.2</ele></trkpt>
      <trkpt lat="48.462943" lon="18.615485"><ele>428.4</ele></trkpt>
      <trkpt lat="48.46291" lon="18.615488"><ele>428.4</ele></trkpt>
      <trkpt lat="48.462884" lon="18.615487"><ele>428.6</ele></trkpt>
      <trkpt lat="48.462857" lon="18.615478"><ele>428.8</ele></trkpt>
      <trkpt lat="48.462827" lon="18.615474"><ele>428.8</ele></trkpt>
      <trkpt lat="48.462798" lon="18.615463"><ele>429</ele></trkpt>
      <trkpt lat="48.462772" lon="18.615461"><ele>428.2</ele></trkpt>
      <trkpt lat="48.462748" lon="18.615462"><ele>428</ele></trkpt>
      <trkpt lat="48.462717" lon="18.615467"><ele>428.2</ele></trkpt>
      <trkpt lat="48.462687" lon="18.615479"><ele>428.2</ele></trkpt>
      <trkpt lat="48.462661" lon="18.615497"><ele>428.4</ele></trkpt>
      <trkpt lat="48.462635" lon="18.615521"><ele>428.4</ele></trkpt>
      <trkpt lat="48.462617" lon="18.615544"><ele>428.4</ele></trkpt>
      <trkpt lat="48.462593" lon="18.615573"><ele>428.2</ele></trkpt>
      <trkpt lat="48.462571" lon="18.615601"><ele>428.2</ele></trkpt>
      <trkpt lat="48.462557" lon="18.615627"><ele>428</ele></trkpt>
      <trkpt lat="48.46254" lon="18.615658"><ele>427.8</ele></trkpt>
      <trkpt lat="48.462524" lon="18.615688"><ele>427.6</ele></trkpt>
      <trkpt lat="48.462506" lon="18.615721"><ele>427.6</ele></trkpt>
      <trkpt lat="48.462489" lon="18.61575"><ele>427.4</ele></trkpt>
      <trkpt lat="48.462473" lon="18.615775"><ele>427.2</ele></trkpt>
      <trkpt lat="48.462459" lon="18.615791"><ele>427.2</ele></trkpt>
      <trkpt lat="48.462434" lon="18.615818"><ele>427.2</ele></trkpt>
      <trkpt lat="48.462411" lon="18.615836"><ele>427.4</ele></trkpt>
      <trkpt lat="48.462388" lon="18.615843"><ele>427.6</ele></trkpt>
      <trkpt lat="48.462369" lon="18.615846"><ele>427.6</ele></trkpt>
      <trkpt lat="48.462346" lon="18.615844"><ele>427.8</ele></trkpt>
      <trkpt lat="48.462328" lon="18.615848"><ele>427.8</ele></trkpt>
      <trkpt lat="48.462306" lon="18.615853"><ele>427.8</ele></trkpt>
      <trkpt lat="48.462285" lon="18.615857"><ele>428</ele></trkpt>
      <trkpt lat="48.462259" lon="18.615861"><ele>428.4</ele></trkpt>
      <trkpt lat="48.462233" lon="18.615868"><ele>428.8</ele></trkpt>
      <trkpt lat="48.462211" lon="18.615875"><ele>429.2</ele></trkpt>
      <trkpt lat="48.462191" lon="18.615879"><ele>430</ele></trkpt>
      <trkpt lat="48.462164" lon="18.61588"><ele>430.8</ele></trkpt>
      <trkpt lat="48.462143" lon="18.615882"><ele>431</ele></trkpt>
      <trkpt lat="48.462121" lon="18.615887"><ele>431.4</ele></trkpt>
      <trkpt lat="48.462101" lon="18.615887"><ele>431.6</ele></trkpt>
      <trkpt lat="48.462078" lon="18.615879"><ele>431.6</ele></trkpt>
      <trkpt lat="48.462056" lon="18.615869"><ele>431.8</ele></trkpt>
      <trkpt lat="48.462031" lon="18.615854"><ele>431.8</ele></trkpt>
      <trkpt lat="48.462006" lon="18.615843"><ele>431.8</ele></trkpt>
      <trkpt lat="48.461984" lon="18.615832"><ele>431.8</ele></trkpt>
      <trkpt lat="48.461957" lon="18.615819"><ele>431.8</ele></trkpt>
      <trkpt lat="48.46193" lon="18.615807"><ele>432</ele></trkpt>
      <trkpt lat="48.461905" lon="18.615794"><ele>432.2</ele></trkpt>
      <trkpt lat="48.461877" lon="18.615778"><ele>432.8</ele></trkpt>
      <trkpt lat="48.461851" lon="18.615766"><ele>433</ele></trkpt>
      <trkpt lat="48.461821" lon="18.615752"><ele>433.2</ele></trkpt>
      <trkpt lat="48.461797" lon="18.615739"><ele>433.4</ele></trkpt>
      <trkpt lat="48.46177" lon="18.615728"><ele>433.6</ele></trkpt>
      <trkpt lat="48.461747" lon="18.615713"><ele>433.6</ele></trkpt>
      <trkpt lat="48.461722" lon="18.615699"><ele>433.8</ele></trkpt>
      <trkpt lat="48.461699" lon="18.615687"><ele>434</ele></trkpt>
      <trkpt lat="48.461677" lon="18.615671"><ele>434.2</ele></trkpt>
      <trkpt lat="48.461653" lon="18.615657"><ele>434.4</ele></trkpt>
      <trkpt lat="48.461631" lon="18.615645"><ele>434.6</ele></trkpt>
      <trkpt lat="48.461612" lon="18.615632"><ele>434.8</ele></trkpt>
      <trkpt lat="48.461588" lon="18.61562"><ele>435.2</ele></trkpt>
      <trkpt lat="48.461557" lon="18.615606"><ele>435.4</ele></trkpt>
      <trkpt lat="48.461531" lon="18.615595"><ele>435.2</ele></trkpt>
      <trkpt lat="48.46151" lon="18.615585"><ele>435</ele></trkpt>
      <trkpt lat="48.461486" lon="18.615574"><ele>435.2</ele></trkpt>
      <trkpt lat="48.461464" lon="18.615561"><ele>435.2</ele></trkpt>
      <trkpt lat="48.461439" lon="18.615548"><ele>435.2</ele></trkpt>
      <trkpt lat="48.461413" lon="18.615532"><ele>435.2</ele></trkpt>
      <trkpt lat="48.461387" lon="18.61551"><ele>435.6</ele></trkpt>
      <trkpt lat="48.461363" lon="18.615491"><ele>435.8</ele></trkpt>
      <trkpt lat="48.461333" lon="18.615471"><ele>435.8</ele></trkpt>
      <trkpt lat="48.461308" lon="18.615452"><ele>436</ele></trkpt>
      <trkpt lat="48.461282" lon="18.615436"><ele>436</ele></trkpt>
      <trkpt lat="48.461258" lon="18.615411"><ele>435.8</ele></trkpt>
      <trkpt lat="48.461237" lon="18.61539"><ele>435.6</ele></trkpt>
      <trkpt lat="48.461216" lon="18.615363"><ele>435.4</ele></trkpt>
      <trkpt lat="48.461193" lon="18.615335"><ele>435.4</ele></trkpt>
      <trkpt lat="48.461171" lon="18.615313"><ele>435.4</ele></trkpt>
      <trkpt lat="48.461147" lon="18.615282"><ele>435.4</ele></trkpt>
      <trkpt lat="48.461125" lon="18.615257"><ele>435.2</ele></trkpt>
      <trkpt lat="48.461103" lon="18.615229"><ele>435.2</ele></trkpt>
      <trkpt lat="48.461077" lon="18.615198"><ele>435.4</ele></trkpt>
      <trkpt lat="48.461055" lon="18.615175"><ele>435.4</ele></trkpt>
      <trkpt lat="48.461035" lon="18.615151"><ele>435</ele></trkpt>
      <trkpt lat="48.461017" lon="18.615125"><ele>435</ele></trkpt>
      <trkpt lat="48.460997" lon="18.6151"><ele>435</ele></trkpt>
      <trkpt lat="48.460974" lon="18.615073"><ele>435</ele></trkpt>
      <trkpt lat="48.460952" lon="18.615051"><ele>434.6</ele></trkpt>
      <trkpt lat="48.46093" lon="18.615033"><ele>434.6</ele></trkpt>
      <trkpt lat="48.460909" lon="18.615017"><ele>434.4</ele></trkpt>
      <trkpt lat="48.460884" lon="18.615001"><ele>434.2</ele></trkpt>
      <trkpt lat="48.460855" lon="18.614987"><ele>434</ele></trkpt>
      <trkpt lat="48.460827" lon="18.614973"><ele>433.8</ele></trkpt>
      <trkpt lat="48.4608" lon="18.614964"><ele>433.8</ele></trkpt>
      <trkpt lat="48.460773" lon="18.614951"><ele>433.8</ele></trkpt>
      <trkpt lat="48.460746" lon="18.614944"><ele>433.6</ele></trkpt>
      <trkpt lat="48.460719" lon="18.614942"><ele>433.4</ele></trkpt>
      <trkpt lat="48.460693" lon="18.614943"><ele>433.4</ele></trkpt>
      <trkpt lat="48.460664" lon="18.614947"><ele>433.4</ele></trkpt>
      <trkpt lat="48.460636" lon="18.614953"><ele>433.2</ele></trkpt>
      <trkpt lat="48.460605" lon="18.614957"><ele>433</ele></trkpt>
      <trkpt lat="48.460577" lon="18.614962"><ele>432.6</ele></trkpt>
      <trkpt lat="48.460545" lon="18.614973"><ele>432.6</ele></trkpt>
      <trkpt lat="48.460515" lon="18.61499"><ele>432.2</ele></trkpt>
      <trkpt lat="48.460489" lon="18.615003"><ele>431.8</ele></trkpt>
      <trkpt lat="48.460462" lon="18.615026"><ele>431.6</ele></trkpt>
      <trkpt lat="48.460435" lon="18.615041"><ele>431.6</ele></trkpt>
      <trkpt lat="48.460407" lon="18.615058"><ele>431.6</ele></trkpt>
      <trkpt lat="48.460382" lon="18.615074"><ele>431.2</ele></trkpt>
      <trkpt lat="48.460357" lon="18.615095"><ele>431</ele></trkpt>
      <trkpt lat="48.46033" lon="18.615118"><ele>431</ele></trkpt>
      <trkpt lat="48.460306" lon="18.615137"><ele>431</ele></trkpt>
      <trkpt lat="48.460278" lon="18.615152"><ele>430.8</ele></trkpt>
      <trkpt lat="48.460254" lon="18.61517"><ele>430.6</ele></trkpt>
      <trkpt lat="48.46023" lon="18.615192"><ele>430.4</ele></trkpt>
      <trkpt lat="48.460202" lon="18.61522"><ele>430.4</ele></trkpt>
      <trkpt lat="48.460179" lon="18.615247"><ele>430.4</ele></trkpt>
      <trkpt lat="48.460151" lon="18.61527"><ele>430.4</ele></trkpt>
      <trkpt lat="48.460124" lon="18.615291"><ele>430.8</ele></trkpt>
      <trkpt lat="48.460098" lon="18.615309"><ele>430.8</ele></trkpt>
      <trkpt lat="48.460074" lon="18.615335"><ele>430.6</ele></trkpt>
      <trkpt lat="48.46005" lon="18.615358"><ele>430.2</ele></trkpt>
      <trkpt lat="48.460028" lon="18.615376"><ele>430</ele></trkpt>
      <trkpt lat="48.46" lon="18.615395"><ele>429.8</ele></trkpt>
      <trkpt lat="48.459977" lon="18.615408"><ele>429.4</ele></trkpt>
      <trkpt lat="48.45995" lon="18.615421"><ele>429.2</ele></trkpt>
      <trkpt lat="48.459922" lon="18.61543"><ele>428.8</ele></trkpt>
      <trkpt lat="48.459896" lon="18.615442"><ele>428.6</ele></trkpt>
      <trkpt lat="48.459869" lon="18.61545"><ele>428.4</ele></trkpt>
      <trkpt lat="48.459846" lon="18.615458"><ele>428.2</ele></trkpt>
      <trkpt lat="48.459819" lon="18.615464"><ele>428</ele></trkpt>
      <trkpt lat="48.459802" lon="18.615459"><ele>427.6</ele></trkpt>
      <trkpt lat="48.459787" lon="18.615457"><ele>427.2</ele></trkpt>
      <trkpt lat="48.459768" lon="18.615458"><ele>426.8</ele></trkpt>
      <trkpt lat="48.459748" lon="18.615453"><ele>426.6</ele></trkpt>
      <trkpt lat="48.459725" lon="18.615449"><ele>426.4</ele></trkpt>
      <trkpt lat="48.459702" lon="18.615447"><ele>426.4</ele></trkpt>
      <trkpt lat="48.459677" lon="18.615444"><ele>426.4</ele></trkpt>
      <trkpt lat="48.459646" lon="18.615441"><ele>426.4</ele></trkpt>
      <trkpt lat="48.459616" lon="18.615435"><ele>426.4</ele></trkpt>
      <trkpt lat="48.459588" lon="18.615427"><ele>426.4</ele></trkpt>
      <trkpt lat="48.459558" lon="18.615411"><ele>426.4</ele></trkpt>
      <trkpt lat="48.459534" lon="18.615389"><ele>426.4</ele></trkpt>
      <trkpt lat="48.459509" lon="18.615373"><ele>426.2</ele></trkpt>
      <trkpt lat="48.459478" lon="18.615362"><ele>426.2</ele></trkpt>
      <trkpt lat="48.459444" lon="18.615349"><ele>426.2</ele></trkpt>
      <trkpt lat="48.459413" lon="18.615331"><ele>426.2</ele></trkpt>
      <trkpt lat="48.45938" lon="18.615314"><ele>426</ele></trkpt>
      <trkpt lat="48.459347" lon="18.615301"><ele>425.8</ele></trkpt>
      <trkpt lat="48.459319" lon="18.615291"><ele>425.6</ele></trkpt>
      <trkpt lat="48.459292" lon="18.615269"><ele>425.4</ele></trkpt>
      <trkpt lat="48.45927" lon="18.615251"><ele>425.4</ele></trkpt>
      <trkpt lat="48.459242" lon="18.615243"><ele>425.4</ele></trkpt>
      <trkpt lat="48.459213" lon="18.615242"><ele>425.2</ele></trkpt>
      <trkpt lat="48.459185" lon="18.615245"><ele>425</ele></trkpt>
      <trkpt lat="48.459155" lon="18.615247"><ele>425</ele></trkpt>
      <trkpt lat="48.459124" lon="18.615253"><ele>424.8</ele></trkpt>
      <trkpt lat="48.459099" lon="18.615258"><ele>424.6</ele></trkpt>
      <trkpt lat="48.459075" lon="18.615262"><ele>424.4</ele></trkpt>
      <trkpt lat="48.45906" lon="18.61528"><ele>424.4</ele></trkpt>
      <trkpt lat="48.45904" lon="18.615303"><ele>424.4</ele></trkpt>
      <trkpt lat="48.459023" lon="18.615325"><ele>424.6</ele></trkpt>
      <trkpt lat="48.459005" lon="18.615333"><ele>424.2</ele></trkpt>
      <trkpt lat="48.458991" lon="18.615347"><ele>423.8</ele></trkpt>
      <trkpt lat="48.458978" lon="18.615366"><ele>423.6</ele></trkpt>
      <trkpt lat="48.45896" lon="18.615387"><ele>423.8</ele></trkpt>
      <trkpt lat="48.458943" lon="18.615407"><ele>423.6</ele></trkpt>
      <trkpt lat="48.458923" lon="18.615434"><ele>424</ele></trkpt>
      <trkpt lat="48.458904" lon="18.615457"><ele>424.4</ele></trkpt>
      <trkpt lat="48.458884" lon="18.61548"><ele>424.6</ele></trkpt>
      <trkpt lat="48.458867" lon="18.615498"><ele>424.6</ele></trkpt>
      <trkpt lat="48.458847" lon="18.615518"><ele>424.4</ele></trkpt>
      <trkpt lat="48.458829" lon="18.615534"><ele>424.4</ele></trkpt>
      <trkpt lat="48.458809" lon="18.615552"><ele>424.4</ele></trkpt>
      <trkpt lat="48.458793" lon="18.615572"><ele>424.4</ele></trkpt>
      <trkpt lat="48.458771" lon="18.6156"><ele>424.4</ele></trkpt>
      <trkpt lat="48.458751" lon="18.615624"><ele>424.6</ele></trkpt>
      <trkpt lat="48.458724" lon="18.615643"><ele>424.8</ele></trkpt>
      <trkpt lat="48.4587" lon="18.615667"><ele>425</ele></trkpt>
      <trkpt lat="48.458683" lon="18.615689"><ele>425</ele></trkpt>
      <trkpt lat="48.458658" lon="18.61572"><ele>425</ele></trkpt>
      <trkpt lat="48.458637" lon="18.615749"><ele>425.2</ele></trkpt>
      <trkpt lat="48.458615" lon="18.615777"><ele>425.2</ele></trkpt>
      <trkpt lat="48.458593" lon="18.615801"><ele>425</ele></trkpt>
      <trkpt lat="48.458572" lon="18.615824"><ele>425.2</ele></trkpt>
      <trkpt lat="48.45855" lon="18.615849"><ele>425.4</ele></trkpt>
      <trkpt lat="48.45853" lon="18.615875"><ele>425.4</ele></trkpt>
      <trkpt lat="48.458509" lon="18.6159"><ele>425.2</ele></trkpt>
      <trkpt lat="48.458484" lon="18.615922"><ele>425</ele></trkpt>
      <trkpt lat="48.458463" lon="18.61594"><ele>424.8</ele></trkpt>
      <trkpt lat="48.458434" lon="18.615968"><ele>424.8</ele></trkpt>
      <trkpt lat="48.458412" lon="18.615994"><ele>425</ele></trkpt>
      <trkpt lat="48.458387" lon="18.616021"><ele>425.2</ele></trkpt>
      <trkpt lat="48.458359" lon="18.616039"><ele>425.2</ele></trkpt>
      <trkpt lat="48.458336" lon="18.616064"><ele>425.2</ele></trkpt>
      <trkpt lat="48.458308" lon="18.616089"><ele>425</ele></trkpt>
      <trkpt lat="48.458283" lon="18.616109"><ele>424.8</ele></trkpt>
      <trkpt lat="48.458263" lon="18.616127"><ele>424.8</ele></trkpt>
      <trkpt lat="48.458237" lon="18.616147"><ele>424.8</ele></trkpt>
      <trkpt lat="48.458216" lon="18.616166"><ele>424.4</ele></trkpt>
      <trkpt lat="48.458194" lon="18.616189"><ele>424.2</ele></trkpt>
      <trkpt lat="48.458175" lon="18.616217"><ele>424</ele></trkpt>
      <trkpt lat="48.458165" lon="18.616244"><ele>423.8</ele></trkpt>
      <trkpt lat="48.458156" lon="18.616274"><ele>423.4</ele></trkpt>
      <trkpt lat="48.458151" lon="18.616309"><ele>423</ele></trkpt>
      <trkpt lat="48.45815" lon="18.61635"><ele>422.8</ele></trkpt>
      <trkpt lat="48.458147" lon="18.616395"><ele>422.6</ele></trkpt>
      <trkpt lat="48.458143" lon="18.616436"><ele>422.6</ele></trkpt>
      <trkpt lat="48.458139" lon="18.616479"><ele>422.2</ele></trkpt>
      <trkpt lat="48.458137" lon="18.616521"><ele>421.8</ele></trkpt>
      <trkpt lat="48.458132" lon="18.616576"><ele>421.6</ele></trkpt>
      <trkpt lat="48.458125" lon="18.616626"><ele>421.2</ele></trkpt>
      <trkpt lat="48.458117" lon="18.616672"><ele>421.2</ele></trkpt>
      <trkpt lat="48.458109" lon="18.616717"><ele>420.8</ele></trkpt>
      <trkpt lat="48.458098" lon="18.616759"><ele>420.6</ele></trkpt>
      <trkpt lat="48.458089" lon="18.616799"><ele>420.6</ele></trkpt>
      <trkpt lat="48.458077" lon="18.616841"><ele>420.6</ele></trkpt>
      <trkpt lat="48.458064" lon="18.616882"><ele>420.8</ele></trkpt>
      <trkpt lat="48.458054" lon="18.616924"><ele>420.6</ele></trkpt>
      <trkpt lat="48.458043" lon="18.616963"><ele>420.4</ele></trkpt>
      <trkpt lat="48.458034" lon="18.617003"><ele>420.2</ele></trkpt>
      <trkpt lat="48.458021" lon="18.617044"><ele>420</ele></trkpt>
      <trkpt lat="48.458008" lon="18.617086"><ele>419.8</ele></trkpt>
      <trkpt lat="48.457995" lon="18.617126"><ele>420</ele></trkpt>
      <trkpt lat="48.457984" lon="18.617163"><ele>419.8</ele></trkpt>
      <trkpt lat="48.457972" lon="18.617205"><ele>419.8</ele></trkpt>
      <trkpt lat="48.457961" lon="18.617247"><ele>419.6</ele></trkpt>
      <trkpt lat="48.457953" lon="18.617275"><ele>419</ele></trkpt>
      <trkpt lat="48.457937" lon="18.617324"><ele>418.4</ele></trkpt>
      <trkpt lat="48.457925" lon="18.617363"><ele>417.8</ele></trkpt>
      <trkpt lat="48.457911" lon="18.617409"><ele>417.4</ele></trkpt>
      <trkpt lat="48.457896" lon="18.617454"><ele>417</ele></trkpt>
      <trkpt lat="48.457882" lon="18.617493"><ele>416.6</ele></trkpt>
      <trkpt lat="48.457866" lon="18.617533"><ele>416</ele></trkpt>
      <trkpt lat="48.457854" lon="18.61758"><ele>415.8</ele></trkpt>
      <trkpt lat="48.457838" lon="18.617631"><ele>415.6</ele></trkpt>
      <trkpt lat="48.457823" lon="18.617679"><ele>415.6</ele></trkpt>
      <trkpt lat="48.457805" lon="18.617729"><ele>415.6</ele></trkpt>
      <trkpt lat="48.457788" lon="18.617775"><ele>415.6</ele></trkpt>
      <trkpt lat="48.457774" lon="18.617813"><ele>415.4</ele></trkpt>
      <trkpt lat="48.457752" lon="18.617862"><ele>415.2</ele></trkpt>
      <trkpt lat="48.457735" lon="18.617899"><ele>415.2</ele></trkpt>
      <trkpt lat="48.457717" lon="18.617937"><ele>414.8</ele></trkpt>
      <trkpt lat="48.4577" lon="18.617977"><ele>414.6</ele></trkpt>
      <trkpt lat="48.457682" lon="18.618014"><ele>414.2</ele></trkpt>
      <trkpt lat="48.457664" lon="18.618049"><ele>413.8</ele></trkpt>
      <trkpt lat="48.457644" lon="18.618087"><ele>413.4</ele></trkpt>
      <trkpt lat="48.457627" lon="18.618118"><ele>412.8</ele></trkpt>
      <trkpt lat="48.457606" lon="18.618151"><ele>412.2</ele></trkpt>
      <trkpt lat="48.457588" lon="18.618186"><ele>411.8</ele></trkpt>
      <trkpt lat="48.457562" lon="18.618229"><ele>411</ele></trkpt>
      <trkpt lat="48.457543" lon="18.618267"><ele>410.4</ele></trkpt>
      <trkpt lat="48.457518" lon="18.618312"><ele>410</ele></trkpt>
      <trkpt lat="48.457495" lon="18.61835"><ele>409.2</ele></trkpt>
      <trkpt lat="48.457472" lon="18.618383"><ele>408</ele></trkpt>
      <trkpt lat="48.45745" lon="18.618427"><ele>407.4</ele></trkpt>
      <trkpt lat="48.457427" lon="18.61847"><ele>406.8</ele></trkpt>
      <trkpt lat="48.457407" lon="18.618508"><ele>406.4</ele></trkpt>
      <trkpt lat="48.457381" lon="18.618551"><ele>405.8</ele></trkpt>
      <trkpt lat="48.45736" lon="18.618591"><ele>405</ele></trkpt>
      <trkpt lat="48.457338" lon="18.618631"><ele>404.4</ele></trkpt>
      <trkpt lat="48.457315" lon="18.618674"><ele>403.8</ele></trkpt>
      <trkpt lat="48.457291" lon="18.618717"><ele>403.4</ele></trkpt>
      <trkpt lat="48.457268" lon="18.618757"><ele>403</ele></trkpt>
      <trkpt lat="48.457242" lon="18.618805"><ele>402.6</ele></trkpt>
      <trkpt lat="48.457218" lon="18.618849"><ele>402.2</ele></trkpt>
      <trkpt lat="48.457194" lon="18.618891"><ele>401.8</ele></trkpt>
      <trkpt lat="48.457171" lon="18.618934"><ele>401.6</ele></trkpt>
      <trkpt lat="48.45715" lon="18.618975"><ele>401.2</ele></trkpt>
      <trkpt lat="48.45713" lon="18.619012"><ele>400.8</ele></trkpt>
      <trkpt lat="48.457106" lon="18.619054"><ele>400</ele></trkpt>
      <trkpt lat="48.457083" lon="18.619092"><ele>399.6</ele></trkpt>
      <trkpt lat="48.457062" lon="18.619131"><ele>399</ele></trkpt>
      <trkpt lat="48.457041" lon="18.619169"><ele>398.6</ele></trkpt>
      <trkpt lat="48.45702" lon="18.619207"><ele>398.2</ele></trkpt>
      <trkpt lat="48.457002" lon="18.619244"><ele>397.8</ele></trkpt>
      <trkpt lat="48.456979" lon="18.619287"><ele>397.2</ele></trkpt>
      <trkpt lat="48.456957" lon="18.619328"><ele>397</ele></trkpt>
      <trkpt lat="48.456934" lon="18.619372"><ele>396.6</ele></trkpt>
      <trkpt lat="48.456912" lon="18.619413"><ele>396.6</ele></trkpt>
      <trkpt lat="48.456892" lon="18.619458"><ele>396.2</ele></trkpt>
      <trkpt lat="48.456871" lon="18.619496"><ele>395.8</ele></trkpt>
      <trkpt lat="48.456853" lon="18.619543"><ele>395.4</ele></trkpt>
      <trkpt lat="48.456832" lon="18.619586"><ele>395</ele></trkpt>
      <trkpt lat="48.456811" lon="18.619623"><ele>394.6</ele></trkpt>
      <trkpt lat="48.456787" lon="18.619665"><ele>393.8</ele></trkpt>
      <trkpt lat="48.456766" lon="18.619706"><ele>393.2</ele></trkpt>
      <trkpt lat="48.456749" lon="18.619739"><ele>393</ele></trkpt>
      <trkpt lat="48.456719" lon="18.619796"><ele>392.4</ele></trkpt>
      <trkpt lat="48.456697" lon="18.619838"><ele>392.2</ele></trkpt>
      <trkpt lat="48.456672" lon="18.619883"><ele>391.8</ele></trkpt>
      <trkpt lat="48.456651" lon="18.619925"><ele>391.4</ele></trkpt>
      <trkpt lat="48.456629" lon="18.61997"><ele>391</ele></trkpt>
      <trkpt lat="48.45661" lon="18.620008"><ele>390.6</ele></trkpt>
      <trkpt lat="48.456587" lon="18.620054"><ele>390.2</ele></trkpt>
      <trkpt lat="48.456561" lon="18.620098"><ele>389.8</ele></trkpt>
      <trkpt lat="48.45654" lon="18.620139"><ele>389.2</ele></trkpt>
      <trkpt lat="48.456516" lon="18.620184"><ele>389</ele></trkpt>
      <trkpt lat="48.456492" lon="18.620227"><ele>388.6</ele></trkpt>
      <trkpt lat="48.45647" lon="18.620263"><ele>388.2</ele></trkpt>
      <trkpt lat="48.456442" lon="18.620314"><ele>388.2</ele></trkpt>
      <trkpt lat="48.456421" lon="18.62035"><ele>387.6</ele></trkpt>
      <trkpt lat="48.4564" lon="18.620393"><ele>387.2</ele></trkpt>
      <trkpt lat="48.45638" lon="18.620431"><ele>386.8</ele></trkpt>
      <trkpt lat="48.45636" lon="18.620463"><ele>386.4</ele></trkpt>
      <trkpt lat="48.45634" lon="18.620496"><ele>385.6</ele></trkpt>
      <trkpt lat="48.456315" lon="18.62053"><ele>385</ele></trkpt>
      <trkpt lat="48.456289" lon="18.620571"><ele>384.6</ele></trkpt>
      <trkpt lat="48.456266" lon="18.620609"><ele>384.2</ele></trkpt>
      <trkpt lat="48.456242" lon="18.620646"><ele>383.8</ele></trkpt>
      <trkpt lat="48.456217" lon="18.620689"><ele>383.6</ele></trkpt>
      <trkpt lat="48.456192" lon="18.620729"><ele>383.2</ele></trkpt>
      <trkpt lat="48.456167" lon="18.620771"><ele>382.6</ele></trkpt>
      <trkpt lat="48.456141" lon="18.620813"><ele>382.4</ele></trkpt>
      <trkpt lat="48.456118" lon="18.620853"><ele>382</ele></trkpt>
      <trkpt lat="48.456095" lon="18.620891"><ele>381.6</ele></trkpt>
      <trkpt lat="48.456072" lon="18.620928"><ele>381.2</ele></trkpt>
      <trkpt lat="48.456054" lon="18.620956"><ele>380.8</ele></trkpt>
      <trkpt lat="48.456022" lon="18.621001"><ele>380.4</ele></trkpt>
      <trkpt lat="48.456001" lon="18.621038"><ele>379.8</ele></trkpt>
      <trkpt lat="48.455976" lon="18.621084"><ele>379.6</ele></trkpt>
      <trkpt lat="48.455948" lon="18.621119"><ele>379.2</ele></trkpt>
      <trkpt lat="48.455923" lon="18.621154"><ele>378.8</ele></trkpt>
      <trkpt lat="48.455902" lon="18.621187"><ele>378.4</ele></trkpt>
      <trkpt lat="48.455881" lon="18.621227"><ele>378.2</ele></trkpt>
      <trkpt lat="48.455858" lon="18.621271"><ele>378</ele></trkpt>
      <trkpt lat="48.455835" lon="18.621313"><ele>377.6</ele></trkpt>
      <trkpt lat="48.45581" lon="18.621353"><ele>377.2</ele></trkpt>
      <trkpt lat="48.455786" lon="18.621391"><ele>376.8</ele></trkpt>
      <trkpt lat="48.455764" lon="18.621428"><ele>376.4</ele></trkpt>
      <trkpt lat="48.455736" lon="18.621482"><ele>376.4</ele></trkpt>
      <trkpt lat="48.455714" lon="18.621525"><ele>376</ele></trkpt>
      <trkpt lat="48.455688" lon="18.621566"><ele>375.6</ele></trkpt>
      <trkpt lat="48.455667" lon="18.621608"><ele>375.4</ele></trkpt>
      <trkpt lat="48.455646" lon="18.621648"><ele>375.2</ele></trkpt>
      <trkpt lat="48.455625" lon="18.62169"><ele>375</ele></trkpt>
      <trkpt lat="48.455602" lon="18.621734"><ele>374.6</ele></trkpt>
      <trkpt lat="48.455579" lon="18.621779"><ele>374.2</ele></trkpt>
      <trkpt lat="48.455555" lon="18.621823"><ele>373.8</ele></trkpt>
      <trkpt lat="48.455533" lon="18.621863"><ele>373.2</ele></trkpt>
      <trkpt lat="48.455508" lon="18.621909"><ele>372.8</ele></trkpt>
      <trkpt lat="48.455481" lon="18.621956"><ele>372.6</ele></trkpt>
      <trkpt lat="48.455463" lon="18.621996"><ele>372.4</ele></trkpt>
      <trkpt lat="48.455445" lon="18.622039"><ele>372</ele></trkpt>
      <trkpt lat="48.455429" lon="18.622082"><ele>371.6</ele></trkpt>
      <trkpt lat="48.455414" lon="18.622124"><ele>371</ele></trkpt>
      <trkpt lat="48.4554" lon="18.622165"><ele>370.6</ele></trkpt>
      <trkpt lat="48.455385" lon="18.622207"><ele>370</ele></trkpt>
      <trkpt lat="48.455369" lon="18.622254"><ele>369.6</ele></trkpt>
      <trkpt lat="48.45536" lon="18.622287"><ele>369.4</ele></trkpt>
      <trkpt lat="48.455347" lon="18.622328"><ele>369</ele></trkpt>
      <trkpt lat="48.455335" lon="18.622367"><ele>368.6</ele></trkpt>
      <trkpt lat="48.455319" lon="18.622411"><ele>368.4</ele></trkpt>
      <trkpt lat="48.455307" lon="18.622452"><ele>368.4</ele></trkpt>
      <trkpt lat="48.45529" lon="18.622499"><ele>368.2</ele></trkpt>
      <trkpt lat="48.455276" lon="18.622543"><ele>368.2</ele></trkpt>
      <trkpt lat="48.455263" lon="18.622589"><ele>368.2</ele></trkpt>
      <trkpt lat="48.455251" lon="18.622632"><ele>368</ele></trkpt>
      <trkpt lat="48.455239" lon="18.622674"><ele>368</ele></trkpt>
      <trkpt lat="48.455227" lon="18.622709"><ele>368</ele></trkpt>
      <trkpt lat="48.455217" lon="18.622757"><ele>367.8</ele></trkpt>
      <trkpt lat="48.455211" lon="18.622803"><ele>367.4</ele></trkpt>
      <trkpt lat="48.455204" lon="18.622849"><ele>367.2</ele></trkpt>
      <trkpt lat="48.455198" lon="18.622888"><ele>366.8</ele></trkpt>
      <trkpt lat="48.455191" lon="18.622934"><ele>366.6</ele></trkpt>
      <trkpt lat="48.455186" lon="18.622981"><ele>366.2</ele></trkpt>
      <trkpt lat="48.45518" lon="18.623035"><ele>366</ele></trkpt>
      <trkpt lat="48.455179" lon="18.623079"><ele>365.6</ele></trkpt>
      <trkpt lat="48.455182" lon="18.62313"><ele>365.4</ele></trkpt>
      <trkpt lat="48.455188" lon="18.623174"><ele>365</ele></trkpt>
      <trkpt lat="48.455191" lon="18.623226"><ele>365</ele></trkpt>
      <trkpt lat="48.455195" lon="18.623265"><ele>365</ele></trkpt>
      <trkpt lat="48.455197" lon="18.623314"><ele>364.8</ele></trkpt>
      <trkpt lat="48.455202" lon="18.623359"><ele>364.6</ele></trkpt>
      <trkpt lat="48.455209" lon="18.623404"><ele>364.6</ele></trkpt>
      <trkpt lat="48.455213" lon="18.623457"><ele>364.4</ele></trkpt>
      <trkpt lat="48.455221" lon="18.623506"><ele>364.4</ele></trkpt>
      <trkpt lat="48.455225" lon="18.623549"><ele>364.4</ele></trkpt>
      <trkpt lat="48.455227" lon="18.623596"><ele>364.6</ele></trkpt>
      <trkpt lat="48.455229" lon="18.623639"><ele>364.6</ele></trkpt>
      <trkpt lat="48.455234" lon="18.623675"><ele>364.4</ele></trkpt>
      <trkpt lat="48.455233" lon="18.623714"><ele>364.2</ele></trkpt>
      <trkpt lat="48.455233" lon="18.623755"><ele>364</ele></trkpt>
      <trkpt lat="48.455236" lon="18.623791"><ele>363.8</ele></trkpt>
      <trkpt lat="48.45524" lon="18.623836"><ele>363.6</ele></trkpt>
      <trkpt lat="48.455245" lon="18.623876"><ele>363.2</ele></trkpt>
      <trkpt lat="48.455249" lon="18.623919"><ele>362.8</ele></trkpt>
      <trkpt lat="48.455252" lon="18.623962"><ele>362.4</ele></trkpt>
      <trkpt lat="48.455256" lon="18.624009"><ele>362.4</ele></trkpt>
      <trkpt lat="48.455258" lon="18.624048"><ele>362.2</ele></trkpt>
      <trkpt lat="48.455267" lon="18.624092"><ele>361.6</ele></trkpt>
      <trkpt lat="48.455273" lon="18.624137"><ele>361.4</ele></trkpt>
      <trkpt lat="48.455276" lon="18.624186"><ele>361.2</ele></trkpt>
      <trkpt lat="48.455278" lon="18.624241"><ele>361.2</ele></trkpt>
      <trkpt lat="48.455277" lon="18.624291"><ele>361.2</ele></trkpt>
      <trkpt lat="48.455278" lon="18.624338"><ele>361.2</ele></trkpt>
      <trkpt lat="48.455281" lon="18.624385"><ele>361</ele></trkpt>
      <trkpt lat="48.455282" lon="18.624436"><ele>360.8</ele></trkpt>
      <trkpt lat="48.455285" lon="18.624485"><ele>360.6</ele></trkpt>
      <trkpt lat="48.455284" lon="18.624533"><ele>360.6</ele></trkpt>
      <trkpt lat="48.455285" lon="18.624586"><ele>360.6</ele></trkpt>
      <trkpt lat="48.455285" lon="18.624636"><ele>360.4</ele></trkpt>
      <trkpt lat="48.455285" lon="18.624691"><ele>360.4</ele></trkpt>
      <trkpt lat="48.455289" lon="18.624741"><ele>360.4</ele></trkpt>
      <trkpt lat="48.455291" lon="18.624792"><ele>360.6</ele></trkpt>
      <trkpt lat="48.455292" lon="18.624849"><ele>360.8</ele></trkpt>
      <trkpt lat="48.455288" lon="18.6249"><ele>360.6</ele></trkpt>
      <trkpt lat="48.455281" lon="18.624948"><ele>360.4</ele></trkpt>
      <trkpt lat="48.455276" lon="18.625003"><ele>360.4</ele></trkpt>
      <trkpt lat="48.45527" lon="18.62505"><ele>360.6</ele></trkpt>
      <trkpt lat="48.455262" lon="18.625098"><ele>360.6</ele></trkpt>
      <trkpt lat="48.455255" lon="18.625148"><ele>360.6</ele></trkpt>
      <trkpt lat="48.455247" lon="18.625195"><ele>360.4</ele></trkpt>
      <trkpt lat="48.45524" lon="18.625233"><ele>360.2</ele></trkpt>
      <trkpt lat="48.455233" lon="18.625273"><ele>360.2</ele></trkpt>
      <trkpt lat="48.455228" lon="18.625321"><ele>360.4</ele></trkpt>
      <trkpt lat="48.455218" lon="18.625371"><ele>360.4</ele></trkpt>
      <trkpt lat="48.455206" lon="18.625417"><ele>360.2</ele></trkpt>
      <trkpt lat="48.455193" lon="18.625462"><ele>359.8</ele></trkpt>
      <trkpt lat="48.455182" lon="18.625503"><ele>359.6</ele></trkpt>
      <trkpt lat="48.45517" lon="18.62556"><ele>359.4</ele></trkpt>
      <trkpt lat="48.455157" lon="18.625613"><ele>359.4</ele></trkpt>
      <trkpt lat="48.455144" lon="18.625659"><ele>359.2</ele></trkpt>
      <trkpt lat="48.455133" lon="18.625707"><ele>359.2</ele></trkpt>
      <trkpt lat="48.455124" lon="18.62575"><ele>359</ele></trkpt>
      <trkpt lat="48.455112" lon="18.625796"><ele>358.8</ele></trkpt>
      <trkpt lat="48.455095" lon="18.625843"><ele>358.6</ele></trkpt>
      <trkpt lat="48.455082" lon="18.625882"><ele>358.4</ele></trkpt>
      <trkpt lat="48.455067" lon="18.625927"><ele>358.2</ele></trkpt>
      <trkpt lat="48.455055" lon="18.625964"><ele>358</ele></trkpt>
      <trkpt lat="48.455039" lon="18.626011"><ele>357.6</ele></trkpt>
      <trkpt lat="48.455024" lon="18.626047"><ele>357.4</ele></trkpt>
      <trkpt lat="48.455005" lon="18.626086"><ele>356.8</ele></trkpt>
      <trkpt lat="48.454986" lon="18.626124"><ele>356.6</ele></trkpt>
      <trkpt lat="48.45497" lon="18.626157"><ele>356.2</ele></trkpt>
      <trkpt lat="48.454952" lon="18.626194"><ele>355.8</ele></trkpt>
      <trkpt lat="48.454933" lon="18.626233"><ele>355.6</ele></trkpt>
      <trkpt lat="48.454916" lon="18.626263"><ele>355.2</ele></trkpt>
      <trkpt lat="48.454897" lon="18.626304"><ele>354.8</ele></trkpt>
      <trkpt lat="48.454881" lon="18.626336"><ele>354.4</ele></trkpt>
      <trkpt lat="48.454866" lon="18.626369"><ele>354</ele></trkpt>
      <trkpt lat="48.454844" lon="18.626405"><ele>353.6</ele></trkpt>
      <trkpt lat="48.454825" lon="18.62644"><ele>353.2</ele></trkpt>
      <trkpt lat="48.454806" lon="18.626475"><ele>353</ele></trkpt>
      <trkpt lat="48.454789" lon="18.626515"><ele>353</ele></trkpt>
      <trkpt lat="48.454769" lon="18.626559"><ele>352.8</ele></trkpt>
      <trkpt lat="48.454753" lon="18.626597"><ele>352.6</ele></trkpt>
      <trkpt lat="48.454734" lon="18.626635"><ele>352.6</ele></trkpt>
      <trkpt lat="48.454717" lon="18.626669"><ele>352.2</ele></trkpt>
      <trkpt lat="48.454701" lon="18.626702"><ele>352</ele></trkpt>
      <trkpt lat="48.454678" lon="18.626745"><ele>352</ele></trkpt>
      <trkpt lat="48.454663" lon="18.626781"><ele>352</ele></trkpt>
      <trkpt lat="48.454642" lon="18.626817"><ele>351.8</ele></trkpt>
      <trkpt lat="48.454625" lon="18.62685"><ele>351.4</ele></trkpt>
      <trkpt lat="48.454607" lon="18.626882"><ele>351.4</ele></trkpt>
      <trkpt lat="48.45459" lon="18.626915"><ele>351.2</ele></trkpt>
      <trkpt lat="48.454572" lon="18.626951"><ele>351</ele></trkpt>
      <trkpt lat="48.454556" lon="18.626988"><ele>351.2</ele></trkpt>
      <trkpt lat="48.454541" lon="18.627022"><ele>351.2</ele></trkpt>
      <trkpt lat="48.454523" lon="18.627057"><ele>351</ele></trkpt>
      <trkpt lat="48.454504" lon="18.627092"><ele>350.8</ele></trkpt>
      <trkpt lat="48.454488" lon="18.627129"><ele>350.8</ele></trkpt>
      <trkpt lat="48.454468" lon="18.627169"><ele>350.6</ele></trkpt>
      <trkpt lat="48.454455" lon="18.627205"><ele>350.2</ele></trkpt>
      <trkpt lat="48.45444" lon="18.627242"><ele>350</ele></trkpt>
      <trkpt lat="48.454422" lon="18.627283"><ele>349.6</ele></trkpt>
      <trkpt lat="48.454405" lon="18.627324"><ele>349.4</ele></trkpt>
      <trkpt lat="48.454391" lon="18.627362"><ele>349.4</ele></trkpt>
      <trkpt lat="48.454373" lon="18.627405"><ele>349</ele></trkpt>
      <trkpt lat="48.454356" lon="18.627446"><ele>348.8</ele></trkpt>
      <trkpt lat="48.454339" lon="18.627488"><ele>348.8</ele></trkpt>
      <trkpt lat="48.454321" lon="18.62753"><ele>348.6</ele></trkpt>
      <trkpt lat="48.454304" lon="18.627571"><ele>348.2</ele></trkpt>
      <trkpt lat="48.454288" lon="18.627606"><ele>347.8</ele></trkpt>
      <trkpt lat="48.45427" lon="18.627648"><ele>347.4</ele></trkpt>
      <trkpt lat="48.454254" lon="18.62769"><ele>347.2</ele></trkpt>
      <trkpt lat="48.454239" lon="18.627728"><ele>347</ele></trkpt>
      <trkpt lat="48.45422" lon="18.627762"><ele>347.2</ele></trkpt>
      <trkpt lat="48.454199" lon="18.627807"><ele>347.2</ele></trkpt>
      <trkpt lat="48.454189" lon="18.627846"><ele>346.8</ele></trkpt>
      <trkpt lat="48.454174" lon="18.627894"><ele>346.4</ele></trkpt>
      <trkpt lat="48.454159" lon="18.627934"><ele>346</ele></trkpt>
      <trkpt lat="48.454141" lon="18.627972"><ele>345.8</ele></trkpt>
      <trkpt lat="48.454122" lon="18.628012"><ele>345.6</ele></trkpt>
      <trkpt lat="48.454106" lon="18.628049"><ele>345.2</ele></trkpt>
      <trkpt lat="48.454088" lon="18.628089"><ele>344.8</ele></trkpt>
      <trkpt lat="48.454071" lon="18.62813"><ele>344.6</ele></trkpt>
      <trkpt lat="48.45405" lon="18.628172"><ele>344.4</ele></trkpt>
      <trkpt lat="48.454031" lon="18.628212"><ele>344.2</ele></trkpt>
      <trkpt lat="48.454012" lon="18.628254"><ele>344.2</ele></trkpt>
      <trkpt lat="48.453991" lon="18.628298"><ele>344</ele></trkpt>
      <trkpt lat="48.453976" lon="18.628333"><ele>343.8</ele></trkpt>
      <trkpt lat="48.453958" lon="18.628375"><ele>343.8</ele></trkpt>
      <trkpt lat="48.45394" lon="18.628417"><ele>343.8</ele></trkpt>
      <trkpt lat="48.453919" lon="18.62846"><ele>343.8</ele></trkpt>
      <trkpt lat="48.453897" lon="18.628507"><ele>343.8</ele></trkpt>
      <trkpt lat="48.453879" lon="18.628547"><ele>344</ele></trkpt>
      <trkpt lat="48.453861" lon="18.628584"><ele>344</ele></trkpt>
      <trkpt lat="48.453844" lon="18.628618"><ele>343.8</ele></trkpt>
      <trkpt lat="48.453819" lon="18.628666"><ele>344</ele></trkpt>
      <trkpt lat="48.453799" lon="18.628711"><ele>344</ele></trkpt>
      <trkpt lat="48.453778" lon="18.628751"><ele>343.8</ele></trkpt>
      <trkpt lat="48.453754" lon="18.628791"><ele>343.8</ele></trkpt>
      <trkpt lat="48.453736" lon="18.628829"><ele>343.8</ele></trkpt>
      <trkpt lat="48.453717" lon="18.628871"><ele>343.6</ele></trkpt>
      <trkpt lat="48.453698" lon="18.628914"><ele>343.8</ele></trkpt>
      <trkpt lat="48.453675" lon="18.628951"><ele>344.2</ele></trkpt>
      <trkpt lat="48.453657" lon="18.628983"><ele>344.4</ele></trkpt>
      <trkpt lat="48.453635" lon="18.629013"><ele>344.6</ele></trkpt>
      <trkpt lat="48.453615" lon="18.629041"><ele>344.6</ele></trkpt>
      <trkpt lat="48.453594" lon="18.629078"><ele>344.6</ele></trkpt>
      <trkpt lat="48.453573" lon="18.629114"><ele>344.6</ele></trkpt>
      <trkpt lat="48.453553" lon="18.629147"><ele>344.4</ele></trkpt>
      <trkpt lat="48.453533" lon="18.629181"><ele>344.4</ele></trkpt>
      <trkpt lat="48.453512" lon="18.62921"><ele>344.4</ele></trkpt>
      <trkpt lat="48.453494" lon="18.629242"><ele>344.4</ele></trkpt>
      <trkpt lat="48.453472" lon="18.629278"><ele>344.4</ele></trkpt>
      <trkpt lat="48.453455" lon="18.629312"><ele>344.2</ele></trkpt>
      <trkpt lat="48.453438" lon="18.629352"><ele>344.2</ele></trkpt>
      <trkpt lat="48.453421" lon="18.629386"><ele>344</ele></trkpt>
      <trkpt lat="48.453406" lon="18.629419"><ele>344</ele></trkpt>
      <trkpt lat="48.453392" lon="18.629451"><ele>343.8</ele></trkpt>
      <trkpt lat="48.453377" lon="18.629487"><ele>343.6</ele></trkpt>
      <trkpt lat="48.453366" lon="18.629525"><ele>343.6</ele></trkpt>
      <trkpt lat="48.453356" lon="18.629561"><ele>343.6</ele></trkpt>
      <trkpt lat="48.453346" lon="18.629605"><ele>343.6</ele></trkpt>
      <trkpt lat="48.453341" lon="18.629653"><ele>343.8</ele></trkpt>
      <trkpt lat="48.453343" lon="18.629697"><ele>343.8</ele></trkpt>
      <trkpt lat="48.453349" lon="18.629745"><ele>343.6</ele></trkpt>
      <trkpt lat="48.453358" lon="18.629783"><ele>343.8</ele></trkpt>
      <trkpt lat="48.453369" lon="18.629833"><ele>343.6</ele></trkpt>
      <trkpt lat="48.453382" lon="18.629871"><ele>343.6</ele></trkpt>
      <trkpt lat="48.453395" lon="18.629914"><ele>343.6</ele></trkpt>
      <trkpt lat="48.453412" lon="18.62995"><ele>343.6</ele></trkpt>
      <trkpt lat="48.45343" lon="18.629989"><ele>343.6</ele></trkpt>
      <trkpt lat="48.45345" lon="18.630028"><ele>343.8</ele></trkpt>
      <trkpt lat="48.453468" lon="18.630063"><ele>344.2</ele></trkpt>
      <trkpt lat="48.453482" lon="18.630102"><ele>344.4</ele></trkpt>
      <trkpt lat="48.453497" lon="18.630137"><ele>344.8</ele></trkpt>
      <trkpt lat="48.453506" lon="18.630173"><ele>344.6</ele></trkpt>
      <trkpt lat="48.45352" lon="18.630214"><ele>344.8</ele></trkpt>
      <trkpt lat="48.453526" lon="18.630258"><ele>345</ele></trkpt>
      <trkpt lat="48.453535" lon="18.630292"><ele>345</ele></trkpt>
      <trkpt lat="48.453542" lon="18.630332"><ele>345</ele></trkpt>
      <trkpt lat="48.453546" lon="18.630375"><ele>345</ele></trkpt>
      <trkpt lat="48.453549" lon="18.630417"><ele>345</ele></trkpt>
      <trkpt lat="48.453557" lon="18.630463"><ele>345.2</ele></trkpt>
      <trkpt lat="48.453564" lon="18.630507"><ele>345.4</ele></trkpt>
      <trkpt lat="48.453567" lon="18.630545"><ele>345.2</ele></trkpt>
      <trkpt lat="48.453569" lon="18.630581"><ele>345.6</ele></trkpt>
      <trkpt lat="48.453569" lon="18.630615"><ele>345.6</ele></trkpt>
      <trkpt lat="48.453565" lon="18.630649"><ele>345.8</ele></trkpt>
      <trkpt lat="48.45356" lon="18.630692"><ele>345.8</ele></trkpt>
      <trkpt lat="48.453555" lon="18.630735"><ele>345.8</ele></trkpt>
      <trkpt lat="48.45355" lon="18.630774"><ele>345.6</ele></trkpt>
      <trkpt lat="48.453543" lon="18.630809"><ele>345.4</ele></trkpt>
      <trkpt lat="48.453539" lon="18.630843"><ele>344.8</ele></trkpt>
      <trkpt lat="48.453535" lon="18.630883"><ele>344.8</ele></trkpt>
      <trkpt lat="48.453532" lon="18.630924"><ele>344.6</ele></trkpt>
      <trkpt lat="48.45353" lon="18.630963"><ele>345</ele></trkpt>
      <trkpt lat="48.45353" lon="18.631008"><ele>345.2</ele></trkpt>
      <trkpt lat="48.453532" lon="18.631039"><ele>345.2</ele></trkpt>
      <trkpt lat="48.453551" lon="18.631059"><ele>345.2</ele></trkpt>
      <trkpt lat="48.453562" lon="18.631069"><ele>344.8</ele></trkpt>
      <trkpt lat="48.453584" lon="18.631077"><ele>344.8</ele></trkpt>
      <trkpt lat="48.453613" lon="18.631082"><ele>344.8</ele></trkpt>
      <trkpt lat="48.453632" lon="18.631086"><ele>344.8</ele></trkpt>
      <trkpt lat="48.453652" lon="18.631085"><ele>344.8</ele></trkpt>
      <trkpt lat="48.453675" lon="18.631086"><ele>344.8</ele></trkpt>
      <trkpt lat="48.453695" lon="18.631087"><ele>344.8</ele></trkpt>
      <trkpt lat="48.453723" lon="18.63109"><ele>345</ele></trkpt>
      <trkpt lat="48.453751" lon="18.631092"><ele>345.6</ele></trkpt>
      <trkpt lat="48.453771" lon="18.631094"><ele>345.6</ele></trkpt>
      <trkpt lat="48.453794" lon="18.631093"><ele>346</ele></trkpt>
      <trkpt lat="48.453813" lon="18.631095"><ele>346.2</ele></trkpt>
      <trkpt lat="48.453835" lon="18.631094"><ele>346.4</ele></trkpt>
      <trkpt lat="48.453862" lon="18.631095"><ele>346.2</ele></trkpt>
      <trkpt lat="48.453887" lon="18.631096"><ele>346.4</ele></trkpt>
      <trkpt lat="48.453917" lon="18.631097"><ele>346.6</ele></trkpt>
      <trkpt lat="48.453941" lon="18.6311"><ele>346.6</ele></trkpt>
      <trkpt lat="48.453968" lon="18.631103"><ele>346.6</ele></trkpt>
      <trkpt lat="48.453988" lon="18.631099"><ele>346.8</ele></trkpt>
      <trkpt lat="48.454015" lon="18.631099"><ele>346.6</ele></trkpt>
      <trkpt lat="48.454041" lon="18.631104"><ele>346.8</ele></trkpt>
      <trkpt lat="48.454062" lon="18.631103"><ele>346.6</ele></trkpt>
      <trkpt lat="48.454096" lon="18.631106"><ele>346.4</ele></trkpt>
      <trkpt lat="48.454123" lon="18.631105"><ele>346</ele></trkpt>
      <trkpt lat="48.45415" lon="18.631106"><ele>345.8</ele></trkpt>
      <trkpt lat="48.454184" lon="18.631107"><ele>345.6</ele></trkpt>
      <trkpt lat="48.454213" lon="18.631105"><ele>345.6</ele></trkpt>
      <trkpt lat="48.454239" lon="18.631104"><ele>345.6</ele></trkpt>
      <trkpt lat="48.454267" lon="18.631101"><ele>345.6</ele></trkpt>
      <trkpt lat="48.4543" lon="18.631097"><ele>345.4</ele></trkpt>
      <trkpt lat="48.454332" lon="18.631098"><ele>345.6</ele></trkpt>
      <trkpt lat="48.454362" lon="18.631097"><ele>345.4</ele></trkpt>
      <trkpt lat="48.454394" lon="18.631101"><ele>345</ele></trkpt>
      <trkpt lat="48.454425" lon="18.631098"><ele>344.6</ele></trkpt>
      <trkpt lat="48.454456" lon="18.631095"><ele>344.2</ele></trkpt>
      <trkpt lat="48.454489" lon="18.631094"><ele>343.8</ele></trkpt>
      <trkpt lat="48.454515" lon="18.631091"><ele>343.6</ele></trkpt>
      <trkpt lat="48.45455" lon="18.63109"><ele>343.2</ele></trkpt>
      <trkpt lat="48.454579" lon="18.631086"><ele>343.2</ele></trkpt>
      <trkpt lat="48.45461" lon="18.631082"><ele>343</ele></trkpt>
      <trkpt lat="48.454639" lon="18.631079"><ele>343</ele></trkpt>
      <trkpt lat="48.454668" lon="18.631076"><ele>342.8</ele></trkpt>
      <trkpt lat="48.454696" lon="18.631073"><ele>342.4</ele></trkpt>
      <trkpt lat="48.454723" lon="18.631069"><ele>342</ele></trkpt>
      <trkpt lat="48.454751" lon="18.631062"><ele>341.8</ele></trkpt>
      <trkpt lat="48.45478" lon="18.631051"><ele>341.8</ele></trkpt>
      <trkpt lat="48.454807" lon="18.631042"><ele>341.6</ele></trkpt>
      <trkpt lat="48.454838" lon="18.63103"><ele>341.2</ele></trkpt>
      <trkpt lat="48.454864" lon="18.631021"><ele>341</ele></trkpt>
      <trkpt lat="48.454893" lon="18.631012"><ele>340.6</ele></trkpt>
      <trkpt lat="48.45492" lon="18.631"><ele>340.8</ele></trkpt>
      <trkpt lat="48.454947" lon="18.630989"><ele>340.6</ele></trkpt>
      <trkpt lat="48.454976" lon="18.630979"><ele>340.6</ele></trkpt>
      <trkpt lat="48.455003" lon="18.630967"><ele>340.4</ele></trkpt>
      <trkpt lat="48.455035" lon="18.630954"><ele>340.4</ele></trkpt>
      <trkpt lat="48.455069" lon="18.630941"><ele>340.2</ele></trkpt>
      <trkpt lat="48.45509" lon="18.630929"><ele>339.8</ele></trkpt>
      <trkpt lat="48.455115" lon="18.630916"><ele>339.6</ele></trkpt>
      <trkpt lat="48.455141" lon="18.630902"><ele>339.4</ele></trkpt>
      <trkpt lat="48.455172" lon="18.630893"><ele>339.4</ele></trkpt>
      <trkpt lat="48.455197" lon="18.630877"><ele>339</ele></trkpt>
      <trkpt lat="48.455227" lon="18.630863"><ele>338.8</ele></trkpt>
      <trkpt lat="48.455259" lon="18.630851"><ele>338.6</ele></trkpt>
      <trkpt lat="48.455288" lon="18.630839"><ele>338.4</ele></trkpt>
      <trkpt lat="48.455319" lon="18.630828"><ele>338.2</ele></trkpt>
      <trkpt lat="48.455348" lon="18.630813"><ele>337.8</ele></trkpt>
      <trkpt lat="48.455377" lon="18.630804"><ele>337.4</ele></trkpt>
      <trkpt lat="48.455411" lon="18.630791"><ele>337.2</ele></trkpt>
      <trkpt lat="48.455444" lon="18.630775"><ele>337</ele></trkpt>
      <trkpt lat="48.455476" lon="18.630768"><ele>336.8</ele></trkpt>
      <trkpt lat="48.455507" lon="18.63076"><ele>336.6</ele></trkpt>
      <trkpt lat="48.455539" lon="18.630755"><ele>336.4</ele></trkpt>
      <trkpt lat="48.455572" lon="18.630748"><ele>336.2</ele></trkpt>
      <trkpt lat="48.455609" lon="18.630738"><ele>336.2</ele></trkpt>
      <trkpt lat="48.455643" lon="18.630727"><ele>336.2</ele></trkpt>
      <trkpt lat="48.455674" lon="18.630716"><ele>336.2</ele></trkpt>
      <trkpt lat="48.455708" lon="18.630707"><ele>336.2</ele></trkpt>
      <trkpt lat="48.455739" lon="18.630696"><ele>336</ele></trkpt>
      <trkpt lat="48.45577" lon="18.630689"><ele>336</ele></trkpt>
      <trkpt lat="48.455803" lon="18.630685"><ele>336</ele></trkpt>
      <trkpt lat="48.455833" lon="18.630688"><ele>335.6</ele></trkpt>
      <trkpt lat="48.455864" lon="18.630685"><ele>335.8</ele></trkpt>
      <trkpt lat="48.455896" lon="18.630676"><ele>335.8</ele></trkpt>
      <trkpt lat="48.455928" lon="18.630673"><ele>335.6</ele></trkpt>
      <trkpt lat="48.455957" lon="18.630674"><ele>335.2</ele></trkpt>
      <trkpt lat="48.45599" lon="18.630676"><ele>334.8</ele></trkpt>
      <trkpt lat="48.456021" lon="18.630677"><ele>334.6</ele></trkpt>
      <trkpt lat="48.456054" lon="18.630671"><ele>334.6</ele></trkpt>
      <trkpt lat="48.456088" lon="18.630667"><ele>334.2</ele></trkpt>
      <trkpt lat="48.456118" lon="18.630666"><ele>333.8</ele></trkpt>
      <trkpt lat="48.456144" lon="18.630669"><ele>333.6</ele></trkpt>
      <trkpt lat="48.456171" lon="18.630674"><ele>333.4</ele></trkpt>
      <trkpt lat="48.456203" lon="18.630679"><ele>333.2</ele></trkpt>
      <trkpt lat="48.456237" lon="18.630691"><ele>333</ele></trkpt>
      <trkpt lat="48.456268" lon="18.630701"><ele>333</ele></trkpt>
      <trkpt lat="48.4563" lon="18.630712"><ele>333</ele></trkpt>
      <trkpt lat="48.456332" lon="18.630723"><ele>333</ele></trkpt>
      <trkpt lat="48.456328" lon="18.630722"><ele>333</ele></trkpt>
      <trkpt lat="48.456387" lon="18.630748"><ele>333</ele></trkpt>
      <trkpt lat="48.456415" lon="18.63076"><ele>333.2</ele></trkpt>
      <trkpt lat="48.456441" lon="18.630775"><ele>333.2</ele></trkpt>
      <trkpt lat="48.456466" lon="18.630787"><ele>333.2</ele></trkpt>
      <trkpt lat="48.456493" lon="18.630804"><ele>333.2</ele></trkpt>
      <trkpt lat="48.456522" lon="18.63082"><ele>333.2</ele></trkpt>
      <trkpt lat="48.456551" lon="18.630832"><ele>333.2</ele></trkpt>
      <trkpt lat="48.456583" lon="18.630843"><ele>333.2</ele></trkpt>
      <trkpt lat="48.456614" lon="18.63085"><ele>333.2</ele></trkpt>
      <trkpt lat="48.456648" lon="18.630858"><ele>333.2</ele></trkpt>
      <trkpt lat="48.456678" lon="18.630866"><ele>333</ele></trkpt>
      <trkpt lat="48.456707" lon="18.630874"><ele>333</ele></trkpt>
      <trkpt lat="48.456735" lon="18.630882"><ele>333</ele></trkpt>
      <trkpt lat="48.456759" lon="18.630887"><ele>332.8</ele></trkpt>
      <trkpt lat="48.456786" lon="18.630892"><ele>333</ele></trkpt>
      <trkpt lat="48.456813" lon="18.630893"><ele>333</ele></trkpt>
      <trkpt lat="48.45684" lon="18.630894"><ele>333</ele></trkpt>
      <trkpt lat="48.456869" lon="18.630898"><ele>333</ele></trkpt>
      <trkpt lat="48.456895" lon="18.630906"><ele>332.8</ele></trkpt>
      <trkpt lat="48.456921" lon="18.630915"><ele>332.8</ele></trkpt>
      <trkpt lat="48.456946" lon="18.630936"><ele>332.8</ele></trkpt>
      <trkpt lat="48.456974" lon="18.630958"><ele>333</ele></trkpt>
      <trkpt lat="48.456995" lon="18.630985"><ele>332.8</ele></trkpt>
      <trkpt lat="48.457016" lon="18.631018"><ele>332.8</ele></trkpt>
      <trkpt lat="48.457037" lon="18.63105"><ele>332.6</ele></trkpt>
      <trkpt lat="48.457056" lon="18.631082"><ele>332.6</ele></trkpt>
      <trkpt lat="48.457075" lon="18.631113"><ele>332.6</ele></trkpt>
      <trkpt lat="48.457094" lon="18.631146"><ele>332.4</ele></trkpt>
      <trkpt lat="48.457112" lon="18.631171"><ele>333</ele></trkpt>
      <trkpt lat="48.457127" lon="18.631205"><ele>333.8</ele></trkpt>
      <trkpt lat="48.45714" lon="18.63124"><ele>334.4</ele></trkpt>
      <trkpt lat="48.457152" lon="18.631269"><ele>334.6</ele></trkpt>
      <trkpt lat="48.457168" lon="18.631301"><ele>334.8</ele></trkpt>
      <trkpt lat="48.45718" lon="18.631332"><ele>334.8</ele></trkpt>
      <trkpt lat="48.457187" lon="18.631369"><ele>334.6</ele></trkpt>
      <trkpt lat="48.457185" lon="18.631415"><ele>334.6</ele></trkpt>
      <trkpt lat="48.457173" lon="18.631457"><ele>334.2</ele></trkpt>
      <trkpt lat="48.457156" lon="18.631497"><ele>334.2</ele></trkpt>
      <trkpt lat="48.45714" lon="18.631533"><ele>334</ele></trkpt>
      <trkpt lat="48.457117" lon="18.631576"><ele>334</ele></trkpt>
      <trkpt lat="48.457097" lon="18.631613"><ele>334</ele></trkpt>
      <trkpt lat="48.457075" lon="18.631652"><ele>333.6</ele></trkpt>
      <trkpt lat="48.457054" lon="18.631691"><ele>333.4</ele></trkpt>
      <trkpt lat="48.457037" lon="18.631729"><ele>333.2</ele></trkpt>
      <trkpt lat="48.457015" lon="18.631771"><ele>333</ele></trkpt>
      <trkpt lat="48.456994" lon="18.631812"><ele>332.8</ele></trkpt>
      <trkpt lat="48.456974" lon="18.63185"><ele>332.8</ele></trkpt>
      <trkpt lat="48.456952" lon="18.631895"><ele>332.8</ele></trkpt>
      <trkpt lat="48.456932" lon="18.631935"><ele>332.8</ele></trkpt>
      <trkpt lat="48.456912" lon="18.631979"><ele>333</ele></trkpt>
      <trkpt lat="48.456895" lon="18.632019"><ele>333</ele></trkpt>
      <trkpt lat="48.456876" lon="18.632061"><ele>333</ele></trkpt>
      <trkpt lat="48.456857" lon="18.632099"><ele>333.2</ele></trkpt>
      <trkpt lat="48.456837" lon="18.63214"><ele>333.2</ele></trkpt>
      <trkpt lat="48.456816" lon="18.632181"><ele>333</ele></trkpt>
      <trkpt lat="48.456797" lon="18.632216"><ele>333</ele></trkpt>
      <trkpt lat="48.45678" lon="18.632254"><ele>332.8</ele></trkpt>
      <trkpt lat="48.456764" lon="18.632293"><ele>332.6</ele></trkpt>
      <trkpt lat="48.456749" lon="18.632326"><ele>332.2</ele></trkpt>
      <trkpt lat="48.456725" lon="18.632355"><ele>332</ele></trkpt>
      <trkpt lat="48.456705" lon="18.632391"><ele>331.8</ele></trkpt>
      <trkpt lat="48.456689" lon="18.632434"><ele>331.8</ele></trkpt>
      <trkpt lat="48.456669" lon="18.632479"><ele>331.6</ele></trkpt>
      <trkpt lat="48.456654" lon="18.632521"><ele>331.6</ele></trkpt>
      <trkpt lat="48.456638" lon="18.632562"><ele>331.6</ele></trkpt>
      <trkpt lat="48.45662" lon="18.632603"><ele>331.4</ele></trkpt>
      <trkpt lat="48.456604" lon="18.632646"><ele>331.4</ele></trkpt>
      <trkpt lat="48.456585" lon="18.632691"><ele>331.6</ele></trkpt>
      <trkpt lat="48.45657" lon="18.63273"><ele>331.4</ele></trkpt>
      <trkpt lat="48.456549" lon="18.632771"><ele>331.2</ele></trkpt>
      <trkpt lat="48.456531" lon="18.632811"><ele>331.2</ele></trkpt>
      <trkpt lat="48.456513" lon="18.632852"><ele>331.2</ele></trkpt>
      <trkpt lat="48.456492" lon="18.63289"><ele>331</ele></trkpt>
      <trkpt lat="48.456472" lon="18.632924"><ele>330.8</ele></trkpt>
      <trkpt lat="48.456445" lon="18.632957"><ele>330.6</ele></trkpt>
      <trkpt lat="48.456419" lon="18.632989"><ele>330.4</ele></trkpt>
      <trkpt lat="48.456399" lon="18.633015"><ele>330.2</ele></trkpt>
      <trkpt lat="48.456374" lon="18.633044"><ele>329.8</ele></trkpt>
      <trkpt lat="48.456351" lon="18.633075"><ele>329.8</ele></trkpt>
      <trkpt lat="48.456326" lon="18.633111"><ele>329.8</ele></trkpt>
      <trkpt lat="48.456302" lon="18.633145"><ele>329.6</ele></trkpt>
      <trkpt lat="48.456283" lon="18.633186"><ele>329.6</ele></trkpt>
      <trkpt lat="48.456264" lon="18.633213"><ele>329.4</ele></trkpt>
      <trkpt lat="48.456232" lon="18.633256"><ele>329.2</ele></trkpt>
      <trkpt lat="48.456204" lon="18.633295"><ele>329</ele></trkpt>
      <trkpt lat="48.456174" lon="18.633339"><ele>328.8</ele></trkpt>
      <trkpt lat="48.45615" lon="18.633379"><ele>328.4</ele></trkpt>
      <trkpt lat="48.456124" lon="18.633422"><ele>328</ele></trkpt>
      <trkpt lat="48.456103" lon="18.63345"><ele>327.8</ele></trkpt>
      <trkpt lat="48.456073" lon="18.633487"><ele>327.6</ele></trkpt>
      <trkpt lat="48.456047" lon="18.633518"><ele>327.4</ele></trkpt>
      <trkpt lat="48.456025" lon="18.633549"><ele>327</ele></trkpt>
      <trkpt lat="48.456" lon="18.633585"><ele>326.8</ele></trkpt>
      <trkpt lat="48.455981" lon="18.633615"><ele>326.8</ele></trkpt>
      <trkpt lat="48.455955" lon="18.633649"><ele>326.4</ele></trkpt>
      <trkpt lat="48.455931" lon="18.633687"><ele>326.2</ele></trkpt>
      <trkpt lat="48.455907" lon="18.633722"><ele>326</ele></trkpt>
      <trkpt lat="48.455882" lon="18.633755"><ele>325.8</ele></trkpt>
      <trkpt lat="48.45586" lon="18.633784"><ele>325.4</ele></trkpt>
      <trkpt lat="48.455834" lon="18.633819"><ele>325</ele></trkpt>
      <trkpt lat="48.45581" lon="18.633847"><ele>324.6</ele></trkpt>
      <trkpt lat="48.45579" lon="18.633879"><ele>324.4</ele></trkpt>
      <trkpt lat="48.455768" lon="18.633913"><ele>324.4</ele></trkpt>
      <trkpt lat="48.455749" lon="18.633944"><ele>324.4</ele></trkpt>
      <trkpt lat="48.455726" lon="18.633975"><ele>324.4</ele></trkpt>
      <trkpt lat="48.455709" lon="18.634"><ele>324.6</ele></trkpt>
      <trkpt lat="48.455693" lon="18.634027"><ele>324.6</ele></trkpt>
      <trkpt lat="48.455672" lon="18.634053"><ele>324.6</ele></trkpt>
      <trkpt lat="48.455655" lon="18.634078"><ele>324.6</ele></trkpt>
      <trkpt lat="48.455633" lon="18.634106"><ele>324.6</ele></trkpt>
      <trkpt lat="48.455616" lon="18.634132"><ele>324.6</ele></trkpt>
      <trkpt lat="48.455597" lon="18.63416"><ele>324.6</ele></trkpt>
      <trkpt lat="48.455577" lon="18.634188"><ele>324.4</ele></trkpt>
      <trkpt lat="48.455556" lon="18.634207"><ele>324.4</ele></trkpt>
      <trkpt lat="48.455535" lon="18.634234"><ele>324.2</ele></trkpt>
      <trkpt lat="48.455518" lon="18.634265"><ele>324.2</ele></trkpt>
      <trkpt lat="48.455499" lon="18.634297"><ele>324.2</ele></trkpt>
      <trkpt lat="48.45548" lon="18.634328"><ele>324</ele></trkpt>
      <trkpt lat="48.455461" lon="18.634354"><ele>323.8</ele></trkpt>
      <trkpt lat="48.455437" lon="18.634385"><ele>323.6</ele></trkpt>
      <trkpt lat="48.455412" lon="18.634412"><ele>323.6</ele></trkpt>
      <trkpt lat="48.455392" lon="18.634438"><ele>323.4</ele></trkpt>
      <trkpt lat="48.455364" lon="18.634455"><ele>323.4</ele></trkpt>
      <trkpt lat="48.455336" lon="18.634453"><ele>323</ele></trkpt>
      <trkpt lat="48.45531" lon="18.634426"><ele>322.8</ele></trkpt>
      <trkpt lat="48.455289" lon="18.634386"><ele>322.2</ele></trkpt>
      <trkpt lat="48.455263" lon="18.634348"><ele>322</ele></trkpt>
      <trkpt lat="48.45524" lon="18.634308"><ele>322</ele></trkpt>
      <trkpt lat="48.455219" lon="18.634277"><ele>321.8</ele></trkpt>
      <trkpt lat="48.455198" lon="18.634243"><ele>322</ele></trkpt>
      <trkpt lat="48.455177" lon="18.634213"><ele>321.8</ele></trkpt>
      <trkpt lat="48.455151" lon="18.634188"><ele>322</ele></trkpt>
      <trkpt lat="48.455118" lon="18.634171"><ele>322</ele></trkpt>
      <trkpt lat="48.455095" lon="18.634192"><ele>321.8</ele></trkpt>
      <trkpt lat="48.455065" lon="18.634212"><ele>321.6</ele></trkpt>
      <trkpt lat="48.45504" lon="18.63423"><ele>321.6</ele></trkpt>
      <trkpt lat="48.455019" lon="18.634252"><ele>321.4</ele></trkpt>
      <trkpt lat="48.454992" lon="18.634274"><ele>321.4</ele></trkpt>
      <trkpt lat="48.45497" lon="18.634297"><ele>321</ele></trkpt>
      <trkpt lat="48.454946" lon="18.634323"><ele>320.8</ele></trkpt>
      <trkpt lat="48.454921" lon="18.634347"><ele>320.8</ele></trkpt>
      <trkpt lat="48.454898" lon="18.634375"><ele>320.8</ele></trkpt>
      <trkpt lat="48.454875" lon="18.6344"><ele>320.8</ele></trkpt>
      <trkpt lat="48.454853" lon="18.634425"><ele>320.6</ele></trkpt>
      <trkpt lat="48.454828" lon="18.634454"><ele>320.8</ele></trkpt>
      <trkpt lat="48.454802" lon="18.63448"><ele>320.8</ele></trkpt>
      <trkpt lat="48.454779" lon="18.634506"><ele>321</ele></trkpt>
      <trkpt lat="48.454754" lon="18.634529"><ele>321</ele></trkpt>
      <trkpt lat="48.454731" lon="18.634551"><ele>320.8</ele></trkpt>
      <trkpt lat="48.454704" lon="18.634579"><ele>320.8</ele></trkpt>
      <trkpt lat="48.454676" lon="18.634603"><ele>320.6</ele></trkpt>
      <trkpt lat="48.454653" lon="18.634622"><ele>320.6</ele></trkpt>
      <trkpt lat="48.454629" lon="18.634643"><ele>320.4</ele></trkpt>
      <trkpt lat="48.454603" lon="18.634661"><ele>320.4</ele></trkpt>
      <trkpt lat="48.454581" lon="18.634679"><ele>320.4</ele></trkpt>
      <trkpt lat="48.454556" lon="18.634696"><ele>320.2</ele></trkpt>
      <trkpt lat="48.45453" lon="18.634708"><ele>320.2</ele></trkpt>
      <trkpt lat="48.454505" lon="18.63473"><ele>320</ele></trkpt>
      <trkpt lat="48.45448" lon="18.634745"><ele>319.8</ele></trkpt>
      <trkpt lat="48.454454" lon="18.634763"><ele>319.6</ele></trkpt>
      <trkpt lat="48.454432" lon="18.634782"><ele>319.6</ele></trkpt>
      <trkpt lat="48.454406" lon="18.634806"><ele>319.4</ele></trkpt>
      <trkpt lat="48.454384" lon="18.634831"><ele>319.6</ele></trkpt>
      <trkpt lat="48.454361" lon="18.634852"><ele>319.6</ele></trkpt>
      <trkpt lat="48.454335" lon="18.634871"><ele>319.8</ele></trkpt>
      <trkpt lat="48.454313" lon="18.634893"><ele>319.8</ele></trkpt>
      <trkpt lat="48.454288" lon="18.634907"><ele>319.6</ele></trkpt>
      <trkpt lat="48.454263" lon="18.63493"><ele>319.6</ele></trkpt>
      <trkpt lat="48.454242" lon="18.634949"><ele>319.6</ele></trkpt>
      <trkpt lat="48.454216" lon="18.634966"><ele>319.8</ele></trkpt>
      <trkpt lat="48.454194" lon="18.634985"><ele>320</ele></trkpt>
      <trkpt lat="48.454168" lon="18.634996"><ele>320.2</ele></trkpt>
      <trkpt lat="48.454141" lon="18.634998"><ele>320.2</ele></trkpt>
      <trkpt lat="48.454115" lon="18.635004"><ele>320</ele></trkpt>
      <trkpt lat="48.454085" lon="18.635011"><ele>319.6</ele></trkpt>
      <trkpt lat="48.454058" lon="18.635012"><ele>319.4</ele></trkpt>
      <trkpt lat="48.454031" lon="18.635021"><ele>319.4</ele></trkpt>
      <trkpt lat="48.453999" lon="18.635026"><ele>319.2</ele></trkpt>
      <trkpt lat="48.453974" lon="18.63503"><ele>319</ele></trkpt>
      <trkpt lat="48.45394" lon="18.63504"><ele>318.8</ele></trkpt>
      <trkpt lat="48.453909" lon="18.635045"><ele>318.8</ele></trkpt>
      <trkpt lat="48.453884" lon="18.635051"><ele>318.6</ele></trkpt>
      <trkpt lat="48.453855" lon="18.63506"><ele>318.4</ele></trkpt>
      <trkpt lat="48.453827" lon="18.635062"><ele>318.4</ele></trkpt>
      <trkpt lat="48.453802" lon="18.635067"><ele>318.8</ele></trkpt>
      <trkpt lat="48.453769" lon="18.635072"><ele>318.8</ele></trkpt>
      <trkpt lat="48.453741" lon="18.635081"><ele>319</ele></trkpt>
      <trkpt lat="48.453713" lon="18.635091"><ele>319</ele></trkpt>
      <trkpt lat="48.45369" lon="18.635104"><ele>319</ele></trkpt>
      <trkpt lat="48.453668" lon="18.63512"><ele>318.8</ele></trkpt>
      <trkpt lat="48.453646" lon="18.635141"><ele>318.6</ele></trkpt>
      <trkpt lat="48.453626" lon="18.635164"><ele>318.4</ele></trkpt>
      <trkpt lat="48.453611" lon="18.635192"><ele>318.4</ele></trkpt>
      <trkpt lat="48.453603" lon="18.635228"><ele>318.2</ele></trkpt>
      <trkpt lat="48.4536" lon="18.635273"><ele>318.4</ele></trkpt>
      <trkpt lat="48.453599" lon="18.635312"><ele>318.2</ele></trkpt>
      <trkpt lat="48.453595" lon="18.635353"><ele>318.2</ele></trkpt>
      <trkpt lat="48.453592" lon="18.635396"><ele>318.4</ele></trkpt>
      <trkpt lat="48.453592" lon="18.635429"><ele>318</ele></trkpt>
      <trkpt lat="48.453591" lon="18.635472"><ele>317.8</ele></trkpt>
      <trkpt lat="48.45359" lon="18.635516"><ele>318</ele></trkpt>
      <trkpt lat="48.453589" lon="18.635557"><ele>318</ele></trkpt>
      <trkpt lat="48.453589" lon="18.635594"><ele>318</ele></trkpt>
      <trkpt lat="48.453589" lon="18.635635"><ele>317.8</ele></trkpt>
      <trkpt lat="48.453587" lon="18.635677"><ele>317.8</ele></trkpt>
      <trkpt lat="48.453587" lon="18.635714"><ele>317.8</ele></trkpt>
      <trkpt lat="48.453585" lon="18.635757"><ele>317.6</ele></trkpt>
      <trkpt lat="48.453584" lon="18.635798"><ele>317.8</ele></trkpt>
      <trkpt lat="48.453585" lon="18.635833"><ele>318</ele></trkpt>
      <trkpt lat="48.453584" lon="18.63588"><ele>318</ele></trkpt>
      <trkpt lat="48.453594" lon="18.635917"><ele>317.8</ele></trkpt>
      <trkpt lat="48.453609" lon="18.635957"><ele>318</ele></trkpt>
      <trkpt lat="48.453625" lon="18.636"><ele>318</ele></trkpt>
      <trkpt lat="48.453642" lon="18.636033"><ele>318</ele></trkpt>
      <trkpt lat="48.453658" lon="18.636072"><ele>318</ele></trkpt>
      <trkpt lat="48.453675" lon="18.636109"><ele>318</ele></trkpt>
      <trkpt lat="48.453693" lon="18.636144"><ele>318</ele></trkpt>
      <trkpt lat="48.453712" lon="18.636185"><ele>318</ele></trkpt>
      <trkpt lat="48.45373" lon="18.636221"><ele>318.2</ele></trkpt>
      <trkpt lat="48.453751" lon="18.636264"><ele>318.2</ele></trkpt>
      <trkpt lat="48.453768" lon="18.636303"><ele>318.2</ele></trkpt>
      <trkpt lat="48.453788" lon="18.636347"><ele>318</ele></trkpt>
      <trkpt lat="48.453805" lon="18.636394"><ele>318</ele></trkpt>
      <trkpt lat="48.453821" lon="18.636428"><ele>318</ele></trkpt>
      <trkpt lat="48.453839" lon="18.636474"><ele>318</ele></trkpt>
      <trkpt lat="48.453857" lon="18.636516"><ele>318.2</ele></trkpt>
      <trkpt lat="48.453872" lon="18.636555"><ele>318.2</ele></trkpt>
      <trkpt lat="48.453889" lon="18.636601"><ele>318.4</ele></trkpt>
      <trkpt lat="48.453905" lon="18.636637"><ele>318.2</ele></trkpt>
      <trkpt lat="48.453923" lon="18.63668"><ele>318.2</ele></trkpt>
      <trkpt lat="48.453941" lon="18.636719"><ele>318.4</ele></trkpt>
      <trkpt lat="48.453953" lon="18.636755"><ele>318.4</ele></trkpt>
      <trkpt lat="48.453965" lon="18.636795"><ele>318.2</ele></trkpt>
      <trkpt lat="48.453983" lon="18.636835"><ele>318.2</ele></trkpt>
      <trkpt lat="48.454005" lon="18.636882"><ele>318.4</ele></trkpt>
      <trkpt lat="48.454022" lon="18.636925"><ele>318.4</ele></trkpt>
      <trkpt lat="48.454039" lon="18.636964"><ele>318.2</ele></trkpt>
      <trkpt lat="48.454051" lon="18.637008"><ele>318</ele></trkpt>
      <trkpt lat="48.454063" lon="18.637042"><ele>318</ele></trkpt>
      <trkpt lat="48.45408" lon="18.637088"><ele>317.8</ele></trkpt>
      <trkpt lat="48.454098" lon="18.63713"><ele>317.8</ele></trkpt>
      <trkpt lat="48.454113" lon="18.637169"><ele>317.6</ele></trkpt>
      <trkpt lat="48.454129" lon="18.63721"><ele>317.6</ele></trkpt>
      <trkpt lat="48.454144" lon="18.637244"><ele>317.6</ele></trkpt>
      <trkpt lat="48.454163" lon="18.637278"><ele>317.6</ele></trkpt>
      <trkpt lat="48.454186" lon="18.637302"><ele>317.4</ele></trkpt>
      <trkpt lat="48.454214" lon="18.637306"><ele>317.6</ele></trkpt>
      <trkpt lat="48.454241" lon="18.637306"><ele>317.4</ele></trkpt>
      <trkpt lat="48.454267" lon="18.6373"><ele>317.4</ele></trkpt>
      <trkpt lat="48.454295" lon="18.637288"><ele>317.4</ele></trkpt>
      <trkpt lat="48.454323" lon="18.637281"><ele>317.8</ele></trkpt>
      <trkpt lat="48.454356" lon="18.63727"><ele>317.8</ele></trkpt>
    </trkseg>
  </trk>
  <trk>
    <name>Tajchová 8 - krátka trasa</name>
    <trkseg>
      <trkpt lat="48.453895" lon="18.637388"><ele>397.4</ele></trkpt>
      <trkpt lat="48.453921" lon="18.637384"><ele>397.6</ele></trkpt>
      <trkpt lat="48.453952" lon="18.637367"><ele>398.4</ele></trkpt>
      <trkpt lat="48.453993" lon="18.63735"><ele>399.4</ele></trkpt>
      <trkpt lat="48.45403" lon="18.637332"><ele>400.2</ele></trkpt>
      <trkpt lat="48.454068" lon="18.637317"><ele>401</ele></trkpt>
      <trkpt lat="48.454117" lon="18.637304"><ele>401.4</ele></trkpt>
      <trkpt lat="48.454155" lon="18.63729"><ele>402.2</ele></trkpt>
      <trkpt lat="48.454197" lon="18.637279"><ele>402.8</ele></trkpt>
      <trkpt lat="48.454238" lon="18.637263"><ele>403.4</ele></trkpt>
      <trkpt lat="48.454272" lon="18.637252"><ele>403.4</ele></trkpt>
      <trkpt lat="48.4543" lon="18.637244"><ele>403.8</ele></trkpt>
      <trkpt lat="48.454352" lon="18.637226"><ele>405</ele></trkpt>
      <trkpt lat="48.454394" lon="18.637211"><ele>405.4</ele></trkpt>
      <trkpt lat="48.454435" lon="18.637198"><ele>405.8</ele></trkpt>
      <trkpt lat="48.454469" lon="18.63718"><ele>406.4</ele></trkpt>
      <trkpt lat="48.454503" lon="18.637167"><ele>406.2</ele></trkpt>
      <trkpt lat="48.454533" lon="18.637146"><ele>407.4</ele></trkpt>
      <trkpt lat="48.454567" lon="18.637134"><ele>407.8</ele></trkpt>
      <trkpt lat="48.454599" lon="18.637123"><ele>408</ele></trkpt>
      <trkpt lat="48.45463" lon="18.637107"><ele>408.2</ele></trkpt>
      <trkpt lat="48.454665" lon="18.637091"><ele>408</ele></trkpt>
      <trkpt lat="48.454704" lon="18.637076"><ele>408.4</ele></trkpt>
      <trkpt lat="48.454713" lon="18.637053"><ele>407.6</ele></trkpt>
      <trkpt lat="48.454816" lon="18.637004"><ele>405.2</ele></trkpt>
      <trkpt lat="48.454852" lon="18.636998"><ele>405.2</ele></trkpt>
      <trkpt lat="48.45491" lon="18.63698"><ele>403.2</ele></trkpt>
      <trkpt lat="48.454971" lon="18.636973"><ele>400</ele></trkpt>
      <trkpt lat="48.455032" lon="18.636964"><ele>397.4</ele></trkpt>
      <trkpt lat="48.455078" lon="18.636952"><ele>395</ele></trkpt>
      <trkpt lat="48.455135" lon="18.636945"><ele>392.4</ele></trkpt>
      <trkpt lat="48.455186" lon="18.636927"><ele>390.4</ele></trkpt>
      <trkpt lat="48.455221" lon="18.636899"><ele>388.6</ele></trkpt>
      <trkpt lat="48.455264" lon="18.636882"><ele>386.4</ele></trkpt>
      <trkpt lat="48.455313" lon="18.636873"><ele>383.6</ele></trkpt>
      <trkpt lat="48.455364" lon="18.636854"><ele>382</ele></trkpt>
      <trkpt lat="48.45541" lon="18.636818"><ele>380.2</ele></trkpt>
      <trkpt lat="48.45546" lon="18.636791"><ele>378.6</ele></trkpt>
      <trkpt lat="48.455505" lon="18.636769"><ele>377</ele></trkpt>
      <trkpt lat="48.455542" lon="18.636747"><ele>375.8</ele></trkpt>
      <trkpt lat="48.455576" lon="18.636732"><ele>374.4</ele></trkpt>
      <trkpt lat="48.455602" lon="18.636706"><ele>373.4</ele></trkpt>
      <trkpt lat="48.455632" lon="18.636675"><ele>372.6</ele></trkpt>
      <trkpt lat="48.455661" lon="18.636649"><ele>371.4</ele></trkpt>
      <trkpt lat="48.455697" lon="18.636633"><ele>370</ele></trkpt>
      <trkpt lat="48.455736" lon="18.636608"><ele>369.6</ele></trkpt>
      <trkpt lat="48.455769" lon="18.636581"><ele>368.8</ele></trkpt>
      <trkpt lat="48.455807" lon="18.636558"><ele>368</ele></trkpt>
      <trkpt lat="48.45584" lon="18.636537"><ele>367.2</ele></trkpt>
      <trkpt lat="48.455876" lon="18.636515"><ele>366.4</ele></trkpt>
      <trkpt lat="48.455912" lon="18.63649"><ele>365.6</ele></trkpt>
      <trkpt lat="48.455941" lon="18.636463"><ele>364.8</ele></trkpt>
      <trkpt lat="48.455975" lon="18.636436"><ele>364.2</ele></trkpt>
      <trkpt lat="48.455991" lon="18.636411"><ele>363.8</ele></trkpt>
      <trkpt lat="48.456034" lon="18.636379"><ele>362.8</ele></trkpt>
      <trkpt lat="48.456069" lon="18.63636"><ele>362</ele></trkpt>
      <trkpt lat="48.456107" lon="18.63633"><ele>361.2</ele></trkpt>
      <trkpt lat="48.456137" lon="18.636308"><ele>360.4</ele></trkpt>
      <trkpt lat="48.45617" lon="18.636287"><ele>359.6</ele></trkpt>
      <trkpt lat="48.45616" lon="18.636263"><ele>358.4</ele></trkpt>
      <trkpt lat="48.456191" lon="18.636225"><ele>357</ele></trkpt>
      <trkpt lat="48.456219" lon="18.636201"><ele>355.8</ele></trkpt>
      <trkpt lat="48.456244" lon="18.636165"><ele>355.2</ele></trkpt>
      <trkpt lat="48.45626" lon="18.63612"><ele>354.8</ele></trkpt>
      <trkpt lat="48.456277" lon="18.636077"><ele>354.4</ele></trkpt>
      <trkpt lat="48.456298" lon="18.636048"><ele>353.6</ele></trkpt>
      <trkpt lat="48.456317" lon="18.636001"><ele>352.8</ele></trkpt>
      <trkpt lat="48.45633" lon="18.635948"><ele>351.8</ele></trkpt>
      <trkpt lat="48.456335" lon="18.635904"><ele>351.6</ele></trkpt>
      <trkpt lat="48.456345" lon="18.635855"><ele>351.2</ele></trkpt>
      <trkpt lat="48.456351" lon="18.635809"><ele>351</ele></trkpt>
      <trkpt lat="48.456352" lon="18.635778"><ele>350.8</ele></trkpt>
      <trkpt lat="48.456354" lon="18.635718"><ele>350.4</ele></trkpt>
      <trkpt lat="48.456346" lon="18.635683"><ele>350.2</ele></trkpt>
      <trkpt lat="48.456339" lon="18.635633"><ele>349.8</ele></trkpt>
      <trkpt lat="48.456333" lon="18.635594"><ele>349.2</ele></trkpt>
      <trkpt lat="48.456323" lon="18.635542"><ele>349</ele></trkpt>
      <trkpt lat="48.456307" lon="18.635513"><ele>348.4</ele></trkpt>
      <trkpt lat="48.456296" lon="18.635481"><ele>347.8</ele></trkpt>
      <trkpt lat="48.456277" lon="18.635458"><ele>347.2</ele></trkpt>
      <trkpt lat="48.456256" lon="18.635441"><ele>346.4</ele></trkpt>
      <trkpt lat="48.456228" lon="18.635425"><ele>346.2</ele></trkpt>
      <trkpt lat="48.4562" lon="18.635414"><ele>345.6</ele></trkpt>
      <trkpt lat="48.456172" lon="18.635398"><ele>344.8</ele></trkpt>
      <trkpt lat="48.456143" lon="18.635383"><ele>344.2</ele></trkpt>
      <trkpt lat="48.456117" lon="18.635379"><ele>343.6</ele></trkpt>
      <trkpt lat="48.456089" lon="18.635368"><ele>343</ele></trkpt>
      <trkpt lat="48.456061" lon="18.635357"><ele>342.6</ele></trkpt>
      <trkpt lat="48.456039" lon="18.635347"><ele>342.4</ele></trkpt>
      <trkpt lat="48.45601" lon="18.635338"><ele>342.6</ele></trkpt>
      <trkpt lat="48.455984" lon="18.635321"><ele>342.4</ele></trkpt>
      <trkpt lat="48.455961" lon="18.635317"><ele>342.2</ele></trkpt>
      <trkpt lat="48.455928" lon="18.635308"><ele>341.4</ele></trkpt>
      <trkpt lat="48.455904" lon="18.635308"><ele>341</ele></trkpt>
      <trkpt lat="48.455863" lon="18.63528"><ele>340.2</ele></trkpt>
      <trkpt lat="48.455833" lon="18.635266"><ele>340</ele></trkpt>
      <trkpt lat="48.455803" lon="18.635257"><ele>339.6</ele></trkpt>
      <trkpt lat="48.455772" lon="18.63525"><ele>339.4</ele></trkpt>
      <trkpt lat="48.455754" lon="18.635251"><ele>339.4</ele></trkpt>
      <trkpt lat="48.455724" lon="18.635248"><ele>339</ele></trkpt>
      <trkpt lat="48.455694" lon="18.635247"><ele>339</ele></trkpt>
      <trkpt lat="48.455671" lon="18.635242"><ele>338.6</ele></trkpt>
      <trkpt lat="48.455643" lon="18.635237"><ele>338.4</ele></trkpt>
      <trkpt lat="48.455615" lon="18.635233"><ele>337.8</ele></trkpt>
      <trkpt lat="48.455585" lon="18.635217"><ele>337.4</ele></trkpt>
      <trkpt lat="48.455557" lon="18.635195"><ele>338</ele></trkpt>
      <trkpt lat="48.455532" lon="18.635168"><ele>337.6</ele></trkpt>
      <trkpt lat="48.455511" lon="18.635134"><ele>337.4</ele></trkpt>
      <trkpt lat="48.455493" lon="18.635096"><ele>337.2</ele></trkpt>
      <trkpt lat="48.455478" lon="18.635047"><ele>337</ele></trkpt>
      <trkpt lat="48.45547" lon="18.635004"><ele>337</ele></trkpt>
      <trkpt lat="48.455467" lon="18.634952"><ele>336.8</ele></trkpt>
      <trkpt lat="48.455457" lon="18.634909"><ele>336.6</ele></trkpt>
      <trkpt lat="48.455445" lon="18.634872"><ele>336.4</ele></trkpt>
      <trkpt lat="48.455428" lon="18.634814"><ele>336.2</ele></trkpt>
      <trkpt lat="48.455416" lon="18.634759"><ele>335.8</ele></trkpt>
      <trkpt lat="48.455394" lon="18.634711"><ele>336</ele></trkpt>
      <trkpt lat="48.455383" lon="18.634657"><ele>335.4</ele></trkpt>
      <trkpt lat="48.455368" lon="18.634609"><ele>335.2</ele></trkpt>
      <trkpt lat="48.455355" lon="18.634556"><ele>335.2</ele></trkpt>
      <trkpt lat="48.455357" lon="18.634581"><ele>334.8</ele></trkpt>
      <trkpt lat="48.455319" lon="18.634492"><ele>334.4</ele></trkpt>
      <trkpt lat="48.455312" lon="18.634432"><ele>334.2</ele></trkpt>
      <trkpt lat="48.455321" lon="18.634387"><ele>333.8</ele></trkpt>
      <trkpt lat="48.455354" lon="18.634351"><ele>334.4</ele></trkpt>
      <trkpt lat="48.455377" lon="18.634331"><ele>334.6</ele></trkpt>
      <trkpt lat="48.455399" lon="18.634302"><ele>335</ele></trkpt>
      <trkpt lat="48.455421" lon="18.634275"><ele>335.4</ele></trkpt>
      <trkpt lat="48.455438" lon="18.63426"><ele>335.4</ele></trkpt>
      <trkpt lat="48.455465" lon="18.634238"><ele>335.2</ele></trkpt>
      <trkpt lat="48.455479" lon="18.634209"><ele>335.2</ele></trkpt>
      <trkpt lat="48.455503" lon="18.63419"><ele>335</ele></trkpt>
      <trkpt lat="48.45553" lon="18.634164"><ele>335.2</ele></trkpt>
      <trkpt lat="48.455543" lon="18.634144"><ele>335</ele></trkpt>
      <trkpt lat="48.455566" lon="18.634111"><ele>334.6</ele></trkpt>
      <trkpt lat="48.455584" lon="18.634083"><ele>334.4</ele></trkpt>
      <trkpt lat="48.455601" lon="18.634062"><ele>334.4</ele></trkpt>
      <trkpt lat="48.455625" lon="18.634032"><ele>334.2</ele></trkpt>
      <trkpt lat="48.455649" lon="18.633997"><ele>334</ele></trkpt>
      <trkpt lat="48.455668" lon="18.633969"><ele>333.8</ele></trkpt>
      <trkpt lat="48.45569" lon="18.633942"><ele>333.2</ele></trkpt>
      <trkpt lat="48.455711" lon="18.633911"><ele>333.2</ele></trkpt>
      <trkpt lat="48.455735" lon="18.63388"><ele>333</ele></trkpt>
      <trkpt lat="48.455755" lon="18.633859"><ele>333</ele></trkpt>
      <trkpt lat="48.455781" lon="18.633831"><ele>333</ele></trkpt>
      <trkpt lat="48.455804" lon="18.633806"><ele>333</ele></trkpt>
      <trkpt lat="48.455823" lon="18.633778"><ele>333</ele></trkpt>
      <trkpt lat="48.455847" lon="18.633752"><ele>332.6</ele></trkpt>
      <trkpt lat="48.455868" lon="18.633729"><ele>332.8</ele></trkpt>
      <trkpt lat="48.455892" lon="18.633707"><ele>332.8</ele></trkpt>
      <trkpt lat="48.455912" lon="18.633673"><ele>332</ele></trkpt>
      <trkpt lat="48.455943" lon="18.633628"><ele>331.4</ele></trkpt>
      <trkpt lat="48.455964" lon="18.633592"><ele>331.2</ele></trkpt>
      <trkpt lat="48.455987" lon="18.633557"><ele>330.8</ele></trkpt>
      <trkpt lat="48.456005" lon="18.633528"><ele>330.6</ele></trkpt>
      <trkpt lat="48.45603" lon="18.633496"><ele>330.6</ele></trkpt>
      <trkpt lat="48.456054" lon="18.633464"><ele>330.4</ele></trkpt>
      <trkpt lat="48.456074" lon="18.633436"><ele>330.2</ele></trkpt>
      <trkpt lat="48.456096" lon="18.633404"><ele>330.2</ele></trkpt>
      <trkpt lat="48.456115" lon="18.633376"><ele>330</ele></trkpt>
      <trkpt lat="48.456137" lon="18.633352"><ele>329.8</ele></trkpt>
      <trkpt lat="48.456156" lon="18.633324"><ele>329.6</ele></trkpt>
      <trkpt lat="48.456176" lon="18.633295"><ele>329.4</ele></trkpt>
      <trkpt lat="48.456198" lon="18.63326"><ele>329.4</ele></trkpt>
      <trkpt lat="48.456214" lon="18.633224"><ele>329.4</ele></trkpt>
      <trkpt lat="48.456235" lon="18.633188"><ele>329.4</ele></trkpt>
      <trkpt lat="48.456252" lon="18.633157"><ele>329.4</ele></trkpt>
      <trkpt lat="48.456269" lon="18.633123"><ele>329.2</ele></trkpt>
      <trkpt lat="48.456287" lon="18.633087"><ele>329.4</ele></trkpt>
      <trkpt lat="48.4563" lon="18.633058"><ele>329.4</ele></trkpt>
      <trkpt lat="48.456321" lon="18.633038"><ele>329.8</ele></trkpt>
      <trkpt lat="48.45634" lon="18.633015"><ele>329.8</ele></trkpt>
      <trkpt lat="48.456356" lon="18.632994"><ele>329.6</ele></trkpt>
      <trkpt lat="48.456378" lon="18.632967"><ele>329.6</ele></trkpt>
      <trkpt lat="48.456401" lon="18.632944"><ele>329.6</ele></trkpt>
      <trkpt lat="48.456425" lon="18.632926"><ele>329.2</ele></trkpt>
      <trkpt lat="48.456444" lon="18.632907"><ele>328.8</ele></trkpt>
      <trkpt lat="48.456463" lon="18.632884"><ele>328.6</ele></trkpt>
      <trkpt lat="48.45648" lon="18.632852"><ele>328.4</ele></trkpt>
      <trkpt lat="48.456495" lon="18.632822"><ele>328.6</ele></trkpt>
      <trkpt lat="48.456512" lon="18.632787"><ele>328.6</ele></trkpt>
      <trkpt lat="48.456529" lon="18.632755"><ele>328.4</ele></trkpt>
      <trkpt lat="48.456545" lon="18.632724"><ele>328.2</ele></trkpt>
      <trkpt lat="48.456563" lon="18.632692"><ele>328</ele></trkpt>
      <trkpt lat="48.456577" lon="18.632659"><ele>328.2</ele></trkpt>
      <trkpt lat="48.456593" lon="18.632623"><ele>328</ele></trkpt>
      <trkpt lat="48.45661" lon="18.632587"><ele>327.8</ele></trkpt>
      <trkpt lat="48.456626" lon="18.632555"><ele>327.4</ele></trkpt>
      <trkpt lat="48.456643" lon="18.63252"><ele>327.4</ele></trkpt>
      <trkpt lat="48.456657" lon="18.632486"><ele>327.2</ele></trkpt>
      <trkpt lat="48.456669" lon="18.632459"><ele>327</ele></trkpt>
      <trkpt lat="48.45669" lon="18.632416"><ele>326.8</ele></trkpt>
      <trkpt lat="48.456706" lon="18.632382"><ele>326.8</ele></trkpt>
      <trkpt lat="48.456726" lon="18.632345"><ele>326.8</ele></trkpt>
      <trkpt lat="48.456741" lon="18.632311"><ele>326.8</ele></trkpt>
      <trkpt lat="48.456758" lon="18.632275"><ele>327</ele></trkpt>
      <trkpt lat="48.456774" lon="18.632239"><ele>327.2</ele></trkpt>
      <trkpt lat="48.456789" lon="18.632206"><ele>327.4</ele></trkpt>
      <trkpt lat="48.456808" lon="18.632167"><ele>327.6</ele></trkpt>
      <trkpt lat="48.456823" lon="18.632133"><ele>327.8</ele></trkpt>
      <trkpt lat="48.456839" lon="18.632102"><ele>328</ele></trkpt>
      <trkpt lat="48.456859" lon="18.632074"><ele>328.2</ele></trkpt>
      <trkpt lat="48.456874" lon="18.632048"><ele>328.2</ele></trkpt>
      <trkpt lat="48.456892" lon="18.632013"><ele>328.4</ele></trkpt>
      <trkpt lat="48.456911" lon="18.63198"><ele>328.6</ele></trkpt>
      <trkpt lat="48.456926" lon="18.631946"><ele>328.6</ele></trkpt>
      <trkpt lat="48.456944" lon="18.631911"><ele>328.8</ele></trkpt>
      <trkpt lat="48.456959" lon="18.63188"><ele>329</ele></trkpt>
      <trkpt lat="48.456977" lon="18.631848"><ele>329</ele></trkpt>
      <trkpt lat="48.456999" lon="18.631821"><ele>329</ele></trkpt>
      <trkpt lat="48.457019" lon="18.631792"><ele>329.2</ele></trkpt>
      <trkpt lat="48.457037" lon="18.631758"><ele>329.4</ele></trkpt>
      <trkpt lat="48.457051" lon="18.631726"><ele>329.4</ele></trkpt>
      <trkpt lat="48.457068" lon="18.631694"><ele>329.4</ele></trkpt>
      <trkpt lat="48.457085" lon="18.631666"><ele>329.6</ele></trkpt>
      <trkpt lat="48.457099" lon="18.631632"><ele>329.8</ele></trkpt>
      <trkpt lat="48.457114" lon="18.631595"><ele>330</ele></trkpt>
      <trkpt lat="48.457128" lon="18.631563"><ele>330.2</ele></trkpt>
      <trkpt lat="48.457148" lon="18.631531"><ele>330.2</ele></trkpt>
      <trkpt lat="48.457164" lon="18.6315"><ele>330.4</ele></trkpt>
      <trkpt lat="48.457175" lon="18.631466"><ele>330.4</ele></trkpt>
      <trkpt lat="48.457168" lon="18.631419"><ele>330.8</ele></trkpt>
      <trkpt lat="48.457155" lon="18.631382"><ele>330.6</ele></trkpt>
      <trkpt lat="48.457137" lon="18.63135"><ele>330.4</ele></trkpt>
      <trkpt lat="48.457118" lon="18.631317"><ele>330.2</ele></trkpt>
      <trkpt lat="48.457095" lon="18.631286"><ele>330.4</ele></trkpt>
      <trkpt lat="48.457072" lon="18.631253"><ele>330.4</ele></trkpt>
      <trkpt lat="48.45705" lon="18.631221"><ele>330.2</ele></trkpt>
      <trkpt lat="48.457025" lon="18.631189"><ele>330.2</ele></trkpt>
      <trkpt lat="48.457004" lon="18.631149"><ele>330.2</ele></trkpt>
      <trkpt lat="48.456984" lon="18.631111"><ele>330.4</ele></trkpt>
      <trkpt lat="48.45697" lon="18.631067"><ele>330.4</ele></trkpt>
      <trkpt lat="48.456964" lon="18.631025"><ele>330.6</ele></trkpt>
      <trkpt lat="48.456967" lon="18.630979"><ele>330.8</ele></trkpt>
      <trkpt lat="48.456978" lon="18.630943"><ele>331.2</ele></trkpt>
      <trkpt lat="48.456995" lon="18.63092"><ele>331.2</ele></trkpt>
      <trkpt lat="48.457018" lon="18.630894"><ele>331.4</ele></trkpt>
      <trkpt lat="48.45704" lon="18.630871"><ele>331.4</ele></trkpt>
      <trkpt lat="48.457064" lon="18.630847"><ele>331.6</ele></trkpt>
      <trkpt lat="48.45709" lon="18.630825"><ele>331.8</ele></trkpt>
      <trkpt lat="48.457117" lon="18.630805"><ele>332</ele></trkpt>
      <trkpt lat="48.457144" lon="18.630785"><ele>332.2</ele></trkpt>
      <trkpt lat="48.457168" lon="18.630764"><ele>332.4</ele></trkpt>
      <trkpt lat="48.457191" lon="18.630755"><ele>332.6</ele></trkpt>
      <trkpt lat="48.457216" lon="18.630747"><ele>332.8</ele></trkpt>
      <trkpt lat="48.457245" lon="18.630727"><ele>333</ele></trkpt>
      <trkpt lat="48.457265" lon="18.6307"><ele>332.8</ele></trkpt>
      <trkpt lat="48.457287" lon="18.630681"><ele>332.8</ele></trkpt>
      <trkpt lat="48.457312" lon="18.630659"><ele>332.8</ele></trkpt>
      <trkpt lat="48.457338" lon="18.630638"><ele>332.8</ele></trkpt>
      <trkpt lat="48.457357" lon="18.630624"><ele>332.4</ele></trkpt>
      <trkpt lat="48.457389" lon="18.630594"><ele>332</ele></trkpt>
      <trkpt lat="48.45741" lon="18.630564"><ele>332</ele></trkpt>
      <trkpt lat="48.457429" lon="18.630536"><ele>331.8</ele></trkpt>
      <trkpt lat="48.457451" lon="18.630512"><ele>331.8</ele></trkpt>
      <trkpt lat="48.45748" lon="18.630494"><ele>331.8</ele></trkpt>
      <trkpt lat="48.457504" lon="18.630471"><ele>331.8</ele></trkpt>
      <trkpt lat="48.457531" lon="18.630446"><ele>331.8</ele></trkpt>
      <trkpt lat="48.457562" lon="18.630422"><ele>331.6</ele></trkpt>
      <trkpt lat="48.457586" lon="18.630396"><ele>331.6</ele></trkpt>
      <trkpt lat="48.457607" lon="18.630371"><ele>331.8</ele></trkpt>
      <trkpt lat="48.457629" lon="18.630346"><ele>331.8</ele></trkpt>
      <trkpt lat="48.457651" lon="18.630324"><ele>331.8</ele></trkpt>
      <trkpt lat="48.457677" lon="18.6303"><ele>331.6</ele></trkpt>
      <trkpt lat="48.457702" lon="18.630272"><ele>331.8</ele></trkpt>
      <trkpt lat="48.457726" lon="18.630247"><ele>331.6</ele></trkpt>
      <trkpt lat="48.457748" lon="18.630223"><ele>331.6</ele></trkpt>
      <trkpt lat="48.457771" lon="18.6302"><ele>331.6</ele></trkpt>
      <trkpt lat="48.457794" lon="18.630174"><ele>331.6</ele></trkpt>
      <trkpt lat="48.457817" lon="18.630146"><ele>331.8</ele></trkpt>
      <trkpt lat="48.457843" lon="18.630117"><ele>331.8</ele></trkpt>
      <trkpt lat="48.457864" lon="18.630088"><ele>331.8</ele></trkpt>
      <trkpt lat="48.457886" lon="18.630064"><ele>332</ele></trkpt>
      <trkpt lat="48.457912" lon="18.630035"><ele>332</ele></trkpt>
      <trkpt lat="48.457935" lon="18.630007"><ele>332.2</ele></trkpt>
      <trkpt lat="48.457962" lon="18.629985"><ele>332.4</ele></trkpt>
      <trkpt lat="48.457985" lon="18.629959"><ele>332.6</ele></trkpt>
      <trkpt lat="48.458005" lon="18.629929"><ele>332.6</ele></trkpt>
      <trkpt lat="48.458025" lon="18.629899"><ele>332.8</ele></trkpt>
      <trkpt lat="48.458047" lon="18.629873"><ele>333</ele></trkpt>
      <trkpt lat="48.458067" lon="18.629849"><ele>333</ele></trkpt>
      <trkpt lat="48.45809" lon="18.629829"><ele>333</ele></trkpt>
      <trkpt lat="48.458112" lon="18.629807"><ele>333.2</ele></trkpt>
      <trkpt lat="48.458133" lon="18.629781"><ele>333.2</ele></trkpt>
      <trkpt lat="48.458157" lon="18.629758"><ele>333.6</ele></trkpt>
      <trkpt lat="48.458181" lon="18.629732"><ele>333.8</ele></trkpt>
      <trkpt lat="48.4582" lon="18.629703"><ele>334</ele></trkpt>
      <trkpt lat="48.458219" lon="18.629676"><ele>334.2</ele></trkpt>
      <trkpt lat="48.458246" lon="18.629654"><ele>334</ele></trkpt>
      <trkpt lat="48.458265" lon="18.62963"><ele>333.8</ele></trkpt>
      <trkpt lat="48.458282" lon="18.629605"><ele>333.8</ele></trkpt>
      <trkpt lat="48.458293" lon="18.629574"><ele>334</ele></trkpt>
      <trkpt lat="48.458309" lon="18.629548"><ele>334.2</ele></trkpt>
      <trkpt lat="48.458326" lon="18.629519"><ele>334.4</ele></trkpt>
      <trkpt lat="48.458342" lon="18.629489"><ele>334.6</ele></trkpt>
      <trkpt lat="48.458358" lon="18.629455"><ele>334.8</ele></trkpt>
      <trkpt lat="48.458376" lon="18.629419"><ele>335.2</ele></trkpt>
      <trkpt lat="48.458391" lon="18.629392"><ele>335.4</ele></trkpt>
      <trkpt lat="48.458409" lon="18.629364"><ele>335.6</ele></trkpt>
      <trkpt lat="48.458426" lon="18.629339"><ele>335.4</ele></trkpt>
      <trkpt lat="48.458447" lon="18.629312"><ele>335.6</ele></trkpt>
      <trkpt lat="48.45847" lon="18.629291"><ele>335.6</ele></trkpt>
      <trkpt lat="48.458485" lon="18.629265"><ele>336.2</ele></trkpt>
      <trkpt lat="48.458513" lon="18.629235"><ele>336.2</ele></trkpt>
      <trkpt lat="48.458532" lon="18.629203"><ele>336.6</ele></trkpt>
      <trkpt lat="48.458545" lon="18.629167"><ele>336.8</ele></trkpt>
      <trkpt lat="48.45857" lon="18.629136"><ele>336.6</ele></trkpt>
      <trkpt lat="48.458588" lon="18.629106"><ele>336.8</ele></trkpt>
      <trkpt lat="48.458613" lon="18.629076"><ele>336.8</ele></trkpt>
      <trkpt lat="48.458636" lon="18.629047"><ele>336.8</ele></trkpt>
      <trkpt lat="48.458655" lon="18.629017"><ele>336.6</ele></trkpt>
      <trkpt lat="48.458674" lon="18.628985"><ele>336.8</ele></trkpt>
      <trkpt lat="48.458691" lon="18.628955"><ele>337</ele></trkpt>
      <trkpt lat="48.45871" lon="18.628932"><ele>337</ele></trkpt>
      <trkpt lat="48.458731" lon="18.628914"><ele>337</ele></trkpt>
      <trkpt lat="48.458748" lon="18.628892"><ele>337</ele></trkpt>
      <trkpt lat="48.458771" lon="18.628873"><ele>337.2</ele></trkpt>
      <trkpt lat="48.458793" lon="18.628853"><ele>337.4</ele></trkpt>
      <trkpt lat="48.458819" lon="18.628832"><ele>337.8</ele></trkpt>
      <trkpt lat="48.458839" lon="18.628811"><ele>337.8</ele></trkpt>
      <trkpt lat="48.458857" lon="18.628786"><ele>338</ele></trkpt>
      <trkpt lat="48.458874" lon="18.628758"><ele>338.2</ele></trkpt>
      <trkpt lat="48.458892" lon="18.628734"><ele>338</ele></trkpt>
      <trkpt lat="48.458911" lon="18.628711"><ele>338.2</ele></trkpt>
      <trkpt lat="48.458926" lon="18.628686"><ele>338.6</ele></trkpt>
      <trkpt lat="48.458941" lon="18.62866"><ele>338.8</ele></trkpt>
      <trkpt lat="48.458958" lon="18.628634"><ele>339</ele></trkpt>
      <trkpt lat="48.458976" lon="18.628608"><ele>339.4</ele></trkpt>
      <trkpt lat="48.458984" lon="18.62858"><ele>339.4</ele></trkpt>
      <trkpt lat="48.459006" lon="18.628551"><ele>339.4</ele></trkpt>
      <trkpt lat="48.459035" lon="18.628525"><ele>339.4</ele></trkpt>
      <trkpt lat="48.459051" lon="18.628493"><ele>339.8</ele></trkpt>
      <trkpt lat="48.459064" lon="18.628448"><ele>340</ele></trkpt>
      <trkpt lat="48.459082" lon="18.628416"><ele>340.4</ele></trkpt>
      <trkpt lat="48.459096" lon="18.628394"><ele>340.6</ele></trkpt>
      <trkpt lat="48.459117" lon="18.62837"><ele>340.6</ele></trkpt>
      <trkpt lat="48.459136" lon="18.628346"><ele>340.8</ele></trkpt>
      <trkpt lat="48.459155" lon="18.628319"><ele>340.6</ele></trkpt>
      <trkpt lat="48.459169" lon="18.628289"><ele>340.8</ele></trkpt>
      <trkpt lat="48.459183" lon="18.62826"><ele>340.8</ele></trkpt>
      <trkpt lat="48.459202" lon="18.628234"><ele>340.8</ele></trkpt>
      <trkpt lat="48.45922" lon="18.628209"><ele>340.8</ele></trkpt>
      <trkpt lat="48.459235" lon="18.628184"><ele>340.8</ele></trkpt>
      <trkpt lat="48.459254" lon="18.628156"><ele>341</ele></trkpt>
      <trkpt lat="48.459272" lon="18.628127"><ele>341.4</ele></trkpt>
      <trkpt lat="48.459292" lon="18.628094"><ele>341.8</ele></trkpt>
      <trkpt lat="48.459307" lon="18.628063"><ele>342.4</ele></trkpt>
      <trkpt lat="48.459331" lon="18.628043"><ele>343.2</ele></trkpt>
      <trkpt lat="48.459357" lon="18.628018"><ele>343.6</ele></trkpt>
      <trkpt lat="48.459385" lon="18.627997"><ele>344</ele></trkpt>
      <trkpt lat="48.459413" lon="18.627975"><ele>344.4</ele></trkpt>
      <trkpt lat="48.459441" lon="18.627954"><ele>344.6</ele></trkpt>
      <trkpt lat="48.459463" lon="18.627933"><ele>345</ele></trkpt>
      <trkpt lat="48.459485" lon="18.627907"><ele>345.2</ele></trkpt>
      <trkpt lat="48.459506" lon="18.627882"><ele>345.4</ele></trkpt>
      <trkpt lat="48.459528" lon="18.627858"><ele>345.4</ele></trkpt>
      <trkpt lat="48.459548" lon="18.627835"><ele>345.4</ele></trkpt>
      <trkpt lat="48.459565" lon="18.627813"><ele>345.4</ele></trkpt>
      <trkpt lat="48.459583" lon="18.627791"><ele>345.4</ele></trkpt>
      <trkpt lat="48.459604" lon="18.627767"><ele>345.4</ele></trkpt>
      <trkpt lat="48.459634" lon="18.627749"><ele>345.8</ele></trkpt>
      <trkpt lat="48.459653" lon="18.627723"><ele>346</ele></trkpt>
      <trkpt lat="48.459674" lon="18.627702"><ele>346</ele></trkpt>
      <trkpt lat="48.459698" lon="18.627684"><ele>346.2</ele></trkpt>
      <trkpt lat="48.459723" lon="18.627674"><ele>346</ele></trkpt>
      <trkpt lat="48.459748" lon="18.62766"><ele>346</ele></trkpt>
      <trkpt lat="48.459771" lon="18.627643"><ele>346.2</ele></trkpt>
      <trkpt lat="48.459791" lon="18.627627"><ele>346</ele></trkpt>
      <trkpt lat="48.459806" lon="18.627604"><ele>345.8</ele></trkpt>
      <trkpt lat="48.459824" lon="18.627586"><ele>345.6</ele></trkpt>
      <trkpt lat="48.459841" lon="18.627568"><ele>345.8</ele></trkpt>
      <trkpt lat="48.459868" lon="18.627546"><ele>345.8</ele></trkpt>
      <trkpt lat="48.459891" lon="18.627529"><ele>345.8</ele></trkpt>
      <trkpt lat="48.45991" lon="18.62751"><ele>345.6</ele></trkpt>
      <trkpt lat="48.459926" lon="18.62749"><ele>345.8</ele></trkpt>
      <trkpt lat="48.459942" lon="18.627466"><ele>345.8</ele></trkpt>
      <trkpt lat="48.459958" lon="18.62745"><ele>346</ele></trkpt>
      <trkpt lat="48.459975" lon="18.627432"><ele>346.4</ele></trkpt>
      <trkpt lat="48.459996" lon="18.627405"><ele>346.4</ele></trkpt>
      <trkpt lat="48.460016" lon="18.627379"><ele>346.2</ele></trkpt>
      <trkpt lat="48.460034" lon="18.627352"><ele>346.4</ele></trkpt>
      <trkpt lat="48.460052" lon="18.627328"><ele>346.6</ele></trkpt>
      <trkpt lat="48.460074" lon="18.627305"><ele>346.6</ele></trkpt>
      <trkpt lat="48.460088" lon="18.627277"><ele>346.4</ele></trkpt>
      <trkpt lat="48.4601" lon="18.627251"><ele>346.6</ele></trkpt>
      <trkpt lat="48.460121" lon="18.627225"><ele>346.8</ele></trkpt>
      <trkpt lat="48.460137" lon="18.627202"><ele>346.6</ele></trkpt>
      <trkpt lat="48.460144" lon="18.627176"><ele>346.4</ele></trkpt>
      <trkpt lat="48.460157" lon="18.627143"><ele>346.4</ele></trkpt>
      <trkpt lat="48.46017" lon="18.627112"><ele>346.6</ele></trkpt>
      <trkpt lat="48.460174" lon="18.627075"><ele>346.8</ele></trkpt>
      <trkpt lat="48.460179" lon="18.627036"><ele>347</ele></trkpt>
      <trkpt lat="48.460194" lon="18.627006"><ele>347</ele></trkpt>
      <trkpt lat="48.460218" lon="18.626979"><ele>347.4</ele></trkpt>
      <trkpt lat="48.460237" lon="18.626953"><ele>347.8</ele></trkpt>
      <trkpt lat="48.460242" lon="18.62692"><ele>347.8</ele></trkpt>
      <trkpt lat="48.460257" lon="18.626886"><ele>348</ele></trkpt>
      <trkpt lat="48.460267" lon="18.626854"><ele>348.2</ele></trkpt>
      <trkpt lat="48.460267" lon="18.62681"><ele>348.6</ele></trkpt>
      <trkpt lat="48.460269" lon="18.626773"><ele>348.6</ele></trkpt>
      <trkpt lat="48.460272" lon="18.626741"><ele>349</ele></trkpt>
      <trkpt lat="48.46028" lon="18.626709"><ele>349.2</ele></trkpt>
      <trkpt lat="48.460294" lon="18.626685"><ele>349.4</ele></trkpt>
      <trkpt lat="48.460316" lon="18.626661"><ele>349.6</ele></trkpt>
      <trkpt lat="48.460329" lon="18.626633"><ele>350</ele></trkpt>
      <trkpt lat="48.460339" lon="18.626602"><ele>350.2</ele></trkpt>
      <trkpt lat="48.460347" lon="18.626576"><ele>350.6</ele></trkpt>
      <trkpt lat="48.460343" lon="18.626548"><ele>350.6</ele></trkpt>
      <trkpt lat="48.460335" lon="18.626509"><ele>351</ele></trkpt>
      <trkpt lat="48.460331" lon="18.626471"><ele>351</ele></trkpt>
      <trkpt lat="48.46033" lon="18.626437"><ele>351</ele></trkpt>
      <trkpt lat="48.460316" lon="18.626396"><ele>351</ele></trkpt>
      <trkpt lat="48.460315" lon="18.626373"><ele>350.8</ele></trkpt>
      <trkpt lat="48.460309" lon="18.626338"><ele>350.8</ele></trkpt>
      <trkpt lat="48.460301" lon="18.626308"><ele>351</ele></trkpt>
      <trkpt lat="48.460297" lon="18.626269"><ele>351.4</ele></trkpt>
      <trkpt lat="48.460305" lon="18.626244"><ele>351.8</ele></trkpt>
      <trkpt lat="48.460309" lon="18.62621"><ele>352</ele></trkpt>
      <trkpt lat="48.46032" lon="18.62618"><ele>352.4</ele></trkpt>
      <trkpt lat="48.460318" lon="18.626149"><ele>352.6</ele></trkpt>
      <trkpt lat="48.460316" lon="18.626125"><ele>352.6</ele></trkpt>
      <trkpt lat="48.46032" lon="18.626091"><ele>352.4</ele></trkpt>
      <trkpt lat="48.460309" lon="18.626045"><ele>352.2</ele></trkpt>
      <trkpt lat="48.460285" lon="18.626005"><ele>352.4</ele></trkpt>
      <trkpt lat="48.460276" lon="18.625974"><ele>352.6</ele></trkpt>
      <trkpt lat="48.460276" lon="18.625935"><ele>352.8</ele></trkpt>
      <trkpt lat="48.460277" lon="18.625895"><ele>353.2</ele></trkpt>
      <trkpt lat="48.46028" lon="18.625864"><ele>353.6</ele></trkpt>
      <trkpt lat="48.460278" lon="18.625831"><ele>353.8</ele></trkpt>
      <trkpt lat="48.460278" lon="18.625799"><ele>354.2</ele></trkpt>
      <trkpt lat="48.46027" lon="18.625766"><ele>354.6</ele></trkpt>
      <trkpt lat="48.460265" lon="18.625725"><ele>355</ele></trkpt>
      <trkpt lat="48.460268" lon="18.625682"><ele>355.4</ele></trkpt>
      <trkpt lat="48.460255" lon="18.625622"><ele>355.6</ele></trkpt>
      <trkpt lat="48.460256" lon="18.62559"><ele>355.8</ele></trkpt>
      <trkpt lat="48.460259" lon="18.625561"><ele>356.2</ele></trkpt>
      <trkpt lat="48.460262" lon="18.625535"><ele>356.4</ele></trkpt>
      <trkpt lat="48.460261" lon="18.625508"><ele>356.8</ele></trkpt>
      <trkpt lat="48.460262" lon="18.625479"><ele>357</ele></trkpt>
      <trkpt lat="48.460251" lon="18.625436"><ele>357.6</ele></trkpt>
      <trkpt lat="48.460244" lon="18.6254"><ele>358</ele></trkpt>
      <trkpt lat="48.460245" lon="18.625359"><ele>358.4</ele></trkpt>
      <trkpt lat="48.46025" lon="18.62533"><ele>358.4</ele></trkpt>
      <trkpt lat="48.460248" lon="18.625296"><ele>358.8</ele></trkpt>
      <trkpt lat="48.460242" lon="18.625258"><ele>359.4</ele></trkpt>
      <trkpt lat="48.460233" lon="18.625211"><ele>359.8</ele></trkpt>
      <trkpt lat="48.460236" lon="18.625168"><ele>360.4</ele></trkpt>
      <trkpt lat="48.460236" lon="18.625127"><ele>360.8</ele></trkpt>
      <trkpt lat="48.460236" lon="18.625084"><ele>361.4</ele></trkpt>
      <trkpt lat="48.460242" lon="18.625042"><ele>362.2</ele></trkpt>
      <trkpt lat="48.460249" lon="18.625001"><ele>362.8</ele></trkpt>
      <trkpt lat="48.460262" lon="18.624969"><ele>363.4</ele></trkpt>
      <trkpt lat="48.460279" lon="18.62495"><ele>363.8</ele></trkpt>
      <trkpt lat="48.4603" lon="18.624922"><ele>364.2</ele></trkpt>
      <trkpt lat="48.460312" lon="18.624896"><ele>364.4</ele></trkpt>
      <trkpt lat="48.460314" lon="18.624857"><ele>364.6</ele></trkpt>
      <trkpt lat="48.460323" lon="18.624806"><ele>364.8</ele></trkpt>
      <trkpt lat="48.460331" lon="18.62477"><ele>365</ele></trkpt>
      <trkpt lat="48.460301" lon="18.624725"><ele>365</ele></trkpt>
      <trkpt lat="48.46029" lon="18.624686"><ele>365.2</ele></trkpt>
      <trkpt lat="48.460282" lon="18.624646"><ele>365.4</ele></trkpt>
      <trkpt lat="48.460277" lon="18.624608"><ele>365.4</ele></trkpt>
      <trkpt lat="48.46027" lon="18.624569"><ele>365.4</ele></trkpt>
      <trkpt lat="48.460263" lon="18.624528"><ele>365.4</ele></trkpt>
      <trkpt lat="48.460248" lon="18.62448"><ele>365.2</ele></trkpt>
      <trkpt lat="48.460237" lon="18.624434"><ele>365.2</ele></trkpt>
      <trkpt lat="48.460244" lon="18.6244"><ele>365</ele></trkpt>
      <trkpt lat="48.460248" lon="18.624359"><ele>364.8</ele></trkpt>
      <trkpt lat="48.460265" lon="18.624325"><ele>364.6</ele></trkpt>
      <trkpt lat="48.460272" lon="18.624291"><ele>364.6</ele></trkpt>
      <trkpt lat="48.46028" lon="18.624254"><ele>364.4</ele></trkpt>
      <trkpt lat="48.460289" lon="18.624222"><ele>364.4</ele></trkpt>
      <trkpt lat="48.460298" lon="18.624189"><ele>364.2</ele></trkpt>
      <trkpt lat="48.460309" lon="18.624152"><ele>364.2</ele></trkpt>
      <trkpt lat="48.460319" lon="18.624119"><ele>364.4</ele></trkpt>
      <trkpt lat="48.460334" lon="18.624089"><ele>364.2</ele></trkpt>
      <trkpt lat="48.460344" lon="18.624048"><ele>364.6</ele></trkpt>
      <trkpt lat="48.460351" lon="18.624014"><ele>365</ele></trkpt>
      <trkpt lat="48.460369" lon="18.623994"><ele>365</ele></trkpt>
      <trkpt lat="48.460372" lon="18.623944"><ele>365</ele></trkpt>
      <trkpt lat="48.460371" lon="18.623906"><ele>365</ele></trkpt>
      <trkpt lat="48.46038" lon="18.623881"><ele>364.8</ele></trkpt>
      <trkpt lat="48.460386" lon="18.623847"><ele>364.6</ele></trkpt>
      <trkpt lat="48.460406" lon="18.623815"><ele>364.6</ele></trkpt>
      <trkpt lat="48.460422" lon="18.62379"><ele>364.6</ele></trkpt>
      <trkpt lat="48.460445" lon="18.623765"><ele>364.6</ele></trkpt>
      <trkpt lat="48.460461" lon="18.623743"><ele>364.4</ele></trkpt>
      <trkpt lat="48.460466" lon="18.623707"><ele>364.4</ele></trkpt>
      <trkpt lat="48.46047" lon="18.623671"><ele>364.4</ele></trkpt>
      <trkpt lat="48.460469" lon="18.623635"><ele>364.6</ele></trkpt>
      <trkpt lat="48.460457" lon="18.623599"><ele>364.4</ele></trkpt>
      <trkpt lat="48.460451" lon="18.62356"><ele>364.4</ele></trkpt>
      <trkpt lat="48.460456" lon="18.623525"><ele>364.8</ele></trkpt>
      <trkpt lat="48.460467" lon="18.62349"><ele>364.8</ele></trkpt>
      <trkpt lat="48.460484" lon="18.62346"><ele>364.6</ele></trkpt>
      <trkpt lat="48.460487" lon="18.623443"><ele>364.6</ele></trkpt>
      <trkpt lat="48.460495" lon="18.623413"><ele>365</ele></trkpt>
      <trkpt lat="48.460502" lon="18.623376"><ele>365</ele></trkpt>
      <trkpt lat="48.460526" lon="18.62335"><ele>365.2</ele></trkpt>
      <trkpt lat="48.460529" lon="18.623301"><ele>365.6</ele></trkpt>
      <trkpt lat="48.460532" lon="18.623262"><ele>365.8</ele></trkpt>
      <trkpt lat="48.460539" lon="18.623224"><ele>365.8</ele></trkpt>
      <trkpt lat="48.460548" lon="18.62319"><ele>365.6</ele></trkpt>
      <trkpt lat="48.460537" lon="18.623137"><ele>365.4</ele></trkpt>
      <trkpt lat="48.460546" lon="18.623093"><ele>365.6</ele></trkpt>
      <trkpt lat="48.46055" lon="18.623058"><ele>365.4</ele></trkpt>
      <trkpt lat="48.460556" lon="18.623024"><ele>365.6</ele></trkpt>
      <trkpt lat="48.460565" lon="18.62299"><ele>365.8</ele></trkpt>
      <trkpt lat="48.460576" lon="18.622954"><ele>366.2</ele></trkpt>
      <trkpt lat="48.460578" lon="18.622921"><ele>366.4</ele></trkpt>
      <trkpt lat="48.460583" lon="18.622888"><ele>366.4</ele></trkpt>
      <trkpt lat="48.46059" lon="18.622852"><ele>366.8</ele></trkpt>
      <trkpt lat="48.460598" lon="18.622812"><ele>367.4</ele></trkpt>
      <trkpt lat="48.460614" lon="18.622778"><ele>367.6</ele></trkpt>
      <trkpt lat="48.460618" lon="18.622745"><ele>367.4</ele></trkpt>
      <trkpt lat="48.46063" lon="18.622722"><ele>367.4</ele></trkpt>
      <trkpt lat="48.460636" lon="18.622692"><ele>367.2</ele></trkpt>
      <trkpt lat="48.460633" lon="18.622672"><ele>367.6</ele></trkpt>
      <trkpt lat="48.460638" lon="18.622646"><ele>367.8</ele></trkpt>
      <trkpt lat="48.460645" lon="18.62261"><ele>368.4</ele></trkpt>
      <trkpt lat="48.460649" lon="18.622578"><ele>368.8</ele></trkpt>
      <trkpt lat="48.46065" lon="18.62255"><ele>369.2</ele></trkpt>
      <trkpt lat="48.46066" lon="18.622526"><ele>369.6</ele></trkpt>
      <trkpt lat="48.46066" lon="18.622488"><ele>370</ele></trkpt>
      <trkpt lat="48.460659" lon="18.622466"><ele>370.2</ele></trkpt>
      <trkpt lat="48.460667" lon="18.622438"><ele>370.8</ele></trkpt>
      <trkpt lat="48.460684" lon="18.622409"><ele>371.2</ele></trkpt>
      <trkpt lat="48.460708" lon="18.622377"><ele>371.6</ele></trkpt>
      <trkpt lat="48.460707" lon="18.622343"><ele>372.4</ele></trkpt>
      <trkpt lat="48.460716" lon="18.622314"><ele>373.2</ele></trkpt>
      <trkpt lat="48.460731" lon="18.622273"><ele>373.6</ele></trkpt>
      <trkpt lat="48.460748" lon="18.62225"><ele>374</ele></trkpt>
      <trkpt lat="48.460751" lon="18.622229"><ele>374.4</ele></trkpt>
      <trkpt lat="48.460775" lon="18.622205"><ele>374.8</ele></trkpt>
      <trkpt lat="48.460784" lon="18.622173"><ele>375</ele></trkpt>
      <trkpt lat="48.460796" lon="18.622141"><ele>375.2</ele></trkpt>
      <trkpt lat="48.460792" lon="18.622116"><ele>375.6</ele></trkpt>
      <trkpt lat="48.460792" lon="18.622088"><ele>376</ele></trkpt>
      <trkpt lat="48.460804" lon="18.622052"><ele>376.4</ele></trkpt>
      <trkpt lat="48.460817" lon="18.622015"><ele>376.6</ele></trkpt>
      <trkpt lat="48.46083" lon="18.621975"><ele>376.6</ele></trkpt>
      <trkpt lat="48.460852" lon="18.621931"><ele>376.8</ele></trkpt>
      <trkpt lat="48.460863" lon="18.621899"><ele>377</ele></trkpt>
      <trkpt lat="48.460888" lon="18.621875"><ele>377.6</ele></trkpt>
      <trkpt lat="48.460904" lon="18.621856"><ele>377.6</ele></trkpt>
      <trkpt lat="48.460927" lon="18.621837"><ele>377.8</ele></trkpt>
      <trkpt lat="48.460951" lon="18.621813"><ele>378.6</ele></trkpt>
      <trkpt lat="48.460973" lon="18.621795"><ele>379.2</ele></trkpt>
      <trkpt lat="48.460992" lon="18.62177"><ele>379.6</ele></trkpt>
      <trkpt lat="48.461003" lon="18.621745"><ele>379.8</ele></trkpt>
      <trkpt lat="48.461013" lon="18.621722"><ele>379.8</ele></trkpt>
      <trkpt lat="48.461021" lon="18.621681"><ele>380</ele></trkpt>
      <trkpt lat="48.461035" lon="18.621644"><ele>380.4</ele></trkpt>
      <trkpt lat="48.46105" lon="18.621617"><ele>380.8</ele></trkpt>
      <trkpt lat="48.46105" lon="18.621576"><ele>381.2</ele></trkpt>
      <trkpt lat="48.461063" lon="18.621535"><ele>381</ele></trkpt>
      <trkpt lat="48.461084" lon="18.621504"><ele>381</ele></trkpt>
      <trkpt lat="48.461104" lon="18.621475"><ele>381</ele></trkpt>
      <trkpt lat="48.461116" lon="18.621452"><ele>380.8</ele></trkpt>
      <trkpt lat="48.461128" lon="18.621429"><ele>380.6</ele></trkpt>
      <trkpt lat="48.461138" lon="18.6214"><ele>380.2</ele></trkpt>
      <trkpt lat="48.461148" lon="18.621371"><ele>379.8</ele></trkpt>
      <trkpt lat="48.461151" lon="18.621345"><ele>379.4</ele></trkpt>
      <trkpt lat="48.461172" lon="18.621315"><ele>379.2</ele></trkpt>
      <trkpt lat="48.461193" lon="18.621293"><ele>379</ele></trkpt>
      <trkpt lat="48.461206" lon="18.621268"><ele>379.2</ele></trkpt>
      <trkpt lat="48.461217" lon="18.621239"><ele>379</ele></trkpt>
      <trkpt lat="48.461232" lon="18.621213"><ele>379.2</ele></trkpt>
      <trkpt lat="48.461243" lon="18.621181"><ele>379.2</ele></trkpt>
      <trkpt lat="48.46125" lon="18.621139"><ele>379</ele></trkpt>
      <trkpt lat="48.46127" lon="18.621099"><ele>379</ele></trkpt>
      <trkpt lat="48.461296" lon="18.621068"><ele>379</ele></trkpt>
      <trkpt lat="48.461323" lon="18.621044"><ele>379</ele></trkpt>
      <trkpt lat="48.461338" lon="18.621015"><ele>379.2</ele></trkpt>
      <trkpt lat="48.461347" lon="18.620976"><ele>378.6</ele></trkpt>
      <trkpt lat="48.461368" lon="18.62094"><ele>378.6</ele></trkpt>
      <trkpt lat="48.461388" lon="18.620903"><ele>378.6</ele></trkpt>
      <trkpt lat="48.461411" lon="18.620876"><ele>378.8</ele></trkpt>
      <trkpt lat="48.46143" lon="18.620848"><ele>379</ele></trkpt>
      <trkpt lat="48.461448" lon="18.620822"><ele>379.2</ele></trkpt>
      <trkpt lat="48.461461" lon="18.620794"><ele>378.8</ele></trkpt>
      <trkpt lat="48.461482" lon="18.620765"><ele>378.8</ele></trkpt>
      <trkpt lat="48.461495" lon="18.620741"><ele>378.6</ele></trkpt>
      <trkpt lat="48.461517" lon="18.620719"><ele>378.6</ele></trkpt>
      <trkpt lat="48.461535" lon="18.620692"><ele>378.4</ele></trkpt>
      <trkpt lat="48.461554" lon="18.620661"><ele>378.4</ele></trkpt>
      <trkpt lat="48.461571" lon="18.620635"><ele>378.4</ele></trkpt>
      <trkpt lat="48.461585" lon="18.620611"><ele>378.2</ele></trkpt>
      <trkpt lat="48.461616" lon="18.620594"><ele>378.2</ele></trkpt>
      <trkpt lat="48.46164" lon="18.62058"><ele>378.4</ele></trkpt>
      <trkpt lat="48.461662" lon="18.620564"><ele>378.4</ele></trkpt>
      <trkpt lat="48.461682" lon="18.620549"><ele>378.8</ele></trkpt>
      <trkpt lat="48.461713" lon="18.620531"><ele>379.2</ele></trkpt>
      <trkpt lat="48.461739" lon="18.620505"><ele>379.6</ele></trkpt>
      <trkpt lat="48.46177" lon="18.620484"><ele>380</ele></trkpt>
      <trkpt lat="48.461799" lon="18.620464"><ele>380.6</ele></trkpt>
      <trkpt lat="48.461813" lon="18.620436"><ele>380.8</ele></trkpt>
      <trkpt lat="48.461831" lon="18.62042"><ele>381</ele></trkpt>
      <trkpt lat="48.461855" lon="18.6204"><ele>381.4</ele></trkpt>
      <trkpt lat="48.461883" lon="18.620379"><ele>381.8</ele></trkpt>
      <trkpt lat="48.461902" lon="18.620358"><ele>381.8</ele></trkpt>
      <trkpt lat="48.461918" lon="18.620331"><ele>381.8</ele></trkpt>
      <trkpt lat="48.461938" lon="18.620306"><ele>382</ele></trkpt>
      <trkpt lat="48.461967" lon="18.620283"><ele>382.4</ele></trkpt>
      <trkpt lat="48.461988" lon="18.620263"><ele>382.2</ele></trkpt>
      <trkpt lat="48.462005" lon="18.620236"><ele>382.4</ele></trkpt>
      <trkpt lat="48.462023" lon="18.620206"><ele>382.4</ele></trkpt>
      <trkpt lat="48.462039" lon="18.620177"><ele>382.4</ele></trkpt>
      <trkpt lat="48.462056" lon="18.620144"><ele>382.4</ele></trkpt>
      <trkpt lat="48.462072" lon="18.62012"><ele>382.6</ele></trkpt>
      <trkpt lat="48.462086" lon="18.620098"><ele>382.4</ele></trkpt>
      <trkpt lat="48.462104" lon="18.620067"><ele>382.4</ele></trkpt>
      <trkpt lat="48.462117" lon="18.620034"><ele>382.4</ele></trkpt>
      <trkpt lat="48.462137" lon="18.620001"><ele>382.8</ele></trkpt>
      <trkpt lat="48.462152" lon="18.619969"><ele>383</ele></trkpt>
      <trkpt lat="48.462171" lon="18.61994"><ele>383.4</ele></trkpt>
      <trkpt lat="48.46219" lon="18.619917"><ele>383.6</ele></trkpt>
      <trkpt lat="48.462212" lon="18.619895"><ele>383.4</ele></trkpt>
      <trkpt lat="48.462236" lon="18.619873"><ele>383.4</ele></trkpt>
      <trkpt lat="48.462256" lon="18.619847"><ele>383</ele></trkpt>
      <trkpt lat="48.462272" lon="18.619826"><ele>383</ele></trkpt>
      <trkpt lat="48.462291" lon="18.619806"><ele>382.8</ele></trkpt>
      <trkpt lat="48.462307" lon="18.619784"><ele>383</ele></trkpt>
      <trkpt lat="48.462324" lon="18.619762"><ele>383</ele></trkpt>
      <trkpt lat="48.462344" lon="18.619739"><ele>383.2</ele></trkpt>
      <trkpt lat="48.462367" lon="18.619719"><ele>383.6</ele></trkpt>
      <trkpt lat="48.46239" lon="18.619703"><ele>383.8</ele></trkpt>
      <trkpt lat="48.462417" lon="18.619686"><ele>383.8</ele></trkpt>
      <trkpt lat="48.462443" lon="18.619669"><ele>384</ele></trkpt>
      <trkpt lat="48.462465" lon="18.619649"><ele>384.2</ele></trkpt>
      <trkpt lat="48.462489" lon="18.619631"><ele>384.4</ele></trkpt>
      <trkpt lat="48.462516" lon="18.619615"><ele>384.6</ele></trkpt>
      <trkpt lat="48.462536" lon="18.619597"><ele>384.6</ele></trkpt>
      <trkpt lat="48.462562" lon="18.619576"><ele>385</ele></trkpt>
      <trkpt lat="48.462586" lon="18.61956"><ele>385</ele></trkpt>
      <trkpt lat="48.462609" lon="18.619545"><ele>385.2</ele></trkpt>
      <trkpt lat="48.462632" lon="18.61952"><ele>385.6</ele></trkpt>
      <trkpt lat="48.462651" lon="18.619497"><ele>385.8</ele></trkpt>
      <trkpt lat="48.462673" lon="18.619471"><ele>386</ele></trkpt>
      <trkpt lat="48.462697" lon="18.619452"><ele>386.2</ele></trkpt>
      <trkpt lat="48.462716" lon="18.619434"><ele>386.4</ele></trkpt>
      <trkpt lat="48.462737" lon="18.619414"><ele>386.6</ele></trkpt>
      <trkpt lat="48.462755" lon="18.619391"><ele>387.4</ele></trkpt>
      <trkpt lat="48.462774" lon="18.619366"><ele>387.6</ele></trkpt>
      <trkpt lat="48.46279" lon="18.619342"><ele>388</ele></trkpt>
      <trkpt lat="48.462807" lon="18.619313"><ele>388.2</ele></trkpt>
      <trkpt lat="48.462824" lon="18.61929"><ele>388.4</ele></trkpt>
      <trkpt lat="48.462849" lon="18.61927"><ele>388.6</ele></trkpt>
      <trkpt lat="48.462874" lon="18.619245"><ele>388.6</ele></trkpt>
      <trkpt lat="48.462896" lon="18.619225"><ele>388.4</ele></trkpt>
      <trkpt lat="48.462915" lon="18.6192"><ele>389</ele></trkpt>
      <trkpt lat="48.462937" lon="18.619176"><ele>389.2</ele></trkpt>
      <trkpt lat="48.462959" lon="18.619159"><ele>389.2</ele></trkpt>
      <trkpt lat="48.46298" lon="18.619136"><ele>389.4</ele></trkpt>
      <trkpt lat="48.463002" lon="18.619113"><ele>389.4</ele></trkpt>
      <trkpt lat="48.46302" lon="18.619091"><ele>389.6</ele></trkpt>
      <trkpt lat="48.463042" lon="18.619073"><ele>389.8</ele></trkpt>
      <trkpt lat="48.463061" lon="18.619051"><ele>389.8</ele></trkpt>
      <trkpt lat="48.463079" lon="18.619023"><ele>390.2</ele></trkpt>
      <trkpt lat="48.4631" lon="18.618996"><ele>390.2</ele></trkpt>
      <trkpt lat="48.463118" lon="18.618972"><ele>390.2</ele></trkpt>
      <trkpt lat="48.463137" lon="18.618948"><ele>390.2</ele></trkpt>
      <trkpt lat="48.463156" lon="18.618924"><ele>390.2</ele></trkpt>
      <trkpt lat="48.463173" lon="18.618901"><ele>390.2</ele></trkpt>
      <trkpt lat="48.463191" lon="18.618879"><ele>390.2</ele></trkpt>
      <trkpt lat="48.463209" lon="18.618856"><ele>390.8</ele></trkpt>
      <trkpt lat="48.463224" lon="18.618835"><ele>390.8</ele></trkpt>
      <trkpt lat="48.46324" lon="18.618815"><ele>391</ele></trkpt>
      <trkpt lat="48.463256" lon="18.618799"><ele>391.2</ele></trkpt>
      <trkpt lat="48.463274" lon="18.618781"><ele>391.2</ele></trkpt>
      <trkpt lat="48.463294" lon="18.618762"><ele>391.6</ele></trkpt>
      <trkpt lat="48.463307" lon="18.618739"><ele>391.8</ele></trkpt>
      <trkpt lat="48.463318" lon="18.618717"><ele>391.8</ele></trkpt>
      <trkpt lat="48.463332" lon="18.618695"><ele>392</ele></trkpt>
      <trkpt lat="48.463346" lon="18.618674"><ele>391.8</ele></trkpt>
      <trkpt lat="48.463363" lon="18.618655"><ele>391.8</ele></trkpt>
      <trkpt lat="48.463379" lon="18.618639"><ele>391.8</ele></trkpt>
      <trkpt lat="48.463391" lon="18.618621"><ele>392.2</ele></trkpt>
      <trkpt lat="48.463403" lon="18.618599"><ele>392.2</ele></trkpt>
      <trkpt lat="48.46341" lon="18.618581"><ele>392.4</ele></trkpt>
      <trkpt lat="48.463422" lon="18.618556"><ele>392.2</ele></trkpt>
      <trkpt lat="48.463444" lon="18.618538"><ele>392.2</ele></trkpt>
      <trkpt lat="48.463463" lon="18.618525"><ele>392</ele></trkpt>
      <trkpt lat="48.463479" lon="18.618504"><ele>392.2</ele></trkpt>
      <trkpt lat="48.463502" lon="18.618486"><ele>392.4</ele></trkpt>
      <trkpt lat="48.463519" lon="18.618471"><ele>392.8</ele></trkpt>
      <trkpt lat="48.463537" lon="18.618457"><ele>393</ele></trkpt>
      <trkpt lat="48.463553" lon="18.618432"><ele>393.2</ele></trkpt>
      <trkpt lat="48.463573" lon="18.618412"><ele>393.4</ele></trkpt>
      <trkpt lat="48.463585" lon="18.618385"><ele>393.8</ele></trkpt>
      <trkpt lat="48.463593" lon="18.618366"><ele>393.6</ele></trkpt>
      <trkpt lat="48.463604" lon="18.618338"><ele>393.6</ele></trkpt>
      <trkpt lat="48.463619" lon="18.618304"><ele>393.8</ele></trkpt>
      <trkpt lat="48.463639" lon="18.618281"><ele>393.8</ele></trkpt>
      <trkpt lat="48.463657" lon="18.618262"><ele>394</ele></trkpt>
      <trkpt lat="48.463674" lon="18.618232"><ele>394.4</ele></trkpt>
      <trkpt lat="48.463685" lon="18.618198"><ele>394.8</ele></trkpt>
      <trkpt lat="48.463696" lon="18.618164"><ele>394.8</ele></trkpt>
      <trkpt lat="48.463708" lon="18.618136"><ele>395</ele></trkpt>
      <trkpt lat="48.463726" lon="18.61811"><ele>395.2</ele></trkpt>
      <trkpt lat="48.46374" lon="18.618084"><ele>395.4</ele></trkpt>
      <trkpt lat="48.463758" lon="18.618055"><ele>395.8</ele></trkpt>
      <trkpt lat="48.463782" lon="18.618029"><ele>396</ele></trkpt>
      <trkpt lat="48.463794" lon="18.618"><ele>396.2</ele></trkpt>
      <trkpt lat="48.463797" lon="18.617972"><ele>396.6</ele></trkpt>
      <trkpt lat="48.46381" lon="18.617946"><ele>397</ele></trkpt>
      <trkpt lat="48.463831" lon="18.617921"><ele>397.4</ele></trkpt>
      <trkpt lat="48.463849" lon="18.61789"><ele>397.6</ele></trkpt>
      <trkpt lat="48.463872" lon="18.617861"><ele>397.8</ele></trkpt>
      <trkpt lat="48.463887" lon="18.61783"><ele>397.8</ele></trkpt>
      <trkpt lat="48.463903" lon="18.617799"><ele>397.8</ele></trkpt>
      <trkpt lat="48.463922" lon="18.617772"><ele>398</ele></trkpt>
      <trkpt lat="48.463936" lon="18.617746"><ele>398.4</ele></trkpt>
      <trkpt lat="48.463956" lon="18.617719"><ele>398.6</ele></trkpt>
      <trkpt lat="48.46397" lon="18.61769"><ele>399</ele></trkpt>
      <trkpt lat="48.463986" lon="18.617664"><ele>399.4</ele></trkpt>
      <trkpt lat="48.464" lon="18.617628"><ele>400</ele></trkpt>
      <trkpt lat="48.464008" lon="18.617598"><ele>400.4</ele></trkpt>
      <trkpt lat="48.464014" lon="18.617561"><ele>400.6</ele></trkpt>
      <trkpt lat="48.464025" lon="18.617527"><ele>401</ele></trkpt>
      <trkpt lat="48.464029" lon="18.61749"><ele>401.2</ele></trkpt>
      <trkpt lat="48.464038" lon="18.617458"><ele>401.6</ele></trkpt>
      <trkpt lat="48.464042" lon="18.617416"><ele>402</ele></trkpt>
      <trkpt lat="48.46405" lon="18.617379"><ele>402.4</ele></trkpt>
      <trkpt lat="48.46406" lon="18.617352"><ele>402.8</ele></trkpt>
      <trkpt lat="48.46407" lon="18.617321"><ele>403</ele></trkpt>
      <trkpt lat="48.464082" lon="18.617288"><ele>403.2</ele></trkpt>
      <trkpt lat="48.46409" lon="18.617254"><ele>403.4</ele></trkpt>
      <trkpt lat="48.464102" lon="18.61722"><ele>403.8</ele></trkpt>
      <trkpt lat="48.464108" lon="18.617185"><ele>404</ele></trkpt>
      <trkpt lat="48.464113" lon="18.617151"><ele>404</ele></trkpt>
      <trkpt lat="48.464119" lon="18.617113"><ele>404.2</ele></trkpt>
      <trkpt lat="48.464125" lon="18.617084"><ele>404.2</ele></trkpt>
      <trkpt lat="48.464133" lon="18.617031"><ele>404.6</ele></trkpt>
      <trkpt lat="48.464146" lon="18.616992"><ele>404.8</ele></trkpt>
      <trkpt lat="48.464154" lon="18.61696"><ele>405.2</ele></trkpt>
      <trkpt lat="48.464157" lon="18.616941"><ele>405.4</ele></trkpt>
      <trkpt lat="48.464166" lon="18.616914"><ele>405.6</ele></trkpt>
      <trkpt lat="48.464179" lon="18.616889"><ele>405.6</ele></trkpt>
      <trkpt lat="48.464185" lon="18.616864"><ele>405.4</ele></trkpt>
      <trkpt lat="48.464185" lon="18.616835"><ele>405.4</ele></trkpt>
      <trkpt lat="48.464189" lon="18.616802"><ele>405.6</ele></trkpt>
      <trkpt lat="48.464189" lon="18.616766"><ele>405.8</ele></trkpt>
      <trkpt lat="48.464199" lon="18.616726"><ele>406</ele></trkpt>
      <trkpt lat="48.464205" lon="18.616696"><ele>406.4</ele></trkpt>
      <trkpt lat="48.464207" lon="18.616668"><ele>406.6</ele></trkpt>
      <trkpt lat="48.464213" lon="18.616633"><ele>407</ele></trkpt>
      <trkpt lat="48.4642" lon="18.616592"><ele>407.2</ele></trkpt>
      <trkpt lat="48.46419" lon="18.616555"><ele>407.2</ele></trkpt>
      <trkpt lat="48.464186" lon="18.616522"><ele>407.4</ele></trkpt>
      <trkpt lat="48.464183" lon="18.616488"><ele>407.6</ele></trkpt>
      <trkpt lat="48.464181" lon="18.61646"><ele>407.8</ele></trkpt>
      <trkpt lat="48.464187" lon="18.61644"><ele>408</ele></trkpt>
      <trkpt lat="48.464187" lon="18.616404"><ele>408.6</ele></trkpt>
      <trkpt lat="48.464189" lon="18.616378"><ele>408.8</ele></trkpt>
      <trkpt lat="48.46419" lon="18.616347"><ele>409</ele></trkpt>
      <trkpt lat="48.464189" lon="18.616313"><ele>409.4</ele></trkpt>
      <trkpt lat="48.464178" lon="18.616272"><ele>409.6</ele></trkpt>
      <trkpt lat="48.46417" lon="18.616222"><ele>409.8</ele></trkpt>
      <trkpt lat="48.464165" lon="18.616186"><ele>409.8</ele></trkpt>
      <trkpt lat="48.464161" lon="18.616158"><ele>410</ele></trkpt>
      <trkpt lat="48.464155" lon="18.616129"><ele>410</ele></trkpt>
      <trkpt lat="48.46417" lon="18.616099"><ele>410.4</ele></trkpt>
      <trkpt lat="48.464172" lon="18.616065"><ele>410.4</ele></trkpt>
      <trkpt lat="48.464171" lon="18.616039"><ele>410.8</ele></trkpt>
      <trkpt lat="48.464174" lon="18.616005"><ele>411</ele></trkpt>
      <trkpt lat="48.464177" lon="18.61597"><ele>411.2</ele></trkpt>
      <trkpt lat="48.464177" lon="18.615932"><ele>411.6</ele></trkpt>
      <trkpt lat="48.464179" lon="18.615893"><ele>411.6</ele></trkpt>
      <trkpt lat="48.464189" lon="18.615863"><ele>411.6</ele></trkpt>
      <trkpt lat="48.464198" lon="18.615831"><ele>411.4</ele></trkpt>
      <trkpt lat="48.46421" lon="18.615798"><ele>411.2</ele></trkpt>
      <trkpt lat="48.464222" lon="18.61577"><ele>411.4</ele></trkpt>
      <trkpt lat="48.464226" lon="18.615727"><ele>411.4</ele></trkpt>
      <trkpt lat="48.46422" lon="18.615688"><ele>411.4</ele></trkpt>
      <trkpt lat="48.464213" lon="18.615647"><ele>411.6</ele></trkpt>
      <trkpt lat="48.464223" lon="18.615608"><ele>411.6</ele></trkpt>
      <trkpt lat="48.464235" lon="18.615577"><ele>411.6</ele></trkpt>
      <trkpt lat="48.464246" lon="18.61555"><ele>411.6</ele></trkpt>
      <trkpt lat="48.464255" lon="18.615527"><ele>411.6</ele></trkpt>
      <trkpt lat="48.464262" lon="18.6155"><ele>411.8</ele></trkpt>
      <trkpt lat="48.464262" lon="18.61546"><ele>412.2</ele></trkpt>
      <trkpt lat="48.464269" lon="18.615433"><ele>412.6</ele></trkpt>
      <trkpt lat="48.464285" lon="18.6154"><ele>413</ele></trkpt>
      <trkpt lat="48.464293" lon="18.615368"><ele>413.4</ele></trkpt>
      <trkpt lat="48.464298" lon="18.615331"><ele>413.6</ele></trkpt>
      <trkpt lat="48.4643" lon="18.615287"><ele>414</ele></trkpt>
      <trkpt lat="48.464308" lon="18.615246"><ele>414.2</ele></trkpt>
      <trkpt lat="48.464314" lon="18.615203"><ele>414.6</ele></trkpt>
      <trkpt lat="48.46432" lon="18.615159"><ele>414.6</ele></trkpt>
      <trkpt lat="48.46432" lon="18.615122"><ele>414.8</ele></trkpt>
      <trkpt lat="48.464314" lon="18.615065"><ele>415</ele></trkpt>
      <trkpt lat="48.464311" lon="18.615024"><ele>415.4</ele></trkpt>
      <trkpt lat="48.464291" lon="18.614987"><ele>415.8</ele></trkpt>
      <trkpt lat="48.464268" lon="18.61497"><ele>416</ele></trkpt>
      <trkpt lat="48.46425" lon="18.61497"><ele>416</ele></trkpt>
      <trkpt lat="48.464243" lon="18.61499"><ele>416</ele></trkpt>
      <trkpt lat="48.464231" lon="18.615018"><ele>416.4</ele></trkpt>
      <trkpt lat="48.464217" lon="18.61504"><ele>416.6</ele></trkpt>
      <trkpt lat="48.464209" lon="18.615055"><ele>416.8</ele></trkpt>
      <trkpt lat="48.464206" lon="18.615072"><ele>417</ele></trkpt>
      <trkpt lat="48.464199" lon="18.615094"><ele>417.2</ele></trkpt>
      <trkpt lat="48.464193" lon="18.615111"><ele>417.6</ele></trkpt>
      <trkpt lat="48.464188" lon="18.615141"><ele>417.8</ele></trkpt>
      <trkpt lat="48.464178" lon="18.61517"><ele>418.2</ele></trkpt>
      <trkpt lat="48.464167" lon="18.615199"><ele>418.8</ele></trkpt>
      <trkpt lat="48.464162" lon="18.615211"><ele>418.8</ele></trkpt>
      <trkpt lat="48.464151" lon="18.615227"><ele>419.2</ele></trkpt>
      <trkpt lat="48.464141" lon="18.615249"><ele>419.4</ele></trkpt>
      <trkpt lat="48.46413" lon="18.615266"><ele>419.2</ele></trkpt>
      <trkpt lat="48.464115" lon="18.615268"><ele>419.2</ele></trkpt>
      <trkpt lat="48.4641" lon="18.61527"><ele>419.2</ele></trkpt>
      <trkpt lat="48.464085" lon="18.61528"><ele>419</ele></trkpt>
      <trkpt lat="48.464072" lon="18.615282"><ele>419</ele></trkpt>
      <trkpt lat="48.464061" lon="18.615284"><ele>419</ele></trkpt>
      <trkpt lat="48.464045" lon="18.61529"><ele>419</ele></trkpt>
      <trkpt lat="48.464027" lon="18.615295"><ele>419</ele></trkpt>
      <trkpt lat="48.464009" lon="18.615298"><ele>419.2</ele></trkpt>
      <trkpt lat="48.463992" lon="18.615315"><ele>419.4</ele></trkpt>
      <trkpt lat="48.463978" lon="18.615343"><ele>419.6</ele></trkpt>
      <trkpt lat="48.463959" lon="18.61535"><ele>420</ele></trkpt>
      <trkpt lat="48.463944" lon="18.615368"><ele>420</ele></trkpt>
      <trkpt lat="48.463924" lon="18.615384"><ele>420.2</ele></trkpt>
      <trkpt lat="48.463906" lon="18.6154"><ele>420.2</ele></trkpt>
      <trkpt lat="48.463893" lon="18.615417"><ele>420.2</ele></trkpt>
      <trkpt lat="48.463878" lon="18.61543"><ele>420.2</ele></trkpt>
      <trkpt lat="48.463864" lon="18.615447"><ele>420.4</ele></trkpt>
      <trkpt lat="48.463852" lon="18.615473"><ele>421</ele></trkpt>
      <trkpt lat="48.463837" lon="18.615491"><ele>421.4</ele></trkpt>
      <trkpt lat="48.463822" lon="18.615502"><ele>421.6</ele></trkpt>
      <trkpt lat="48.463806" lon="18.615515"><ele>422</ele></trkpt>
      <trkpt lat="48.463793" lon="18.615532"><ele>422.2</ele></trkpt>
      <trkpt lat="48.463777" lon="18.615543"><ele>422.4</ele></trkpt>
      <trkpt lat="48.463758" lon="18.615557"><ele>422.6</ele></trkpt>
      <trkpt lat="48.463738" lon="18.615568"><ele>422.8</ele></trkpt>
      <trkpt lat="48.463716" lon="18.615579"><ele>423.4</ele></trkpt>
      <trkpt lat="48.463695" lon="18.615587"><ele>424</ele></trkpt>
      <trkpt lat="48.463672" lon="18.61559"><ele>424.2</ele></trkpt>
      <trkpt lat="48.463649" lon="18.615587"><ele>424.8</ele></trkpt>
      <trkpt lat="48.463627" lon="18.615586"><ele>425.4</ele></trkpt>
      <trkpt lat="48.463604" lon="18.615577"><ele>425.2</ele></trkpt>
      <trkpt lat="48.463579" lon="18.615576"><ele>425.2</ele></trkpt>
      <trkpt lat="48.463559" lon="18.615574"><ele>425.4</ele></trkpt>
      <trkpt lat="48.463538" lon="18.615567"><ele>425.6</ele></trkpt>
      <trkpt lat="48.46351" lon="18.615563"><ele>425.6</ele></trkpt>
      <trkpt lat="48.463483" lon="18.615554"><ele>425.6</ele></trkpt>
      <trkpt lat="48.463454" lon="18.615551"><ele>425.6</ele></trkpt>
      <trkpt lat="48.463435" lon="18.615554"><ele>425.8</ele></trkpt>
      <trkpt lat="48.463409" lon="18.615548"><ele>426</ele></trkpt>
      <trkpt lat="48.463377" lon="18.61554"><ele>426.2</ele></trkpt>
      <trkpt lat="48.463354" lon="18.615543"><ele>426.4</ele></trkpt>
      <trkpt lat="48.463321" lon="18.615547"><ele>426.8</ele></trkpt>
      <trkpt lat="48.463296" lon="18.615545"><ele>427.2</ele></trkpt>
      <trkpt lat="48.463272" lon="18.615544"><ele>427.2</ele></trkpt>
      <trkpt lat="48.463246" lon="18.615542"><ele>427.2</ele></trkpt>
      <trkpt lat="48.463219" lon="18.615546"><ele>427.6</ele></trkpt>
      <trkpt lat="48.463199" lon="18.615541"><ele>427.8</ele></trkpt>
      <trkpt lat="48.463178" lon="18.615537"><ele>428.2</ele></trkpt>
      <trkpt lat="48.463154" lon="18.615537"><ele>428.4</ele></trkpt>
      <trkpt lat="48.46313" lon="18.615535"><ele>428.2</ele></trkpt>
      <trkpt lat="48.463099" lon="18.61553"><ele>428</ele></trkpt>
      <trkpt lat="48.463067" lon="18.61553"><ele>428</ele></trkpt>
      <trkpt lat="48.463043" lon="18.615523"><ele>428</ele></trkpt>
      <trkpt lat="48.463002" lon="18.6155"><ele>428.2</ele></trkpt>
      <trkpt lat="48.462973" lon="18.615489"><ele>428.2</ele></trkpt>
      <trkpt lat="48.462943" lon="18.615485"><ele>428.4</ele></trkpt>
      <trkpt lat="48.46291" lon="18.615488"><ele>428.4</ele></trkpt>
      <trkpt lat="48.462884" lon="18.615487"><ele>428.6</ele></trkpt>
      <trkpt lat="48.462857" lon="18.615478"><ele>428.8</ele></trkpt>
      <trkpt lat="48.462827" lon="18.615474"><ele>428.8</ele></trkpt>
      <trkpt lat="48.462798" lon="18.615463"><ele>429</ele></trkpt>
      <trkpt lat="48.462772" lon="18.615461"><ele>428.2</ele></trkpt>
      <trkpt lat="48.462748" lon="18.615462"><ele>428</ele></trkpt>
      <trkpt lat="48.462717" lon="18.615467"><ele>428.2</ele></trkpt>
      <trkpt lat="48.462687" lon="18.615479"><ele>428.2</ele></trkpt>
      <trkpt lat="48.462661" lon="18.615497"><ele>428.4</ele></trkpt>
      <trkpt lat="48.462635" lon="18.615521"><ele>428.4</ele></trkpt>
      <trkpt lat="48.462617" lon="18.615544"><ele>428.4</ele></trkpt>
      <trkpt lat="48.462593" lon="18.615573"><ele>428.2</ele></trkpt>
      <trkpt lat="48.462571" lon="18.615601"><ele>428.2</ele></trkpt>
      <trkpt lat="48.462557" lon="18.615627"><ele>428</ele></trkpt>
      <trkpt lat="48.46254" lon="18.615658"><ele>427.8</ele></trkpt>
      <trkpt lat="48.462524" lon="18.615688"><ele>427.6</ele></trkpt>
      <trkpt lat="48.462506" lon="18.615721"><ele>427.6</ele></trkpt>
      <trkpt lat="48.462489" lon="18.61575"><ele>427.4</ele></trkpt>
      <trkpt lat="48.462473" lon="18.615775"><ele>427.2</ele></trkpt>
      <trkpt lat="48.462459" lon="18.615791"><ele>427.2</ele></trkpt>
      <trkpt lat="48.462434" lon="18.615818"><ele>427.2</ele></trkpt>
      <trkpt lat="48.462411" lon="18.615836"><ele>427.4</ele></trkpt>
      <trkpt lat="48.462388" lon="18.615843"><ele>427.6</ele></trkpt>
      <trkpt lat="48.462369" lon="18.615846"><ele>427.6</ele></trkpt>
      <trkpt lat="48.462346" lon="18.615844"><ele>427.8</ele></trkpt>
      <trkpt lat="48.462328" lon="18.615848"><ele>427.8</ele></trkpt>
      <trkpt lat="48.462306" lon="18.615853"><ele>427.8</ele></trkpt>
      <trkpt lat="48.462285" lon="18.615857"><ele>428</ele></trkpt>
      <trkpt lat="48.462259" lon="18.615861"><ele>428.4</ele></trkpt>
      <trkpt lat="48.462233" lon="18.615868"><ele>428.8</ele></trkpt>
      <trkpt lat="48.462211" lon="18.615875"><ele>429.2</ele></trkpt>
      <trkpt lat="48.462191" lon="18.615879"><ele>430</ele></trkpt>
      <trkpt lat="48.462164" lon="18.61588"><ele>430.8</ele></trkpt>
      <trkpt lat="48.462143" lon="18.615882"><ele>431</ele></trkpt>
      <trkpt lat="48.462121" lon="18.615887"><ele>431.4</ele></trkpt>
      <trkpt lat="48.462101" lon="18.615887"><ele>431.6</ele></trkpt>
      <trkpt lat="48.462078" lon="18.615879"><ele>431.6</ele></trkpt>
      <trkpt lat="48.462056" lon="18.615869"><ele>431.8</ele></trkpt>
      <trkpt lat="48.462031" lon="18.615854"><ele>431.8</ele></trkpt>
      <trkpt lat="48.462006" lon="18.615843"><ele>431.8</ele></trkpt>
      <trkpt lat="48.461984" lon="18.615832"><ele>431.8</ele></trkpt>
      <trkpt lat="48.461957" lon="18.615819"><ele>431.8</ele></trkpt>
      <trkpt lat="48.46193" lon="18.615807"><ele>432</ele></trkpt>
      <trkpt lat="48.461905" lon="18.615794"><ele>432.2</ele></trkpt>
      <trkpt lat="48.461877" lon="18.615778"><ele>432.8</ele></trkpt>
      <trkpt lat="48.461851" lon="18.615766"><ele>433</ele></trkpt>
      <trkpt lat="48.461821" lon="18.615752"><ele>433.2</ele></trkpt>
      <trkpt lat="48.461797" lon="18.615739"><ele>433.4</ele></trkpt>
      <trkpt lat="48.46177" lon="18.615728"><ele>433.6</ele></trkpt>
      <trkpt lat="48.461747" lon="18.615713"><ele>433.6</ele></trkpt>
      <trkpt lat="48.461722" lon="18.615699"><ele>433.8</ele></trkpt>
      <trkpt lat="48.461699" lon="18.615687"><ele>434</ele></trkpt>
      <trkpt lat="48.461677" lon="18.615671"><ele>434.2</ele></trkpt>
      <trkpt lat="48.461653" lon="18.615657"><ele>434.4</ele></trkpt>
      <trkpt lat="48.461631" lon="18.615645"><ele>434.6</ele></trkpt>
      <trkpt lat="48.461612" lon="18.615632"><ele>434.8</ele></trkpt>
      <trkpt lat="48.461588" lon="18.61562"><ele>435.2</ele></trkpt>
      <trkpt lat="48.461557" lon="18.615606"><ele>435.4</ele></trkpt>
      <trkpt lat="48.461531" lon="18.615595"><ele>435.2</ele></trkpt>
      <trkpt lat="48.46151" lon="18.615585"><ele>435</ele></trkpt>
      <trkpt lat="48.461486" lon="18.615574"><ele>435.2</ele></trkpt>
      <trkpt lat="48.461464" lon="18.615561"><ele>435.2</ele></trkpt>
      <trkpt lat="48.461439" lon="18.615548"><ele>435.2</ele></trkpt>
      <trkpt lat="48.461413" lon="18.615532"><ele>435.2</ele></trkpt>
      <trkpt lat="48.461387" lon="18.61551"><ele>435.6</ele></trkpt>
      <trkpt lat="48.461363" lon="18.615491"><ele>435.8</ele></trkpt>
      <trkpt lat="48.461333" lon="18.615471"><ele>435.8</ele></trkpt>
      <trkpt lat="48.461308" lon="18.615452"><ele>436</ele></trkpt>
      <trkpt lat="48.461282" lon="18.615436"><ele>436</ele></trkpt>
      <trkpt lat="48.461258" lon="18.615411"><ele>435.8</ele></trkpt>
      <trkpt lat="48.461237" lon="18.61539"><ele>435.6</ele></trkpt>
      <trkpt lat="48.461216" lon="18.615363"><ele>435.4</ele></trkpt>
      <trkpt lat="48.461193" lon="18.615335"><ele>435.4</ele></trkpt>
      <trkpt lat="48.461171" lon="18.615313"><ele>435.4</ele></trkpt>
      <trkpt lat="48.461147" lon="18.615282"><ele>435.4</ele></trkpt>
      <trkpt lat="48.461125" lon="18.615257"><ele>435.2</ele></trkpt>
      <trkpt lat="48.461103" lon="18.615229"><ele>435.2</ele></trkpt>
      <trkpt lat="48.461077" lon="18.615198"><ele>435.4</ele></trkpt>
      <trkpt lat="48.461055" lon="18.615175"><ele>435.4</ele></trkpt>
      <trkpt lat="48.461035" lon="18.615151"><ele>435</ele></trkpt>
      <trkpt lat="48.461017" lon="18.615125"><ele>435</ele></trkpt>
      <trkpt lat="48.460997" lon="18.6151"><ele>435</ele></trkpt>
      <trkpt lat="48.460974" lon="18.615073"><ele>435</ele></trkpt>
      <trkpt lat="48.460952" lon="18.615051"><ele>434.6</ele></trkpt>
      <trkpt lat="48.46093" lon="18.615033"><ele>434.6</ele></trkpt>
      <trkpt lat="48.460909" lon="18.615017"><ele>434.4</ele></trkpt>
      <trkpt lat="48.460884" lon="18.615001"><ele>434.2</ele></trkpt>
      <trkpt lat="48.460855" lon="18.614987"><ele>434</ele></trkpt>
      <trkpt lat="48.460827" lon="18.614973"><ele>433.8</ele></trkpt>
      <trkpt lat="48.4608" lon="18.614964"><ele>433.8</ele></trkpt>
      <trkpt lat="48.460773" lon="18.614951"><ele>433.8</ele></trkpt>
      <trkpt lat="48.460746" lon="18.614944"><ele>433.6</ele></trkpt>
      <trkpt lat="48.460719" lon="18.614942"><ele>433.4</ele></trkpt>
      <trkpt lat="48.460693" lon="18.614943"><ele>433.4</ele></trkpt>
      <trkpt lat="48.460664" lon="18.614947"><ele>433.4</ele></trkpt>
      <trkpt lat="48.460636" lon="18.614953"><ele>433.2</ele></trkpt>
      <trkpt lat="48.460605" lon="18.614957"><ele>433</ele></trkpt>
      <trkpt lat="48.460577" lon="18.614962"><ele>432.6</ele></trkpt>
      <trkpt lat="48.460545" lon="18.614973"><ele>432.6</ele></trkpt>
      <trkpt lat="48.460515" lon="18.61499"><ele>432.2</ele></trkpt>
      <trkpt lat="48.460489" lon="18.615003"><ele>431.8</ele></trkpt>
      <trkpt lat="48.460462" lon="18.615026"><ele>431.6</ele></trkpt>
      <trkpt lat="48.460435" lon="18.615041"><ele>431.6</ele></trkpt>
      <trkpt lat="48.460407" lon="18.615058"><ele>431.6</ele></trkpt>
      <trkpt lat="48.460382" lon="18.615074"><ele>431.2</ele></trkpt>
      <trkpt lat="48.460357" lon="18.615095"><ele>431</ele></trkpt>
      <trkpt lat="48.46033" lon="18.615118"><ele>431</ele></trkpt>
      <trkpt lat="48.460306" lon="18.615137"><ele>431</ele></trkpt>
      <trkpt lat="48.460278" lon="18.615152"><ele>430.8</ele></trkpt>
      <trkpt lat="48.460254" lon="18.61517"><ele>430.6</ele></trkpt>
      <trkpt lat="48.46023" lon="18.615192"><ele>430.4</ele></trkpt>
      <trkpt lat="48.460202" lon="18.61522"><ele>430.4</ele></trkpt>
      <trkpt lat="48.460179" lon="18.615247"><ele>430.4</ele></trkpt>
      <trkpt lat="48.460151" lon="18.61527"><ele>430.4</ele></trkpt>
      <trkpt lat="48.460124" lon="18.615291"><ele>430.8</ele></trkpt>
      <trkpt lat="48.460098" lon="18.615309"><ele>430.8</ele></trkpt>
      <trkpt lat="48.460074" lon="18.615335"><ele>430.6</ele></trkpt>
      <trkpt lat="48.46005" lon="18.615358"><ele>430.2</ele></trkpt>
      <trkpt lat="48.460028" lon="18.615376"><ele>430</ele></trkpt>
      <trkpt lat="48.46" lon="18.615395"><ele>429.8</ele></trkpt>
      <trkpt lat="48.459977" lon="18.615408"><ele>429.4</ele></trkpt>
      <trkpt lat="48.45995" lon="18.615421"><ele>429.2</ele></trkpt>
      <trkpt lat="48.459922" lon="18.61543"><ele>428.8</ele></trkpt>
      <trkpt lat="48.459896" lon="18.615442"><ele>428.6</ele></trkpt>
      <trkpt lat="48.459869" lon="18.61545"><ele>428.4</ele></trkpt>
      <trkpt lat="48.459846" lon="18.615458"><ele>428.2</ele></trkpt>
      <trkpt lat="48.459819" lon="18.615464"><ele>428</ele></trkpt>
      <trkpt lat="48.459802" lon="18.615459"><ele>427.6</ele></trkpt>
      <trkpt lat="48.459787" lon="18.615457"><ele>427.2</ele></trkpt>
      <trkpt lat="48.459768" lon="18.615458"><ele>426.8</ele></trkpt>
      <trkpt lat="48.459748" lon="18.615453"><ele>426.6</ele></trkpt>
      <trkpt lat="48.459725" lon="18.615449"><ele>426.4</ele></trkpt>
      <trkpt lat="48.459702" lon="18.615447"><ele>426.4</ele></trkpt>
      <trkpt lat="48.459677" lon="18.615444"><ele>426.4</ele></trkpt>
      <trkpt lat="48.459646" lon="18.615441"><ele>426.4</ele></trkpt>
      <trkpt lat="48.459616" lon="18.615435"><ele>426.4</ele></trkpt>
      <trkpt lat="48.459588" lon="18.615427"><ele>426.4</ele></trkpt>
      <trkpt lat="48.459558" lon="18.615411"><ele>426.4</ele></trkpt>
      <trkpt lat="48.459534" lon="18.615389"><ele>426.4</ele></trkpt>
      <trkpt lat="48.459509" lon="18.615373"><ele>426.2</ele></trkpt>
      <trkpt lat="48.459478" lon="18.615362"><ele>426.2</ele></trkpt>
      <trkpt lat="48.459444" lon="18.615349"><ele>426.2</ele></trkpt>
      <trkpt lat="48.459413" lon="18.615331"><ele>426.2</ele></trkpt>
      <trkpt lat="48.45938" lon="18.615314"><ele>426</ele></trkpt>
      <trkpt lat="48.459347" lon="18.615301"><ele>425.8</ele></trkpt>
      <trkpt lat="48.459319" lon="18.615291"><ele>425.6</ele></trkpt>
      <trkpt lat="48.459292" lon="18.615269"><ele>425.4</ele></trkpt>
      <trkpt lat="48.45927" lon="18.615251"><ele>425.4</ele></trkpt>
      <trkpt lat="48.459242" lon="18.615243"><ele>425.4</ele></trkpt>
      <trkpt lat="48.459213" lon="18.615242"><ele>425.2</ele></trkpt>
      <trkpt lat="48.459185" lon="18.615245"><ele>425</ele></trkpt>
      <trkpt lat="48.459155" lon="18.615247"><ele>425</ele></trkpt>
      <trkpt lat="48.459124" lon="18.615253"><ele>424.8</ele></trkpt>
      <trkpt lat="48.459099" lon="18.615258"><ele>424.6</ele></trkpt>
      <trkpt lat="48.459075" lon="18.615262"><ele>424.4</ele></trkpt>
      <trkpt lat="48.45906" lon="18.61528"><ele>424.4</ele></trkpt>
      <trkpt lat="48.45904" lon="18.615303"><ele>424.4</ele></trkpt>
      <trkpt lat="48.459023" lon="18.615325"><ele>424.6</ele></trkpt>
      <trkpt lat="48.459005" lon="18.615333"><ele>424.2</ele></trkpt>
      <trkpt lat="48.458991" lon="18.615347"><ele>423.8</ele></trkpt>
      <trkpt lat="48.458978" lon="18.615366"><ele>423.6</ele></trkpt>
      <trkpt lat="48.45896" lon="18.615387"><ele>423.8</ele></trkpt>
      <trkpt lat="48.458943" lon="18.615407"><ele>423.6</ele></trkpt>
      <trkpt lat="48.458923" lon="18.615434"><ele>424</ele></trkpt>
      <trkpt lat="48.458904" lon="18.615457"><ele>424.4</ele></trkpt>
      <trkpt lat="48.458884" lon="18.61548"><ele>424.6</ele></trkpt>
      <trkpt lat="48.458867" lon="18.615498"><ele>424.6</ele></trkpt>
      <trkpt lat="48.458847" lon="18.615518"><ele>424.4</ele></trkpt>
      <trkpt lat="48.458829" lon="18.615534"><ele>424.4</ele></trkpt>
      <trkpt lat="48.458809" lon="18.615552"><ele>424.4</ele></trkpt>
      <trkpt lat="48.458793" lon="18.615572"><ele>424.4</ele></trkpt>
      <trkpt lat="48.458771" lon="18.6156"><ele>424.4</ele></trkpt>
      <trkpt lat="48.458751" lon="18.615624"><ele>424.6</ele></trkpt>
      <trkpt lat="48.458724" lon="18.615643"><ele>424.8</ele></trkpt>
      <trkpt lat="48.4587" lon="18.615667"><ele>425</ele></trkpt>
      <trkpt lat="48.458683" lon="18.615689"><ele>425</ele></trkpt>
      <trkpt lat="48.458658" lon="18.61572"><ele>425</ele></trkpt>
      <trkpt lat="48.458637" lon="18.615749"><ele>425.2</ele></trkpt>
      <trkpt lat="48.458615" lon="18.615777"><ele>425.2</ele></trkpt>
      <trkpt lat="48.458593" lon="18.615801"><ele>425</ele></trkpt>
      <trkpt lat="48.458572" lon="18.615824"><ele>425.2</ele></trkpt>
      <trkpt lat="48.45855" lon="18.615849"><ele>425.4</ele></trkpt>
      <trkpt lat="48.45853" lon="18.615875"><ele>425.4</ele></trkpt>
      <trkpt lat="48.458509" lon="18.6159"><ele>425.2</ele></trkpt>
      <trkpt lat="48.458484" lon="18.615922"><ele>425</ele></trkpt>
      <trkpt lat="48.458463" lon="18.61594"><ele>424.8</ele></trkpt>
      <trkpt lat="48.458434" lon="18.615968"><ele>424.8</ele></trkpt>
      <trkpt lat="48.458412" lon="18.615994"><ele>425</ele></trkpt>
      <trkpt lat="48.458387" lon="18.616021"><ele>425.2</ele></trkpt>
      <trkpt lat="48.458359" lon="18.616039"><ele>425.2</ele></trkpt>
      <trkpt lat="48.458336" lon="18.616064"><ele>425.2</ele></trkpt>
      <trkpt lat="48.458308" lon="18.616089"><ele>425</ele></trkpt>
      <trkpt lat="48.458283" lon="18.616109"><ele>424.8</ele></trkpt>
      <trkpt lat="48.458263" lon="18.616127"><ele>424.8</ele></trkpt>
      <trkpt lat="48.458237" lon="18.616147"><ele>424.8</ele></trkpt>
      <trkpt lat="48.458216" lon="18.616166"><ele>424.4</ele></trkpt>
      <trkpt lat="48.458194" lon="18.616189"><ele>424.2</ele></trkpt>
      <trkpt lat="48.458175" lon="18.616217"><ele>424</ele></trkpt>
      <trkpt lat="48.458165" lon="18.616244"><ele>423.8</ele></trkpt>
      <trkpt lat="48.458156" lon="18.616274"><ele>423.4</ele></trkpt>
      <trkpt lat="48.458151" lon="18.616309"><ele>423</ele></trkpt>
      <trkpt lat="48.45815" lon="18.61635"><ele>422.8</ele></trkpt>
      <trkpt lat="48.458147" lon="18.616395"><ele>422.6</ele></trkpt>
      <trkpt lat="48.458143" lon="18.616436"><ele>422.6</ele></trkpt>
      <trkpt lat="48.458139" lon="18.616479"><ele>422.2</ele></trkpt>
      <trkpt lat="48.458137" lon="18.616521"><ele>421.8</ele></trkpt>
      <trkpt lat="48.458132" lon="18.616576"><ele>421.6</ele></trkpt>
      <trkpt lat="48.458125" lon="18.616626"><ele>421.2</ele></trkpt>
      <trkpt lat="48.458117" lon="18.616672"><ele>421.2</ele></trkpt>
      <trkpt lat="48.458109" lon="18.616717"><ele>420.8</ele></trkpt>
      <trkpt lat="48.458098" lon="18.616759"><ele>420.6</ele></trkpt>
      <trkpt lat="48.458089" lon="18.616799"><ele>420.6</ele></trkpt>
      <trkpt lat="48.458077" lon="18.616841"><ele>420.6</ele></trkpt>
      <trkpt lat="48.458064" lon="18.616882"><ele>420.8</ele></trkpt>
      <trkpt lat="48.458054" lon="18.616924"><ele>420.6</ele></trkpt>
      <trkpt lat="48.458043" lon="18.616963"><ele>420.4</ele></trkpt>
      <trkpt lat="48.458034" lon="18.617003"><ele>420.2</ele></trkpt>
      <trkpt lat="48.458021" lon="18.617044"><ele>420</ele></trkpt>
      <trkpt lat="48.458008" lon="18.617086"><ele>419.8</ele></trkpt>
      <trkpt lat="48.457995" lon="18.617126"><ele>420</ele></trkpt>
      <trkpt lat="48.457984" lon="18.617163"><ele>419.8</ele></trkpt>
      <trkpt lat="48.457972" lon="18.617205"><ele>419.8</ele></trkpt>
      <trkpt lat="48.457961" lon="18.617247"><ele>419.6</ele></trkpt>
      <trkpt lat="48.457953" lon="18.617275"><ele>419</ele></trkpt>
      <trkpt lat="48.457937" lon="18.617324"><ele>418.4</ele></trkpt>
      <trkpt lat="48.457925" lon="18.617363"><ele>417.8</ele></trkpt>
      <trkpt lat="48.457911" lon="18.617409"><ele>417.4</ele></trkpt>
      <trkpt lat="48.457896" lon="18.617454"><ele>417</ele></trkpt>
      <trkpt lat="48.457882" lon="18.617493"><ele>416.6</ele></trkpt>
      <trkpt lat="48.457866" lon="18.617533"><ele>416</ele></trkpt>
      <trkpt lat="48.457854" lon="18.61758"><ele>415.8</ele></trkpt>
      <trkpt lat="48.457838" lon="18.617631"><ele>415.6</ele></trkpt>
      <trkpt lat="48.457823" lon="18.617679"><ele>415.6</ele></trkpt>
      <trkpt lat="48.457805" lon="18.617729"><ele>415.6</ele></trkpt>
      <trkpt lat="48.457788" lon="18.617775"><ele>415.6</ele></trkpt>
      <trkpt lat="48.457774" lon="18.617813"><ele>415.4</ele></trkpt>
      <trkpt lat="48.457752" lon="18.617862"><ele>415.2</ele></trkpt>
      <trkpt lat="48.457735" lon="18.617899"><ele>415.2</ele></trkpt>
      <trkpt lat="48.457717" lon="18.617937"><ele>414.8</ele></trkpt>
      <trkpt lat="48.4577" lon="18.617977"><ele>414.6</ele></trkpt>
      <trkpt lat="48.457682" lon="18.618014"><ele>414.2</ele></trkpt>
      <trkpt lat="48.457664" lon="18.618049"><ele>413.8</ele></trkpt>
      <trkpt lat="48.457644" lon="18.618087"><ele>413.4</ele></trkpt>
      <trkpt lat="48.457627" lon="18.618118"><ele>412.8</ele></trkpt>
      <trkpt lat="48.457606" lon="18.618151"><ele>412.2</ele></trkpt>
      <trkpt lat="48.457588" lon="18.618186"><ele>411.8</ele></trkpt>
      <trkpt lat="48.457562" lon="18.618229"><ele>411</ele></trkpt>
      <trkpt lat="48.457543" lon="18.618267"><ele>410.4</ele></trkpt>
      <trkpt lat="48.457518" lon="18.618312"><ele>410</ele></trkpt>
      <trkpt lat="48.457495" lon="18.61835"><ele>409.2</ele></trkpt>
      <trkpt lat="48.457472" lon="18.618383"><ele>408</ele></trkpt>
      <trkpt lat="48.45745" lon="18.618427"><ele>407.4</ele></trkpt>
      <trkpt lat="48.457427" lon="18.61847"><ele>406.8</ele></trkpt>
      <trkpt lat="48.457407" lon="18.618508"><ele>406.4</ele></trkpt>
      <trkpt lat="48.457381" lon="18.618551"><ele>405.8</ele></trkpt>
      <trkpt lat="48.45736" lon="18.618591"><ele>405</ele></trkpt>
      <trkpt lat="48.457338" lon="18.618631"><ele>404.4</ele></trkpt>
      <trkpt lat="48.457315" lon="18.618674"><ele>403.8</ele></trkpt>
      <trkpt lat="48.457291" lon="18.618717"><ele>403.4</ele></trkpt>
      <trkpt lat="48.457268" lon="18.618757"><ele>403</ele></trkpt>
      <trkpt lat="48.457242" lon="18.618805"><ele>402.6</ele></trkpt>
      <trkpt lat="48.457218" lon="18.618849"><ele>402.2</ele></trkpt>
      <trkpt lat="48.457194" lon="18.618891"><ele>401.8</ele></trkpt>
      <trkpt lat="48.457171" lon="18.618934"><ele>401.6</ele></trkpt>
      <trkpt lat="48.45715" lon="18.618975"><ele>401.2</ele></trkpt>
      <trkpt lat="48.45713" lon="18.619012"><ele>400.8</ele></trkpt>
      <trkpt lat="48.457106" lon="18.619054"><ele>400</ele></trkpt>
      <trkpt lat="48.457083" lon="18.619092"><ele>399.6</ele></trkpt>
      <trkpt lat="48.457062" lon="18.619131"><ele>399</ele></trkpt>
      <trkpt lat="48.457041" lon="18.619169"><ele>398.6</ele></trkpt>
      <trkpt lat="48.45702" lon="18.619207"><ele>398.2</ele></trkpt>
      <trkpt lat="48.457002" lon="18.619244"><ele>397.8</ele></trkpt>
      <trkpt lat="48.456979" lon="18.619287"><ele>397.2</ele></trkpt>
      <trkpt lat="48.456957" lon="18.619328"><ele>397</ele></trkpt>
      <trkpt lat="48.456934" lon="18.619372"><ele>396.6</ele></trkpt>
      <trkpt lat="48.456912" lon="18.619413"><ele>396.6</ele></trkpt>
      <trkpt lat="48.456892" lon="18.619458"><ele>396.2</ele></trkpt>
      <trkpt lat="48.456871" lon="18.619496"><ele>395.8</ele></trkpt>
      <trkpt lat="48.456853" lon="18.619543"><ele>395.4</ele></trkpt>
      <trkpt lat="48.456832" lon="18.619586"><ele>395</ele></trkpt>
      <trkpt lat="48.456811" lon="18.619623"><ele>394.6</ele></trkpt>
      <trkpt lat="48.456787" lon="18.619665"><ele>393.8</ele></trkpt>
      <trkpt lat="48.456766" lon="18.619706"><ele>393.2</ele></trkpt>
      <trkpt lat="48.456749" lon="18.619739"><ele>393</ele></trkpt>
      <trkpt lat="48.456719" lon="18.619796"><ele>392.4</ele></trkpt>
      <trkpt lat="48.456697" lon="18.619838"><ele>392.2</ele></trkpt>
      <trkpt lat="48.456672" lon="18.619883"><ele>391.8</ele></trkpt>
      <trkpt lat="48.456651" lon="18.619925"><ele>391.4</ele></trkpt>
      <trkpt lat="48.456629" lon="18.61997"><ele>391</ele></trkpt>
      <trkpt lat="48.45661" lon="18.620008"><ele>390.6</ele></trkpt>
      <trkpt lat="48.456587" lon="18.620054"><ele>390.2</ele></trkpt>
      <trkpt lat="48.456561" lon="18.620098"><ele>389.8</ele></trkpt>
      <trkpt lat="48.45654" lon="18.620139"><ele>389.2</ele></trkpt>
      <trkpt lat="48.456516" lon="18.620184"><ele>389</ele></trkpt>
      <trkpt lat="48.456492" lon="18.620227"><ele>388.6</ele></trkpt>
      <trkpt lat="48.45647" lon="18.620263"><ele>388.2</ele></trkpt>
      <trkpt lat="48.456442" lon="18.620314"><ele>388.2</ele></trkpt>
      <trkpt lat="48.456421" lon="18.62035"><ele>387.6</ele></trkpt>
      <trkpt lat="48.4564" lon="18.620393"><ele>387.2</ele></trkpt>
      <trkpt lat="48.45638" lon="18.620431"><ele>386.8</ele></trkpt>
      <trkpt lat="48.45636" lon="18.620463"><ele>386.4</ele></trkpt>
      <trkpt lat="48.45634" lon="18.620496"><ele>385.6</ele></trkpt>
      <trkpt lat="48.456315" lon="18.62053"><ele>385</ele></trkpt>
      <trkpt lat="48.456289" lon="18.620571"><ele>384.6</ele></trkpt>
      <trkpt lat="48.456266" lon="18.620609"><ele>384.2</ele></trkpt>
      <trkpt lat="48.456242" lon="18.620646"><ele>383.8</ele></trkpt>
      <trkpt lat="48.456217" lon="18.620689"><ele>383.6</ele></trkpt>
      <trkpt lat="48.456192" lon="18.620729"><ele>383.2</ele></trkpt>
      <trkpt lat="48.456167" lon="18.620771"><ele>382.6</ele></trkpt>
      <trkpt lat="48.456141" lon="18.620813"><ele>382.4</ele></trkpt>
      <trkpt lat="48.456118" lon="18.620853"><ele>382</ele></trkpt>
      <trkpt lat="48.456095" lon="18.620891"><ele>381.6</ele></trkpt>
      <trkpt lat="48.456072" lon="18.620928"><ele>381.2</ele></trkpt>
      <trkpt lat="48.456054" lon="18.620956"><ele>380.8</ele></trkpt>
      <trkpt lat="48.456022" lon="18.621001"><ele>380.4</ele></trkpt>
      <trkpt lat="48.456001" lon="18.621038"><ele>379.8</ele></trkpt>
      <trkpt lat="48.455976" lon="18.621084"><ele>379.6</ele></trkpt>
      <trkpt lat="48.455948" lon="18.621119"><ele>379.2</ele></trkpt>
      <trkpt lat="48.455923" lon="18.621154"><ele>378.8</ele></trkpt>
      <trkpt lat="48.455902" lon="18.621187"><ele>378.4</ele></trkpt>
      <trkpt lat="48.455881" lon="18.621227"><ele>378.2</ele></trkpt>
      <trkpt lat="48.455858" lon="18.621271"><ele>378</ele></trkpt>
      <trkpt lat="48.455835" lon="18.621313"><ele>377.6</ele></trkpt>
      <trkpt lat="48.45581" lon="18.621353"><ele>377.2</ele></trkpt>
      <trkpt lat="48.455786" lon="18.621391"><ele>376.8</ele></trkpt>
      <trkpt lat="48.455764" lon="18.621428"><ele>376.4</ele></trkpt>
      <trkpt lat="48.455736" lon="18.621482"><ele>376.4</ele></trkpt>
      <trkpt lat="48.455714" lon="18.621525"><ele>376</ele></trkpt>
      <trkpt lat="48.455688" lon="18.621566"><ele>375.6</ele></trkpt>
      <trkpt lat="48.455667" lon="18.621608"><ele>375.4</ele></trkpt>
      <trkpt lat="48.455646" lon="18.621648"><ele>375.2</ele></trkpt>
      <trkpt lat="48.455625" lon="18.62169"><ele>375</ele></trkpt>
      <trkpt lat="48.455602" lon="18.621734"><ele>374.6</ele></trkpt>
      <trkpt lat="48.455579" lon="18.621779"><ele>374.2</ele></trkpt>
      <trkpt lat="48.455555" lon="18.621823"><ele>373.8</ele></trkpt>
      <trkpt lat="48.455533" lon="18.621863"><ele>373.2</ele></trkpt>
      <trkpt lat="48.455508" lon="18.621909"><ele>372.8</ele></trkpt>
      <trkpt lat="48.455481" lon="18.621956"><ele>372.6</ele></trkpt>
      <trkpt lat="48.455463" lon="18.621996"><ele>372.4</ele></trkpt>
      <trkpt lat="48.455445" lon="18.622039"><ele>372</ele></trkpt>
      <trkpt lat="48.455429" lon="18.622082"><ele>371.6</ele></trkpt>
      <trkpt lat="48.455414" lon="18.622124"><ele>371</ele></trkpt>
      <trkpt lat="48.4554" lon="18.622165"><ele>370.6</ele></trkpt>
      <trkpt lat="48.455385" lon="18.622207"><ele>370</ele></trkpt>
      <trkpt lat="48.455369" lon="18.622254"><ele>369.6</ele></trkpt>
      <trkpt lat="48.45536" lon="18.622287"><ele>369.4</ele></trkpt>
      <trkpt lat="48.455347" lon="18.622328"><ele>369</ele></trkpt>
      <trkpt lat="48.455335" lon="18.622367"><ele>368.6</ele></trkpt>
      <trkpt lat="48.455319" lon="18.622411"><ele>368.4</ele></trkpt>
      <trkpt lat="48.455307" lon="18.622452"><ele>368.4</ele></trkpt>
      <trkpt lat="48.45529" lon="18.622499"><ele>368.2</ele></trkpt>
      <trkpt lat="48.455276" lon="18.622543"><ele>368.2</ele></trkpt>
      <trkpt lat="48.455263" lon="18.622589"><ele>368.2</ele></trkpt>
      <trkpt lat="48.455251" lon="18.622632"><ele>368</ele></trkpt>
      <trkpt lat="48.455239" lon="18.622674"><ele>368</ele></trkpt>
      <trkpt lat="48.455227" lon="18.622709"><ele>368</ele></trkpt>
      <trkpt lat="48.455217" lon="18.622757"><ele>367.8</ele></trkpt>
      <trkpt lat="48.455211" lon="18.622803"><ele>367.4</ele></trkpt>
      <trkpt lat="48.455204" lon="18.622849"><ele>367.2</ele></trkpt>
      <trkpt lat="48.455198" lon="18.622888"><ele>366.8</ele></trkpt>
      <trkpt lat="48.455191" lon="18.622934"><ele>366.6</ele></trkpt>
      <trkpt lat="48.455186" lon="18.622981"><ele>366.2</ele></trkpt>
      <trkpt lat="48.45518" lon="18.623035"><ele>366</ele></trkpt>
      <trkpt lat="48.455179" lon="18.623079"><ele>365.6</ele></trkpt>
      <trkpt lat="48.455182" lon="18.62313"><ele>365.4</ele></trkpt>
      <trkpt lat="48.455188" lon="18.623174"><ele>365</ele></trkpt>
      <trkpt lat="48.455191" lon="18.623226"><ele>365</ele></trkpt>
      <trkpt lat="48.455195" lon="18.623265"><ele>365</ele></trkpt>
      <trkpt lat="48.455197" lon="18.623314"><ele>364.8</ele></trkpt>
      <trkpt lat="48.455202" lon="18.623359"><ele>364.6</ele></trkpt>
      <trkpt lat="48.455209" lon="18.623404"><ele>364.6</ele></trkpt>
      <trkpt lat="48.455213" lon="18.623457"><ele>364.4</ele></trkpt>
      <trkpt lat="48.455221" lon="18.623506"><ele>364.4</ele></trkpt>
      <trkpt lat="48.455225" lon="18.623549"><ele>364.4</ele></trkpt>
      <trkpt lat="48.455227" lon="18.623596"><ele>364.6</ele></trkpt>
      <trkpt lat="48.455229" lon="18.623639"><ele>364.6</ele></trkpt>
      <trkpt lat="48.455234" lon="18.623675"><ele>364.4</ele></trkpt>
      <trkpt lat="48.455233" lon="18.623714"><ele>364.2</ele></trkpt>
      <trkpt lat="48.455233" lon="18.623755"><ele>364</ele></trkpt>
      <trkpt lat="48.455236" lon="18.623791"><ele>363.8</ele></trkpt>
      <trkpt lat="48.45524" lon="18.623836"><ele>363.6</ele></trkpt>
      <trkpt lat="48.455245" lon="18.623876"><ele>363.2</ele></trkpt>
      <trkpt lat="48.455249" lon="18.623919"><ele>362.8</ele></trkpt>
      <trkpt lat="48.455252" lon="18.623962"><ele>362.4</ele></trkpt>
      <trkpt lat="48.455256" lon="18.624009"><ele>362.4</ele></trkpt>
      <trkpt lat="48.455258" lon="18.624048"><ele>362.2</ele></trkpt>
      <trkpt lat="48.455267" lon="18.624092"><ele>361.6</ele></trkpt>
      <trkpt lat="48.455273" lon="18.624137"><ele>361.4</ele></trkpt>
      <trkpt lat="48.455276" lon="18.624186"><ele>361.2</ele></trkpt>
      <trkpt lat="48.455278" lon="18.624241"><ele>361.2</ele></trkpt>
      <trkpt lat="48.455277" lon="18.624291"><ele>361.2</ele></trkpt>
      <trkpt lat="48.455278" lon="18.624338"><ele>361.2</ele></trkpt>
      <trkpt lat="48.455281" lon="18.624385"><ele>361</ele></trkpt>
      <trkpt lat="48.455282" lon="18.624436"><ele>360.8</ele></trkpt>
      <trkpt lat="48.455285" lon="18.624485"><ele>360.6</ele></trkpt>
      <trkpt lat="48.455284" lon="18.624533"><ele>360.6</ele></trkpt>
      <trkpt lat="48.455285" lon="18.624586"><ele>360.6</ele></trkpt>
      <trkpt lat="48.455285" lon="18.624636"><ele>360.4</ele></trkpt>
      <trkpt lat="48.455285" lon="18.624691"><ele>360.4</ele></trkpt>
      <trkpt lat="48.455289" lon="18.624741"><ele>360.4</ele></trkpt>
      <trkpt lat="48.455291" lon="18.624792"><ele>360.6</ele></trkpt>
      <trkpt lat="48.455292" lon="18.624849"><ele>360.8</ele></trkpt>
      <trkpt lat="48.455288" lon="18.6249"><ele>360.6</ele></trkpt>
      <trkpt lat="48.455281" lon="18.624948"><ele>360.4</ele></trkpt>
      <trkpt lat="48.455276" lon="18.625003"><ele>360.4</ele></trkpt>
      <trkpt lat="48.45527" lon="18.62505"><ele>360.6</ele></trkpt>
      <trkpt lat="48.455262" lon="18.625098"><ele>360.6</ele></trkpt>
      <trkpt lat="48.455255" lon="18.625148"><ele>360.6</ele></trkpt>
      <trkpt lat="48.455247" lon="18.625195"><ele>360.4</ele></trkpt>
      <trkpt lat="48.45524" lon="18.625233"><ele>360.2</ele></trkpt>
      <trkpt lat="48.455233" lon="18.625273"><ele>360.2</ele></trkpt>
      <trkpt lat="48.455228" lon="18.625321"><ele>360.4</ele></trkpt>
      <trkpt lat="48.455218" lon="18.625371"><ele>360.4</ele></trkpt>
      <trkpt lat="48.455206" lon="18.625417"><ele>360.2</ele></trkpt>
      <trkpt lat="48.455193" lon="18.625462"><ele>359.8</ele></trkpt>
      <trkpt lat="48.455182" lon="18.625503"><ele>359.6</ele></trkpt>
      <trkpt lat="48.45517" lon="18.62556"><ele>359.4</ele></trkpt>
      <trkpt lat="48.455157" lon="18.625613"><ele>359.4</ele></trkpt>
      <trkpt lat="48.455144" lon="18.625659"><ele>359.2</ele></trkpt>
      <trkpt lat="48.455133" lon="18.625707"><ele>359.2</ele></trkpt>
      <trkpt lat="48.455124" lon="18.62575"><ele>359</ele></trkpt>
      <trkpt lat="48.455112" lon="18.625796"><ele>358.8</ele></trkpt>
      <trkpt lat="48.455095" lon="18.625843"><ele>358.6</ele></trkpt>
      <trkpt lat="48.455082" lon="18.625882"><ele>358.4</ele></trkpt>
      <trkpt lat="48.455067" lon="18.625927"><ele>358.2</ele></trkpt>
      <trkpt lat="48.455055" lon="18.625964"><ele>358</ele></trkpt>
      <trkpt lat="48.455039" lon="18.626011"><ele>357.6</ele></trkpt>
      <trkpt lat="48.455024" lon="18.626047"><ele>357.4</ele></trkpt>
      <trkpt lat="48.455005" lon="18.626086"><ele>356.8</ele></trkpt>
      <trkpt lat="48.454986" lon="18.626124"><ele>356.6</ele></trkpt>
      <trkpt lat="48.45497" lon="18.626157"><ele>356.2</ele></trkpt>
      <trkpt lat="48.454952" lon="18.626194"><ele>355.8</ele></trkpt>
      <trkpt lat="48.454933" lon="18.626233"><ele>355.6</ele></trkpt>
      <trkpt lat="48.454916" lon="18.626263"><ele>355.2</ele></trkpt>
      <trkpt lat="48.454897" lon="18.626304"><ele>354.8</ele></trkpt>
      <trkpt lat="48.454881" lon="18.626336"><ele>354.4</ele></trkpt>
      <trkpt lat="48.454866" lon="18.626369"><ele>354</ele></trkpt>
      <trkpt lat="48.454844" lon="18.626405"><ele>353.6</ele></trkpt>
      <trkpt lat="48.454825" lon="18.62644"><ele>353.2</ele></trkpt>
      <trkpt lat="48.454806" lon="18.626475"><ele>353</ele></trkpt>
      <trkpt lat="48.454789" lon="18.626515"><ele>353</ele></trkpt>
      <trkpt lat="48.454769" lon="18.626559"><ele>352.8</ele></trkpt>
      <trkpt lat="48.454753" lon="18.626597"><ele>352.6</ele></trkpt>
      <trkpt lat="48.454734" lon="18.626635"><ele>352.6</ele></trkpt>
      <trkpt lat="48.454717" lon="18.626669"><ele>352.2</ele></trkpt>
      <trkpt lat="48.454701" lon="18.626702"><ele>352</ele></trkpt>
      <trkpt lat="48.454678" lon="18.626745"><ele>352</ele></trkpt>
      <trkpt lat="48.454663" lon="18.626781"><ele>352</ele></trkpt>
      <trkpt lat="48.454642" lon="18.626817"><ele>351.8</ele></trkpt>
      <trkpt lat="48.454625" lon="18.62685"><ele>351.4</ele></trkpt>
      <trkpt lat="48.454607" lon="18.626882"><ele>351.4</ele></trkpt>
      <trkpt lat="48.45459" lon="18.626915"><ele>351.2</ele></trkpt>
      <trkpt lat="48.454572" lon="18.626951"><ele>351</ele></trkpt>
      <trkpt lat="48.454556" lon="18.626988"><ele>351.2</ele></trkpt>
      <trkpt lat="48.454541" lon="18.627022"><ele>351.2</ele></trkpt>
      <trkpt lat="48.454523" lon="18.627057"><ele>351</ele></trkpt>
      <trkpt lat="48.454504" lon="18.627092"><ele>350.8</ele></trkpt>
      <trkpt lat="48.454488" lon="18.627129"><ele>350.8</ele></trkpt>
      <trkpt lat="48.454468" lon="18.627169"><ele>350.6</ele></trkpt>
      <trkpt lat="48.454455" lon="18.627205"><ele>350.2</ele></trkpt>
      <trkpt lat="48.45444" lon="18.627242"><ele>350</ele></trkpt>
      <trkpt lat="48.454422" lon="18.627283"><ele>349.6</ele></trkpt>
      <trkpt lat="48.454405" lon="18.627324"><ele>349.4</ele></trkpt>
      <trkpt lat="48.454391" lon="18.627362"><ele>349.4</ele></trkpt>
      <trkpt lat="48.454373" lon="18.627405"><ele>349</ele></trkpt>
      <trkpt lat="48.454356" lon="18.627446"><ele>348.8</ele></trkpt>
      <trkpt lat="48.454339" lon="18.627488"><ele>348.8</ele></trkpt>
      <trkpt lat="48.454321" lon="18.62753"><ele>348.6</ele></trkpt>
      <trkpt lat="48.454304" lon="18.627571"><ele>348.2</ele></trkpt>
      <trkpt lat="48.454288" lon="18.627606"><ele>347.8</ele></trkpt>
      <trkpt lat="48.45427" lon="18.627648"><ele>347.4</ele></trkpt>
      <trkpt lat="48.454254" lon="18.62769"><ele>347.2</ele></trkpt>
      <trkpt lat="48.454239" lon="18.627728"><ele>347</ele></trkpt>
      <trkpt lat="48.45422" lon="18.627762"><ele>347.2</ele></trkpt>
      <trkpt lat="48.454199" lon="18.627807"><ele>347.2</ele></trkpt>
      <trkpt lat="48.454189" lon="18.627846"><ele>346.8</ele></trkpt>
      <trkpt lat="48.454174" lon="18.627894"><ele>346.4</ele></trkpt>
      <trkpt lat="48.454159" lon="18.627934"><ele>346</ele></trkpt>
      <trkpt lat="48.454141" lon="18.627972"><ele>345.8</ele></trkpt>
      <trkpt lat="48.454122" lon="18.628012"><ele>345.6</ele></trkpt>
      <trkpt lat="48.454106" lon="18.628049"><ele>345.2</ele></trkpt>
      <trkpt lat="48.454088" lon="18.628089"><ele>344.8</ele></trkpt>
      <trkpt lat="48.454071" lon="18.62813"><ele>344.6</ele></trkpt>
      <trkpt lat="48.45405" lon="18.628172"><ele>344.4</ele></trkpt>
      <trkpt lat="48.454031" lon="18.628212"><ele>344.2</ele></trkpt>
      <trkpt lat="48.454012" lon="18.628254"><ele>344.2</ele></trkpt>
      <trkpt lat="48.453991" lon="18.628298"><ele>344</ele></trkpt>
      <trkpt lat="48.453976" lon="18.628333"><ele>343.8</ele></trkpt>
      <trkpt lat="48.453958" lon="18.628375"><ele>343.8</ele></trkpt>
      <trkpt lat="48.45394" lon="18.628417"><ele>343.8</ele></trkpt>
      <trkpt lat="48.453919" lon="18.62846"><ele>343.8</ele></trkpt>
      <trkpt lat="48.453897" lon="18.628507"><ele>343.8</ele></trkpt>
      <trkpt lat="48.453879" lon="18.628547"><ele>344</ele></trkpt>
      <trkpt lat="48.453861" lon="18.628584"><ele>344</ele></trkpt>
      <trkpt lat="48.453844" lon="18.628618"><ele>343.8</ele></trkpt>
      <trkpt lat="48.453819" lon="18.628666"><ele>344</ele></trkpt>
      <trkpt lat="48.453799" lon="18.628711"><ele>344</ele></trkpt>
      <trkpt lat="48.453778" lon="18.628751"><ele>343.8</ele></trkpt>
      <trkpt lat="48.453754" lon="18.628791"><ele>343.8</ele></trkpt>
      <trkpt lat="48.453736" lon="18.628829"><ele>343.8</ele></trkpt>
      <trkpt lat="48.453717" lon="18.628871"><ele>343.6</ele></trkpt>
      <trkpt lat="48.453698" lon="18.628914"><ele>343.8</ele></trkpt>
      <trkpt lat="48.453675" lon="18.628951"><ele>344.2</ele></trkpt>
      <trkpt lat="48.453657" lon="18.628983"><ele>344.4</ele></trkpt>
      <trkpt lat="48.453635" lon="18.629013"><ele>344.6</ele></trkpt>
      <trkpt lat="48.453615" lon="18.629041"><ele>344.6</ele></trkpt>
      <trkpt lat="48.453594" lon="18.629078"><ele>344.6</ele></trkpt>
      <trkpt lat="48.453573" lon="18.629114"><ele>344.6</ele></trkpt>
      <trkpt lat="48.453553" lon="18.629147"><ele>344.4</ele></trkpt>
      <trkpt lat="48.453533" lon="18.629181"><ele>344.4</ele></trkpt>
      <trkpt lat="48.453512" lon="18.62921"><ele>344.4</ele></trkpt>
      <trkpt lat="48.453494" lon="18.629242"><ele>344.4</ele></trkpt>
      <trkpt lat="48.453472" lon="18.629278"><ele>344.4</ele></trkpt>
      <trkpt lat="48.453455" lon="18.629312"><ele>344.2</ele></trkpt>
      <trkpt lat="48.453438" lon="18.629352"><ele>344.2</ele></trkpt>
      <trkpt lat="48.453421" lon="18.629386"><ele>344</ele></trkpt>
      <trkpt lat="48.453406" lon="18.629419"><ele>344</ele></trkpt>
      <trkpt lat="48.453392" lon="18.629451"><ele>343.8</ele></trkpt>
      <trkpt lat="48.453377" lon="18.629487"><ele>343.6</ele></trkpt>
      <trkpt lat="48.453366" lon="18.629525"><ele>343.6</ele></trkpt>
      <trkpt lat="48.453356" lon="18.629561"><ele>343.6</ele></trkpt>
      <trkpt lat="48.453346" lon="18.629605"><ele>343.6</ele></trkpt>
      <trkpt lat="48.453341" lon="18.629653"><ele>343.8</ele></trkpt>
      <trkpt lat="48.453343" lon="18.629697"><ele>343.8</ele></trkpt>
      <trkpt lat="48.453349" lon="18.629745"><ele>343.6</ele></trkpt>
      <trkpt lat="48.453358" lon="18.629783"><ele>343.8</ele></trkpt>
      <trkpt lat="48.453369" lon="18.629833"><ele>343.6</ele></trkpt>
      <trkpt lat="48.453382" lon="18.629871"><ele>343.6</ele></trkpt>
      <trkpt lat="48.453395" lon="18.629914"><ele>343.6</ele></trkpt>
      <trkpt lat="48.453412" lon="18.62995"><ele>343.6</ele></trkpt>
      <trkpt lat="48.45343" lon="18.629989"><ele>343.6</ele></trkpt>
      <trkpt lat="48.45345" lon="18.630028"><ele>343.8</ele></trkpt>
      <trkpt lat="48.453468" lon="18.630063"><ele>344.2</ele></trkpt>
      <trkpt lat="48.453482" lon="18.630102"><ele>344.4</ele></trkpt>
      <trkpt lat="48.453497" lon="18.630137"><ele>344.8</ele></trkpt>
      <trkpt lat="48.453506" lon="18.630173"><ele>344.6</ele></trkpt>
      <trkpt lat="48.45352" lon="18.630214"><ele>344.8</ele></trkpt>
      <trkpt lat="48.453526" lon="18.630258"><ele>345</ele></trkpt>
      <trkpt lat="48.453535" lon="18.630292"><ele>345</ele></trkpt>
      <trkpt lat="48.453542" lon="18.630332"><ele>345</ele></trkpt>
      <trkpt lat="48.453546" lon="18.630375"><ele>345</ele></trkpt>
      <trkpt lat="48.453549" lon="18.630417"><ele>345</ele></trkpt>
      <trkpt lat="48.453557" lon="18.630463"><ele>345.2</ele></trkpt>
      <trkpt lat="48.453564" lon="18.630507"><ele>345.4</ele></trkpt>
      <trkpt lat="48.453567" lon="18.630545"><ele>345.2</ele></trkpt>
      <trkpt lat="48.453569" lon="18.630581"><ele>345.6</ele></trkpt>
      <trkpt lat="48.453569" lon="18.630615"><ele>345.6</ele></trkpt>
      <trkpt lat="48.453565" lon="18.630649"><ele>345.8</ele></trkpt>
      <trkpt lat="48.45356" lon="18.630692"><ele>345.8</ele></trkpt>
      <trkpt lat="48.453555" lon="18.630735"><ele>345.8</ele></trkpt>
      <trkpt lat="48.45355" lon="18.630774"><ele>345.6</ele></trkpt>
      <trkpt lat="48.453543" lon="18.630809"><ele>345.4</ele></trkpt>
      <trkpt lat="48.453539" lon="18.630843"><ele>344.8</ele></trkpt>
      <trkpt lat="48.453535" lon="18.630883"><ele>344.8</ele></trkpt>
      <trkpt lat="48.453532" lon="18.630924"><ele>344.6</ele></trkpt>
      <trkpt lat="48.45353" lon="18.630963"><ele>345</ele></trkpt>
      <trkpt lat="48.45353" lon="18.631008"><ele>345.2</ele></trkpt>
      <trkpt lat="48.453532" lon="18.631039"><ele>345.2</ele></trkpt>
      <trkpt lat="48.453551" lon="18.631059"><ele>345.2</ele></trkpt>
      <trkpt lat="48.453562" lon="18.631069"><ele>344.8</ele></trkpt>
      <trkpt lat="48.453584" lon="18.631077"><ele>344.8</ele></trkpt>
      <trkpt lat="48.453613" lon="18.631082"><ele>344.8</ele></trkpt>
      <trkpt lat="48.453632" lon="18.631086"><ele>344.8</ele></trkpt>
      <trkpt lat="48.453652" lon="18.631085"><ele>344.8</ele></trkpt>
      <trkpt lat="48.453675" lon="18.631086"><ele>344.8</ele></trkpt>
      <trkpt lat="48.453695" lon="18.631087"><ele>344.8</ele></trkpt>
      <trkpt lat="48.453723" lon="18.63109"><ele>345</ele></trkpt>
      <trkpt lat="48.453751" lon="18.631092"><ele>345.6</ele></trkpt>
      <trkpt lat="48.453771" lon="18.631094"><ele>345.6</ele></trkpt>
      <trkpt lat="48.453794" lon="18.631093"><ele>346</ele></trkpt>
      <trkpt lat="48.453813" lon="18.631095"><ele>346.2</ele></trkpt>
      <trkpt lat="48.453835" lon="18.631094"><ele>346.4</ele></trkpt>
      <trkpt lat="48.453862" lon="18.631095"><ele>346.2</ele></trkpt>
      <trkpt lat="48.453887" lon="18.631096"><ele>346.4</ele></trkpt>
      <trkpt lat="48.453917" lon="18.631097"><ele>346.6</ele></trkpt>
      <trkpt lat="48.453941" lon="18.6311"><ele>346.6</ele></trkpt>
      <trkpt lat="48.453968" lon="18.631103"><ele>346.6</ele></trkpt>
      <trkpt lat="48.453988" lon="18.631099"><ele>346.8</ele></trkpt>
      <trkpt lat="48.454015" lon="18.631099"><ele>346.6</ele></trkpt>
      <trkpt lat="48.454041" lon="18.631104"><ele>346.8</ele></trkpt>
      <trkpt lat="48.454062" lon="18.631103"><ele>346.6</ele></trkpt>
      <trkpt lat="48.454096" lon="18.631106"><ele>346.4</ele></trkpt>
      <trkpt lat="48.454123" lon="18.631105"><ele>346</ele></trkpt>
      <trkpt lat="48.45415" lon="18.631106"><ele>345.8</ele></trkpt>
      <trkpt lat="48.454184" lon="18.631107"><ele>345.6</ele></trkpt>
      <trkpt lat="48.454213" lon="18.631105"><ele>345.6</ele></trkpt>
      <trkpt lat="48.454239" lon="18.631104"><ele>345.6</ele></trkpt>
      <trkpt lat="48.454267" lon="18.631101"><ele>345.6</ele></trkpt>
      <trkpt lat="48.4543" lon="18.631097"><ele>345.4</ele></trkpt>
      <trkpt lat="48.454332" lon="18.631098"><ele>345.6</ele></trkpt>
      <trkpt lat="48.454362" lon="18.631097"><ele>345.4</ele></trkpt>
      <trkpt lat="48.454394" lon="18.631101"><ele>345</ele></trkpt>
      <trkpt lat="48.454425" lon="18.631098"><ele>344.6</ele></trkpt>
      <trkpt lat="48.454456" lon="18.631095"><ele>344.2</ele></trkpt>
      <trkpt lat="48.454489" lon="18.631094"><ele>343.8</ele></trkpt>
      <trkpt lat="48.454515" lon="18.631091"><ele>343.6</ele></trkpt>
      <trkpt lat="48.45455" lon="18.63109"><ele>343.2</ele></trkpt>
      <trkpt lat="48.454579" lon="18.631086"><ele>343.2</ele></trkpt>
      <trkpt lat="48.45461" lon="18.631082"><ele>343</ele></trkpt>
      <trkpt lat="48.454639" lon="18.631079"><ele>343</ele></trkpt>
      <trkpt lat="48.454668" lon="18.631076"><ele>342.8</ele></trkpt>
      <trkpt lat="48.454696" lon="18.631073"><ele>342.4</ele></trkpt>
      <trkpt lat="48.454723" lon="18.631069"><ele>342</ele></trkpt>
      <trkpt lat="48.454751" lon="18.631062"><ele>341.8</ele></trkpt>
      <trkpt lat="48.45478" lon="18.631051"><ele>341.8</ele></trkpt>
      <trkpt lat="48.454807" lon="18.631042"><ele>341.6</ele></trkpt>
      <trkpt lat="48.454838" lon="18.63103"><ele>341.2</ele></trkpt>
      <trkpt lat="48.454864" lon="18.631021"><ele>341</ele></trkpt>
      <trkpt lat="48.454893" lon="18.631012"><ele>340.6</ele></trkpt>
      <trkpt lat="48.45492" lon="18.631"><ele>340.8</ele></trkpt>
      <trkpt lat="48.454947" lon="18.630989"><ele>340.6</ele></trkpt>
      <trkpt lat="48.454976" lon="18.630979"><ele>340.6</ele></trkpt>
      <trkpt lat="48.455003" lon="18.630967"><ele>340.4</ele></trkpt>
      <trkpt lat="48.455035" lon="18.630954"><ele>340.4</ele></trkpt>
      <trkpt lat="48.455069" lon="18.630941"><ele>340.2</ele></trkpt>
      <trkpt lat="48.45509" lon="18.630929"><ele>339.8</ele></trkpt>
      <trkpt lat="48.455115" lon="18.630916"><ele>339.6</ele></trkpt>
      <trkpt lat="48.455141" lon="18.630902"><ele>339.4</ele></trkpt>
      <trkpt lat="48.455172" lon="18.630893"><ele>339.4</ele></trkpt>
      <trkpt lat="48.455197" lon="18.630877"><ele>339</ele></trkpt>
      <trkpt lat="48.455227" lon="18.630863"><ele>338.8</ele></trkpt>
      <trkpt lat="48.455259" lon="18.630851"><ele>338.6</ele></trkpt>
      <trkpt lat="48.455288" lon="18.630839"><ele>338.4</ele></trkpt>
      <trkpt lat="48.455319" lon="18.630828"><ele>338.2</ele></trkpt>
      <trkpt lat="48.455348" lon="18.630813"><ele>337.8</ele></trkpt>
      <trkpt lat="48.455377" lon="18.630804"><ele>337.4</ele></trkpt>
      <trkpt lat="48.455411" lon="18.630791"><ele>337.2</ele></trkpt>
      <trkpt lat="48.455444" lon="18.630775"><ele>337</ele></trkpt>
      <trkpt lat="48.455476" lon="18.630768"><ele>336.8</ele></trkpt>
      <trkpt lat="48.455507" lon="18.63076"><ele>336.6</ele></trkpt>
      <trkpt lat="48.455539" lon="18.630755"><ele>336.4</ele></trkpt>
      <trkpt lat="48.455572" lon="18.630748"><ele>336.2</ele></trkpt>
      <trkpt lat="48.455609" lon="18.630738"><ele>336.2</ele></trkpt>
      <trkpt lat="48.455643" lon="18.630727"><ele>336.2</ele></trkpt>
      <trkpt lat="48.455674" lon="18.630716"><ele>336.2</ele></trkpt>
      <trkpt lat="48.455708" lon="18.630707"><ele>336.2</ele></trkpt>
      <trkpt lat="48.455739" lon="18.630696"><ele>336</ele></trkpt>
      <trkpt lat="48.45577" lon="18.630689"><ele>336</ele></trkpt>
      <trkpt lat="48.455803" lon="18.630685"><ele>336</ele></trkpt>
      <trkpt lat="48.455833" lon="18.630688"><ele>335.6</ele></trkpt>
      <trkpt lat="48.455864" lon="18.630685"><ele>335.8</ele></trkpt>
      <trkpt lat="48.455896" lon="18.630676"><ele>335.8</ele></trkpt>
      <trkpt lat="48.455928" lon="18.630673"><ele>335.6</ele></trkpt>
      <trkpt lat="48.455957" lon="18.630674"><ele>335.2</ele></trkpt>
      <trkpt lat="48.45599" lon="18.630676"><ele>334.8</ele></trkpt>
      <trkpt lat="48.456021" lon="18.630677"><ele>334.6</ele></trkpt>
      <trkpt lat="48.456054" lon="18.630671"><ele>334.6</ele></trkpt>
      <trkpt lat="48.456088" lon="18.630667"><ele>334.2</ele></trkpt>
      <trkpt lat="48.456118" lon="18.630666"><ele>333.8</ele></trkpt>
      <trkpt lat="48.456144" lon="18.630669"><ele>333.6</ele></trkpt>
      <trkpt lat="48.456171" lon="18.630674"><ele>333.4</ele></trkpt>
      <trkpt lat="48.456203" lon="18.630679"><ele>333.2</ele></trkpt>
      <trkpt lat="48.456237" lon="18.630691"><ele>333</ele></trkpt>
      <trkpt lat="48.456268" lon="18.630701"><ele>333</ele></trkpt>
      <trkpt lat="48.4563" lon="18.630712"><ele>333</ele></trkpt>
      <trkpt lat="48.456332" lon="18.630723"><ele>333</ele></trkpt>
      <trkpt lat="48.456328" lon="18.630722"><ele>333</ele></trkpt>
      <trkpt lat="48.456387" lon="18.630748"><ele>333</ele></trkpt>
      <trkpt lat="48.456415" lon="18.63076"><ele>333.2</ele></trkpt>
      <trkpt lat="48.456441" lon="18.630775"><ele>333.2</ele></trkpt>
      <trkpt lat="48.456466" lon="18.630787"><ele>333.2</ele></trkpt>
      <trkpt lat="48.456493" lon="18.630804"><ele>333.2</ele></trkpt>
      <trkpt lat="48.456522" lon="18.63082"><ele>333.2</ele></trkpt>
      <trkpt lat="48.456551" lon="18.630832"><ele>333.2</ele></trkpt>
      <trkpt lat="48.456583" lon="18.630843"><ele>333.2</ele></trkpt>
      <trkpt lat="48.456614" lon="18.63085"><ele>333.2</ele></trkpt>
      <trkpt lat="48.456648" lon="18.630858"><ele>333.2</ele></trkpt>
      <trkpt lat="48.456678" lon="18.630866"><ele>333</ele></trkpt>
      <trkpt lat="48.456707" lon="18.630874"><ele>333</ele></trkpt>
      <trkpt lat="48.456735" lon="18.630882"><ele>333</ele></trkpt>
      <trkpt lat="48.456759" lon="18.630887"><ele>332.8</ele></trkpt>
      <trkpt lat="48.456786" lon="18.630892"><ele>333</ele></trkpt>
      <trkpt lat="48.456813" lon="18.630893"><ele>333</ele></trkpt>
      <trkpt lat="48.45684" lon="18.630894"><ele>333</ele></trkpt>
      <trkpt lat="48.456869" lon="18.630898"><ele>333</ele></trkpt>
      <trkpt lat="48.456895" lon="18.630906"><ele>332.8</ele></trkpt>
      <trkpt lat="48.456921" lon="18.630915"><ele>332.8</ele></trkpt>
      <trkpt lat="48.456946" lon="18.630936"><ele>332.8</ele></trkpt>
      <trkpt lat="48.456974" lon="18.630958"><ele>333</ele></trkpt>
      <trkpt lat="48.456995" lon="18.630985"><ele>332.8</ele></trkpt>
      <trkpt lat="48.457016" lon="18.631018"><ele>332.8</ele></trkpt>
      <trkpt lat="48.457037" lon="18.63105"><ele>332.6</ele></trkpt>
      <trkpt lat="48.457056" lon="18.631082"><ele>332.6</ele></trkpt>
      <trkpt lat="48.457075" lon="18.631113"><ele>332.6</ele></trkpt>
      <trkpt lat="48.457094" lon="18.631146"><ele>332.4</ele></trkpt>
      <trkpt lat="48.457112" lon="18.631171"><ele>333</ele></trkpt>
      <trkpt lat="48.457127" lon="18.631205"><ele>333.8</ele></trkpt>
      <trkpt lat="48.45714" lon="18.63124"><ele>334.4</ele></trkpt>
      <trkpt lat="48.457152" lon="18.631269"><ele>334.6</ele></trkpt>
      <trkpt lat="48.457168" lon="18.631301"><ele>334.8</ele></trkpt>
      <trkpt lat="48.45718" lon="18.631332"><ele>334.8</ele></trkpt>
      <trkpt lat="48.457187" lon="18.631369"><ele>334.6</ele></trkpt>
      <trkpt lat="48.457185" lon="18.631415"><ele>334.6</ele></trkpt>
      <trkpt lat="48.457173" lon="18.631457"><ele>334.2</ele></trkpt>
      <trkpt lat="48.457156" lon="18.631497"><ele>334.2</ele></trkpt>
      <trkpt lat="48.45714" lon="18.631533"><ele>334</ele></trkpt>
      <trkpt lat="48.457117" lon="18.631576"><ele>334</ele></trkpt>
      <trkpt lat="48.457097" lon="18.631613"><ele>334</ele></trkpt>
      <trkpt lat="48.457075" lon="18.631652"><ele>333.6</ele></trkpt>
      <trkpt lat="48.457054" lon="18.631691"><ele>333.4</ele></trkpt>
      <trkpt lat="48.457037" lon="18.631729"><ele>333.2</ele></trkpt>
      <trkpt lat="48.457015" lon="18.631771"><ele>333</ele></trkpt>
      <trkpt lat="48.456994" lon="18.631812"><ele>332.8</ele></trkpt>
      <trkpt lat="48.456974" lon="18.63185"><ele>332.8</ele></trkpt>
      <trkpt lat="48.456952" lon="18.631895"><ele>332.8</ele></trkpt>
      <trkpt lat="48.456932" lon="18.631935"><ele>332.8</ele></trkpt>
      <trkpt lat="48.456912" lon="18.631979"><ele>333</ele></trkpt>
      <trkpt lat="48.456895" lon="18.632019"><ele>333</ele></trkpt>
      <trkpt lat="48.456876" lon="18.632061"><ele>333</ele></trkpt>
      <trkpt lat="48.456857" lon="18.632099"><ele>333.2</ele></trkpt>
      <trkpt lat="48.456837" lon="18.63214"><ele>333.2</ele></trkpt>
      <trkpt lat="48.456816" lon="18.632181"><ele>333</ele></trkpt>
      <trkpt lat="48.456797" lon="18.632216"><ele>333</ele></trkpt>
      <trkpt lat="48.45678" lon="18.632254"><ele>332.8</ele></trkpt>
      <trkpt lat="48.456764" lon="18.632293"><ele>332.6</ele></trkpt>
      <trkpt lat="48.456749" lon="18.632326"><ele>332.2</ele></trkpt>
      <trkpt lat="48.456725" lon="18.632355"><ele>332</ele></trkpt>
      <trkpt lat="48.456705" lon="18.632391"><ele>331.8</ele></trkpt>
      <trkpt lat="48.456689" lon="18.632434"><ele>331.8</ele></trkpt>
      <trkpt lat="48.456669" lon="18.632479"><ele>331.6</ele></trkpt>
      <trkpt lat="48.456654" lon="18.632521"><ele>331.6</ele></trkpt>
      <trkpt lat="48.456638" lon="18.632562"><ele>331.6</ele></trkpt>
      <trkpt lat="48.45662" lon="18.632603"><ele>331.4</ele></trkpt>
      <trkpt lat="48.456604" lon="18.632646"><ele>331.4</ele></trkpt>
      <trkpt lat="48.456585" lon="18.632691"><ele>331.6</ele></trkpt>
      <trkpt lat="48.45657" lon="18.63273"><ele>331.4</ele></trkpt>
      <trkpt lat="48.456549" lon="18.632771"><ele>331.2</ele></trkpt>
      <trkpt lat="48.456531" lon="18.632811"><ele>331.2</ele></trkpt>
      <trkpt lat="48.456513" lon="18.632852"><ele>331.2</ele></trkpt>
      <trkpt lat="48.456492" lon="18.63289"><ele>331</ele></trkpt>
      <trkpt lat="48.456472" lon="18.632924"><ele>330.8</ele></trkpt>
      <trkpt lat="48.456445" lon="18.632957"><ele>330.6</ele></trkpt>
      <trkpt lat="48.456419" lon="18.632989"><ele>330.4</ele></trkpt>
      <trkpt lat="48.456399" lon="18.633015"><ele>330.2</ele></trkpt>
      <trkpt lat="48.456374" lon="18.633044"><ele>329.8</ele></trkpt>
      <trkpt lat="48.456351" lon="18.633075"><ele>329.8</ele></trkpt>
      <trkpt lat="48.456326" lon="18.633111"><ele>329.8</ele></trkpt>
      <trkpt lat="48.456302" lon="18.633145"><ele>329.6</ele></trkpt>
      <trkpt lat="48.456283" lon="18.633186"><ele>329.6</ele></trkpt>
      <trkpt lat="48.456264" lon="18.633213"><ele>329.4</ele></trkpt>
      <trkpt lat="48.456232" lon="18.633256"><ele>329.2</ele></trkpt>
      <trkpt lat="48.456204" lon="18.633295"><ele>329</ele></trkpt>
      <trkpt lat="48.456174" lon="18.633339"><ele>328.8</ele></trkpt>
      <trkpt lat="48.45615" lon="18.633379"><ele>328.4</ele></trkpt>
      <trkpt lat="48.456124" lon="18.633422"><ele>328</ele></trkpt>
      <trkpt lat="48.456103" lon="18.63345"><ele>327.8</ele></trkpt>
      <trkpt lat="48.456073" lon="18.633487"><ele>327.6</ele></trkpt>
      <trkpt lat="48.456047" lon="18.633518"><ele>327.4</ele></trkpt>
      <trkpt lat="48.456025" lon="18.633549"><ele>327</ele></trkpt>
      <trkpt lat="48.456" lon="18.633585"><ele>326.8</ele></trkpt>
      <trkpt lat="48.455981" lon="18.633615"><ele>326.8</ele></trkpt>
      <trkpt lat="48.455955" lon="18.633649"><ele>326.4</ele></trkpt>
      <trkpt lat="48.455931" lon="18.633687"><ele>326.2</ele></trkpt>
      <trkpt lat="48.455907" lon="18.633722"><ele>326</ele></trkpt>
      <trkpt lat="48.455882" lon="18.633755"><ele>325.8</ele></trkpt>
      <trkpt lat="48.45586" lon="18.633784"><ele>325.4</ele></trkpt>
      <trkpt lat="48.455834" lon="18.633819"><ele>325</ele></trkpt>
      <trkpt lat="48.45581" lon="18.633847"><ele>324.6</ele></trkpt>
      <trkpt lat="48.45579" lon="18.633879"><ele>324.4</ele></trkpt>
      <trkpt lat="48.455768" lon="18.633913"><ele>324.4</ele></trkpt>
      <trkpt lat="48.455749" lon="18.633944"><ele>324.4</ele></trkpt>
      <trkpt lat="48.455726" lon="18.633975"><ele>324.4</ele></trkpt>
      <trkpt lat="48.455709" lon="18.634"><ele>324.6</ele></trkpt>
      <trkpt lat="48.455693" lon="18.634027"><ele>324.6</ele></trkpt>
      <trkpt lat="48.455672" lon="18.634053"><ele>324.6</ele></trkpt>
      <trkpt lat="48.455655" lon="18.634078"><ele>324.6</ele></trkpt>
      <trkpt lat="48.455633" lon="18.634106"><ele>324.6</ele></trkpt>
      <trkpt lat="48.455616" lon="18.634132"><ele>324.6</ele></trkpt>
      <trkpt lat="48.455597" lon="18.63416"><ele>324.6</ele></trkpt>
      <trkpt lat="48.455577" lon="18.634188"><ele>324.4</ele></trkpt>
      <trkpt lat="48.455556" lon="18.634207"><ele>324.4</ele></trkpt>
      <trkpt lat="48.455535" lon="18.634234"><ele>324.2</ele></trkpt>
      <trkpt lat="48.455518" lon="18.634265"><ele>324.2</ele></trkpt>
      <trkpt lat="48.455499" lon="18.634297"><ele>324.2</ele></trkpt>
      <trkpt lat="48.45548" lon="18.634328"><ele>324</ele></trkpt>
      <trkpt lat="48.455461" lon="18.634354"><ele>323.8</ele></trkpt>
      <trkpt lat="48.455437" lon="18.634385"><ele>323.6</ele></trkpt>
      <trkpt lat="48.455412" lon="18.634412"><ele>323.6</ele></trkpt>
      <trkpt lat="48.455392" lon="18.634438"><ele>323.4</ele></trkpt>
      <trkpt lat="48.455364" lon="18.634455"><ele>323.4</ele></trkpt>
      <trkpt lat="48.455336" lon="18.634453"><ele>323</ele></trkpt>
      <trkpt lat="48.45531" lon="18.634426"><ele>322.8</ele></trkpt>
      <trkpt lat="48.455289" lon="18.634386"><ele>322.2</ele></trkpt>
      <trkpt lat="48.455263" lon="18.634348"><ele>322</ele></trkpt>
      <trkpt lat="48.45524" lon="18.634308"><ele>322</ele></trkpt>
      <trkpt lat="48.455219" lon="18.634277"><ele>321.8</ele></trkpt>
      <trkpt lat="48.455198" lon="18.634243"><ele>322</ele></trkpt>
      <trkpt lat="48.455177" lon="18.634213"><ele>321.8</ele></trkpt>
      <trkpt lat="48.455151" lon="18.634188"><ele>322</ele></trkpt>
      <trkpt lat="48.455118" lon="18.634171"><ele>322</ele></trkpt>
      <trkpt lat="48.455095" lon="18.634192"><ele>321.8</ele></trkpt>
      <trkpt lat="48.455065" lon="18.634212"><ele>321.6</ele></trkpt>
      <trkpt lat="48.45504" lon="18.63423"><ele>321.6</ele></trkpt>
      <trkpt lat="48.455019" lon="18.634252"><ele>321.4</ele></trkpt>
      <trkpt lat="48.454992" lon="18.634274"><ele>321.4</ele></trkpt>
      <trkpt lat="48.45497" lon="18.634297"><ele>321</ele></trkpt>
      <trkpt lat="48.454946" lon="18.634323"><ele>320.8</ele></trkpt>
      <trkpt lat="48.454921" lon="18.634347"><ele>320.8</ele></trkpt>
      <trkpt lat="48.454898" lon="18.634375"><ele>320.8</ele></trkpt>
      <trkpt lat="48.454875" lon="18.6344"><ele>320.8</ele></trkpt>
      <trkpt lat="48.454853" lon="18.634425"><ele>320.6</ele></trkpt>
      <trkpt lat="48.454828" lon="18.634454"><ele>320.8</ele></trkpt>
      <trkpt lat="48.454802" lon="18.63448"><ele>320.8</ele></trkpt>
      <trkpt lat="48.454779" lon="18.634506"><ele>321</ele></trkpt>
      <trkpt lat="48.454754" lon="18.634529"><ele>321</ele></trkpt>
      <trkpt lat="48.454731" lon="18.634551"><ele>320.8</ele></trkpt>
      <trkpt lat="48.454704" lon="18.634579"><ele>320.8</ele></trkpt>
      <trkpt lat="48.454676" lon="18.634603"><ele>320.6</ele></trkpt>
      <trkpt lat="48.454653" lon="18.634622"><ele>320.6</ele></trkpt>
      <trkpt lat="48.454629" lon="18.634643"><ele>320.4</ele></trkpt>
      <trkpt lat="48.454603" lon="18.634661"><ele>320.4</ele></trkpt>
      <trkpt lat="48.454581" lon="18.634679"><ele>320.4</ele></trkpt>
      <trkpt lat="48.454556" lon="18.634696"><ele>320.2</ele></trkpt>
      <trkpt lat="48.45453" lon="18.634708"><ele>320.2</ele></trkpt>
      <trkpt lat="48.454505" lon="18.63473"><ele>320</ele></trkpt>
      <trkpt lat="48.45448" lon="18.634745"><ele>319.8</ele></trkpt>
      <trkpt lat="48.454454" lon="18.634763"><ele>319.6</ele></trkpt>
      <trkpt lat="48.454432" lon="18.634782"><ele>319.6</ele></trkpt>
      <trkpt lat="48.454406" lon="18.634806"><ele>319.4</ele></trkpt>
      <trkpt lat="48.454384" lon="18.634831"><ele>319.6</ele></trkpt>
      <trkpt lat="48.454361" lon="18.634852"><ele>319.6</ele></trkpt>
      <trkpt lat="48.454335" lon="18.634871"><ele>319.8</ele></trkpt>
      <trkpt lat="48.454313" lon="18.634893"><ele>319.8</ele></trkpt>
      <trkpt lat="48.454288" lon="18.634907"><ele>319.6</ele></trkpt>
      <trkpt lat="48.454263" lon="18.63493"><ele>319.6</ele></trkpt>
      <trkpt lat="48.454242" lon="18.634949"><ele>319.6</ele></trkpt>
      <trkpt lat="48.454216" lon="18.634966"><ele>319.8</ele></trkpt>
      <trkpt lat="48.454194" lon="18.634985"><ele>320</ele></trkpt>
      <trkpt lat="48.454168" lon="18.634996"><ele>320.2</ele></trkpt>
      <trkpt lat="48.454141" lon="18.634998"><ele>320.2</ele></trkpt>
      <trkpt lat="48.454115" lon="18.635004"><ele>320</ele></trkpt>
      <trkpt lat="48.454085" lon="18.635011"><ele>319.6</ele></trkpt>
      <trkpt lat="48.454058" lon="18.635012"><ele>319.4</ele></trkpt>
      <trkpt lat="48.454031" lon="18.635021"><ele>319.4</ele></trkpt>
      <trkpt lat="48.453999" lon="18.635026"><ele>319.2</ele></trkpt>
      <trkpt lat="48.453974" lon="18.63503"><ele>319</ele></trkpt>
      <trkpt lat="48.45394" lon="18.63504"><ele>318.8</ele></trkpt>
      <trkpt lat="48.453909" lon="18.635045"><ele>318.8</ele></trkpt>
      <trkpt lat="48.453884" lon="18.635051"><ele>318.6</ele></trkpt>
      <trkpt lat="48.453855" lon="18.63506"><ele>318.4</ele></trkpt>
      <trkpt lat="48.453827" lon="18.635062"><ele>318.4</ele></trkpt>
      <trkpt lat="48.453802" lon="18.635067"><ele>318.8</ele></trkpt>
      <trkpt lat="48.453769" lon="18.635072"><ele>318.8</ele></trkpt>
      <trkpt lat="48.453741" lon="18.635081"><ele>319</ele></trkpt>
      <trkpt lat="48.453713" lon="18.635091"><ele>319</ele></trkpt>
      <trkpt lat="48.45369" lon="18.635104"><ele>319</ele></trkpt>
      <trkpt lat="48.453668" lon="18.63512"><ele>318.8</ele></trkpt>
      <trkpt lat="48.453646" lon="18.635141"><ele>318.6</ele></trkpt>
      <trkpt lat="48.453626" lon="18.635164"><ele>318.4</ele></trkpt>
      <trkpt lat="48.453611" lon="18.635192"><ele>318.4</ele></trkpt>
      <trkpt lat="48.453603" lon="18.635228"><ele>318.2</ele></trkpt>
      <trkpt lat="48.4536" lon="18.635273"><ele>318.4</ele></trkpt>
      <trkpt lat="48.453599" lon="18.635312"><ele>318.2</ele></trkpt>
      <trkpt lat="48.453595" lon="18.635353"><ele>318.2</ele></trkpt>
      <trkpt lat="48.453592" lon="18.635396"><ele>318.4</ele></trkpt>
      <trkpt lat="48.453592" lon="18.635429"><ele>318</ele></trkpt>
      <trkpt lat="48.453591" lon="18.635472"><ele>317.8</ele></trkpt>
      <trkpt lat="48.45359" lon="18.635516"><ele>318</ele></trkpt>
      <trkpt lat="48.453589" lon="18.635557"><ele>318</ele></trkpt>
      <trkpt lat="48.453589" lon="18.635594"><ele>318</ele></trkpt>
      <trkpt lat="48.453589" lon="18.635635"><ele>317.8</ele></trkpt>
      <trkpt lat="48.453587" lon="18.635677"><ele>317.8</ele></trkpt>
      <trkpt lat="48.453587" lon="18.635714"><ele>317.8</ele></trkpt>
      <trkpt lat="48.453585" lon="18.635757"><ele>317.6</ele></trkpt>
      <trkpt lat="48.453584" lon="18.635798"><ele>317.8</ele></trkpt>
      <trkpt lat="48.453585" lon="18.635833"><ele>318</ele></trkpt>
      <trkpt lat="48.453584" lon="18.63588"><ele>318</ele></trkpt>
      <trkpt lat="48.453594" lon="18.635917"><ele>317.8</ele></trkpt>
      <trkpt lat="48.453609" lon="18.635957"><ele>318</ele></trkpt>
      <trkpt lat="48.453625" lon="18.636"><ele>318</ele></trkpt>
      <trkpt lat="48.453642" lon="18.636033"><ele>318</ele></trkpt>
      <trkpt lat="48.453658" lon="18.636072"><ele>318</ele></trkpt>
      <trkpt lat="48.453675" lon="18.636109"><ele>318</ele></trkpt>
      <trkpt lat="48.453693" lon="18.636144"><ele>318</ele></trkpt>
      <trkpt lat="48.453712" lon="18.636185"><ele>318</ele></trkpt>
      <trkpt lat="48.45373" lon="18.636221"><ele>318.2</ele></trkpt>
      <trkpt lat="48.453751" lon="18.636264"><ele>318.2</ele></trkpt>
      <trkpt lat="48.453768" lon="18.636303"><ele>318.2</ele></trkpt>
      <trkpt lat="48.453788" lon="18.636347"><ele>318</ele></trkpt>
      <trkpt lat="48.453805" lon="18.636394"><ele>318</ele></trkpt>
      <trkpt lat="48.453821" lon="18.636428"><ele>318</ele></trkpt>
      <trkpt lat="48.453839" lon="18.636474"><ele>318</ele></trkpt>
      <trkpt lat="48.453857" lon="18.636516"><ele>318.2</ele></trkpt>
      <trkpt lat="48.453872" lon="18.636555"><ele>318.2</ele></trkpt>
      <trkpt lat="48.453889" lon="18.636601"><ele>318.4</ele></trkpt>
      <trkpt lat="48.453905" lon="18.636637"><ele>318.2</ele></trkpt>
      <trkpt lat="48.453923" lon="18.63668"><ele>318.2</ele></trkpt>
      <trkpt lat="48.453941" lon="18.636719"><ele>318.4</ele></trkpt>
      <trkpt lat="48.453953" lon="18.636755"><ele>318.4</ele></trkpt>
      <trkpt lat="48.453965" lon="18.636795"><ele>318.2</ele></trkpt>
      <trkpt lat="48.453983" lon="18.636835"><ele>318.2</ele></trkpt>
      <trkpt lat="48.454005" lon="18.636882"><ele>318.4</ele></trkpt>
      <trkpt lat="48.454022" lon="18.636925"><ele>318.4</ele></trkpt>
      <trkpt lat="48.454039" lon="18.636964"><ele>318.2</ele></trkpt>
      <trkpt lat="48.454051" lon="18.637008"><ele>318</ele></trkpt>
      <trkpt lat="48.454063" lon="18.637042"><ele>318</ele></trkpt>
      <trkpt lat="48.45408" lon="18.637088"><ele>317.8</ele></trkpt>
      <trkpt lat="48.454098" lon="18.63713"><ele>317.8</ele></trkpt>
      <trkpt lat="48.454113" lon="18.637169"><ele>317.6</ele></trkpt>
      <trkpt lat="48.454129" lon="18.63721"><ele>317.6</ele></trkpt>
      <trkpt lat="48.454144" lon="18.637244"><ele>317.6</ele></trkpt>
      <trkpt lat="48.454163" lon="18.637278"><ele>317.6</ele></trkpt>
      <trkpt lat="48.454186" lon="18.637302"><ele>317.4</ele></trkpt>
      <trkpt lat="48.454214" lon="18.637306"><ele>317.6</ele></trkpt>
      <trkpt lat="48.454241" lon="18.637306"><ele>317.4</ele></trkpt>
      <trkpt lat="48.454267" lon="18.6373"><ele>317.4</ele></trkpt>
      <trkpt lat="48.454295" lon="18.637288"><ele>317.4</ele></trkpt>
      <trkpt lat="48.454323" lon="18.637281"><ele>317.8</ele></trkpt>
      <trkpt lat="48.454356" lon="18.63727"><ele>317.8</ele></trkpt>
    </trkseg>
  </trk>
</gpx>